[Log version] 1
[Session] 015dcb16-d599-4506-98f0-f79b7437ceba
UTC time stamps
04:06:16.525 [Application] STARTUP: setup_crash_report, File: D:\a\d\eng\darktide\release\2026_08_11_Patch1.13.x\s\runtime\application\application.cpp, Line: 4840
04:06:16.525 [Application] STARTUP: DLCList::setup, File: D:\a\d\eng\darktide\release\2026_08_11_Patch1.13.x\s\runtime\application\application.cpp, Line: 4852
04:06:16.525 [Application] STARTUP: setup_timer, File: D:\a\d\eng\darktide\release\2026_08_11_Patch1.13.x\s\runtime\application\application.cpp, Line: 4855
04:06:16.525 [Application] STARTUP: make system_info, File: D:\a\d\eng\darktide\release\2026_08_11_Patch1.13.x\s\runtime\application\application.cpp, Line: 4867
04:06:16.525 [Application] STARTUP: setup_jobs, File: D:\a\d\eng\darktide\release\2026_08_11_Patch1.13.x\s\runtime\application\application.cpp, Line: 4870
04:06:16.529 [Application] STARTUP: setup_resources, File: D:\a\d\eng\darktide\release\2026_08_11_Patch1.13.x\s\runtime\application\application.cpp, Line: 4887
04:06:16.595 [DirectStorage] Succeded to init direct storage with default values:
	DisableBypassIO=true
	ForceFileBuffering=false
	ForceMappingLayer=false
04:06:16.607 [Application] STARTUP: setup_imgui, File: D:\a\d\eng\darktide\release\2026_08_11_Patch1.13.x\s\runtime\application\application.cpp, Line: 4891
04:06:16.608 [Application] STARTUP: make game, File: D:\a\d\eng\darktide\release\2026_08_11_Patch1.13.x\s\runtime\application\application.cpp, Line: 4913
04:06:16.608 [Application] STARTUP: init steam, File: D:\a\d\eng\darktide\release\2026_08_11_Patch1.13.x\s\runtime\application\application.cpp, Line: 4918
04:06:16.641 [Application] STARTUP: setup renderer, File: D:\a\d\eng\darktide\release\2026_08_11_Patch1.13.x\s\runtime\application\application.cpp, Line: 4944
04:06:16.648 [Application] Using subresource TLSF allocator: true
04:06:16.880 [HTTP Cache] Initialized cache: C:\users\steamuser\AppData\Roaming\Fatshark\Darktide\http_cache.db
04:06:16.880 [HTTP Cache] Cache file size: 181356 kB
04:06:17.116 [DXGIHelper] choosing adapter: 0 (NVIDIA GeForce RTX 3080 Ti)
04:06:17.886 [D3D12_RENDER_DEVICE] TILED RESOURCES TIER2 SUPPORTED: true
04:06:17.886 [D3D12_RENDER_DEVICE] D3D12_RAYTRACING_TIER_1_1 SUPPORTED: true
04:06:18.062 error:   [d3d12 pipeline state] Failed to create pipeline library from shader cache with error 0x887e0002
<<Error Context>>
stingray::RenderInterface::internal_open_renderer	time: 1.41374 s
<</Error Context>>
04:06:18.062 warning: [Profiler] [renderer] Stall 119 ms on frame 0: 
    initialize_pso_library 119 ms
04:06:18.067 warning: [Profiler] [main] Stall 1419 ms on frame 0: 
    RI::wait_for_fence 1419 ms
04:06:18.067 [Application] --- CPU
CPU: AMD Ryzen 9 5900X 12-Core Processor            
Vendor: AuthenticAMD
Logical processors: 24
Family: 10:15, Model: 2:1
Type: 0, Stepping: 0
Features: SSE SSE2 SSE3 SSSE3 SSE4.1
Feature bits:
EBX: 00001011 00011000 00001000 00000000 
ECX: 01111110 11111000 00110010 00001011 
EDX: 00010111 10001011 11111011 11111111 
--- Memory
Physical   Total:     64206MB
           Available: 55824MB
--- OS
Windows version 10.0 build 22000, 64 bit
Windows 11
Wine version 11.0
Machine ID eb91b5c4-a511-463b-8ae8-785e1774df88
--- Graphics
Graphics card: NVIDIA GeForce RTX 3080 Ti (DirectX 12.1, 12256MB) Driver version: 61571 Hardware Accelerated GPU scheduler: false 
--- Desktops
Monitor 0 (3440x1440): left=0 top=0 right=3440 bottom=1440 
Monitor 1 (1920x1080): left=-1920 top=1440 right=0 bottom=2520 
Monitor 2 (2560x1440): left=-2560 top=0 right=0 bottom=1440 
--- Network
Network interface: enp38s0 (IPv4, IPv6)
Network interface: wlo1
--- Input
No input devices detected.
--- Volume
Volume for path 'S:\common\Warhammer 40,000 DARKTIDE\binaries\..\bundle' is on SSD

	full volume information
	name: S:\
	filesystem: NTFS
	drives: 1
		1. drive type: SSD, bus type: Scsi

04:06:18.067 [Application] STARTUP: setup_window, File: D:\a\d\eng\darktide\release\2026_08_11_Patch1.13.x\s\runtime\application\application.cpp, Line: 4948
04:06:18.068 [Window] Opening window at 0, 0 with size 3440x1440
04:06:18.092 [Application] STARTUP: setup input, File: D:\a\d\eng\darktide\release\2026_08_11_Patch1.13.x\s\runtime\application\application.cpp, Line: 4965
04:06:18.094 [Application] STARTUP: register resources, File: D:\a\d\eng\darktide\release\2026_08_11_Patch1.13.x\s\runtime\application\application.cpp, Line: 4968
04:06:18.103 [WwisePlugin] Initializing Wwise v2021.1.14
04:06:18.105 [Application] STARTUP: setup physics, File: D:\a\d\eng\darktide\release\2026_08_11_Patch1.13.x\s\runtime\application\application.cpp, Line: 4974
04:06:18.105 [Application] STARTUP: config renderer, File: D:\a\d\eng\darktide\release\2026_08_11_Patch1.13.x\s\runtime\application\application.cpp, Line: 4977
04:06:18.241 warning: [Profiler] [main] Stall 114 ms on frame 0: 
    PatchedResourcePackage::flush 136 ms
        PatchedResourcePackage::finish_loading 136 ms
            ResourceManager::flush(prio) 114 ms
                ResourceLoader::wait_result 114 ms
                    output resource loader 114 ms
04:06:18.261 warning: [Profiler] [renderer] Stall 193 ms on frame 0: 
    ThreadPool::do_work_while_waiting_for_event 193 ms
04:06:18.295 [RenderInterface] Creating swapchain with render resolution: 3440x1440
04:06:18.392 [RenderInterface] user specified render setting: `cached_local_lights_shadow_atlas_size` doesn't exist in render settings -- skipping
04:06:18.392 [RenderInterface] user specified render setting: `max_shadow_casting_lights` doesn't exist in render settings -- skipping
04:06:18.392 [RenderInterface] user specified render setting: `subresource_tlsf_allocator` doesn't exist in render settings -- skipping
04:06:18.392 [RenderInterface] user specified render setting: `vertical_fov` doesn't exist in render settings -- skipping
04:06:18.392 [RenderInterface] user specified render setting: `local_lights_shadow_atlas_size` doesn't exist in render settings -- skipping
04:06:18.392 [RenderInterface] user specified render setting: `max_shadow_casting_lights` doesn't exist in render settings -- skipping
04:06:18.421 [D3D12_RENDER_DEVICE] GPU Support FFX SR 3.1.5
04:06:18.421 [D3D12_RENDER_DEVICE] GPU Support FFX SR 2.3.4
04:06:18.421 [D3D12_RENDER_DEVICE] GPU Support FFX FrameGen 3.1.6
04:06:19.469 warning: [Profiler] [renderer] Stall 1077 ms on frame 0: 
    ThreadPool::do_work_while_waiting_for_event 1077 ms
04:06:19.620 warning: [Profiler] [main] Stall 1228 ms on frame 0: 
    RenderInterface::setup 1228 ms
04:06:19.620 [Application] STARTUP: setup boot packages, File: D:\a\d\eng\darktide\release\2026_08_11_Patch1.13.x\s\runtime\application\application.cpp, Line: 4980
04:06:22.441 warning: [Profiler] [main] Stall 2772 ms on frame 0: 
    Application::setup_boot_package 2804 ms
        PatchedResourcePackage::flush 2804 ms
            PatchedResourcePackage::finish_loading 2804 ms
                ResourceManager::flush(prio) 2772 ms
04:06:22.443 [Application] STARTUP: setup physics properties, File: D:\a\d\eng\darktide\release\2026_08_11_Patch1.13.x\s\runtime\application\application.cpp, Line: 4982
04:06:22.443 [Application] STARTUP: setup network, File: D:\a\d\eng\darktide\release\2026_08_11_Patch1.13.x\s\runtime\application\application.cpp, Line: 4984
04:06:22.444 [Save] Save dir: `C:\users\steamuser\AppData\Roaming\Fatshark\Darktide`
04:06:22.444 [Application] STARTUP: game init, File: D:\a\d\eng\darktide\release\2026_08_11_Patch1.13.x\s\runtime\application\application.cpp, Line: 5032
04:06:22.468 [odin_main] ODIN plugin_load start
04:06:22.469 [Lua] [Mod] Loading ./../mods/base/function/require.lua
04:06:22.469 [Lua] [Mod] Loading ./../mods/base/function/class.lua
04:06:22.470 [Lua] INFO [Log Internal] Global log level set to: 1
04:06:22.470 [Lua] INFO [Log Internal] Exceptions will be handled as warnings
04:06:22.470 [Lua] DEBUG [GameStateDebug] [Main] Init statemachine with 'StateBoot'
04:06:22.470 [Lua] DEBUG [GameStateDebug] Updated State: Main(StateBoot)
04:06:22.470 [Lua] DEBUG [GameStateDebug] [Boot] Init statemachine with 'BootStateSetGlobals'
04:06:22.470 [Lua] DEBUG [GameStateDebug] Updated State: Main(StateBoot)> Boot(BootStateSetGlobals)
04:06:22.470 [Lua] [DMF]: Initializing basic mod hook system...
04:06:22.470 [Lua] [Mod] Loading ./../mods/base/function/hook.lua
04:06:22.471 [Lua] [Mod] Loading ./../mods/base/mod_manager.lua
04:06:22.472 [Lua] INFO [Base] Hooking _G.CLASS.BootStateRequireGameScripts._state_update
04:06:22.472 [Application] STARTUP: Activate game plugins, File: D:\a\d\eng\darktide\release\2026_08_11_Patch1.13.x\s\runtime\application\application.cpp, Line: 5040
04:06:22.472 [odin_main] ODIN plugin_init complete
04:06:22.472 [Application] STARTUP: pre update loop, File: D:\a\d\eng\darktide\release\2026_08_11_Patch1.13.x\s\runtime\application\application.cpp, Line: 5540
04:06:22.474 [Lua] DEBUG [GameStateDebug] [Boot] Changing state 'BootStateSetGlobals' -> 'BootStateApplyPatches'
04:06:22.474 [Lua] DEBUG [GameStateDebug] Updated State: Main(StateBoot)> Boot(BootStateApplyPatches)
04:06:22.474 [Lua] DEBUG [BootStateApplyPatches] Applying patch: scripts/foundation/patches/ban_mixing_require_and_dofile
04:06:22.474 [Lua] DEBUG [BootStateApplyPatches] Applying patch: scripts/foundation/patches/ban_popen
04:06:22.474 [Lua] DEBUG [BootStateApplyPatches] Applying patch: scripts/foundation/patches/extended_unit_info
04:06:22.474 [Lua] DEBUG [BootStateApplyPatches] Applying patch: scripts/foundation/patches/import_imgui_generated
04:06:22.474 [Lua] DEBUG [BootStateApplyPatches] Applying patch: scripts/foundation/patches/merge_math_modules
04:06:22.474 [Lua] DEBUG [BootStateApplyPatches] Applying patch: scripts/foundation/patches/network_init
04:06:22.474 [Lua] DEBUG [BootStateApplyPatches] Applying patch: scripts/foundation/patches/profile_table_clone
04:06:22.474 [Lua] DEBUG [BootStateApplyPatches] Applying patch: scripts/foundation/patches/register_gui_worlds
04:06:22.474 [Lua] DEBUG [BootStateApplyPatches] Applying patch: scripts/foundation/patches/reset_profiler_depth_on_pcall
04:06:22.474 [Lua] DEBUG [BootStateApplyPatches] Applying patch: scripts/foundation/patches/scrub_dangerous_functions
04:06:22.474 [Lua] DEBUG [BootStateApplyPatches] Applying patch: scripts/foundation/patches/table_new_builtin
04:06:22.474 [Lua] DEBUG [BootStateApplyPatches] Applying patch: scripts/foundation/patches/user_settings_for_consoles
04:06:22.474 [Lua] DEBUG [BootStateApplyPatches] Applying patch: scripts/foundation/patches/lock_down_raycast
04:06:22.475 [Lua] DEBUG [GameStateDebug] [Boot] Changing state 'BootStateApplyPatches' -> 'BootStateResolveParameters'
04:06:22.475 [Lua] DEBUG [GameStateDebug] Updated State: Main(StateBoot)> Boot(BootStateResolveParameters)
04:06:22.476 [Lua] INFO [ParameterResolver] Resolving Game Parameters
04:06:22.476 [Lua] INFO [ParameterResolver] Resolving Development Parameters
04:06:22.476 [Lua] INFO [Log Internal] Global log level set to: 2
04:06:24.187 [Lua] INFO [LocalizationManager] Setup localizers
04:06:24.247 [Lua] <<crashify-breadcrumb>>
             	<<timestamp>7.720869<</timestamp>>
             	<<value>>Entering Game State BootStateInitCrashify<</value>>
             <</crashify-breadcrumb>>
04:06:24.247 [Lua] <<crashify-property>>project = darktide<</crashify-property>>
04:06:24.247 [Lua] <<crashify-property>>project_branch = rel_Patch1.13.x_external<</crashify-property>>
04:06:24.247 [Lua] <<crashify-property>>build = release<</crashify-property>>
04:06:24.247 [Lua] <<crashify-property>>content_revision = 138291<</crashify-property>>
04:06:24.247 [Lua] <<crashify-property>>engine_revision = cc9ec9e0ff3f5656b358ea05e1c4494d9b8003ea<</crashify-property>>
04:06:24.247 [Lua] <<crashify-property>>rendering_backend = dx12<</crashify-property>>
04:06:24.247 [Lua] <<crashify-property>>teamcity_build_id = 806780<</crashify-property>>
04:06:24.247 [Lua] <<crashify-property>>server = false<</crashify-property>>
04:06:24.247 [Lua] <<crashify-property>>is_modded = true<</crashify-property>>
04:06:24.247 [Lua] <<crashify-property>>launcher_verification_passed = false<</crashify-property>>
04:06:24.247 [Lua] <<crashify-property>>game_version = 1.13.0-b806780<</crashify-property>>
04:06:24.247 [Lua] <<crashify-property>>game_resume_count = 0<</crashify-property>>
04:06:24.247 [Lua] <<crashify-property>>auth_platform = steam<</crashify-property>>
04:06:24.247 [Lua] <<crashify-property>>machine_id = eb91b5c4-a511-463b-8ae8-785e1774df88<</crashify-property>>
04:06:24.248 [Lua] <<crashify-property>>steam = true<</crashify-property>>
04:06:24.248 [Lua] <<crashify-property>>steam_id = 01100001058c8926<</crashify-property>>
04:06:24.248 [Lua] <<crashify-property>>steam_user_name = Jeff From Marketing<</crashify-property>>
04:06:24.248 [Lua] <<crashify-property>>steam_app_id = 1361210<</crashify-property>>
04:06:24.248 [Lua] INFO [Crashify] Ready!
04:06:24.248 [Lua] INFO [Log Internal] Exceptions will be handled by Crashify
04:06:24.280 [Lua] <<crashify-breadcrumb>>
             	<<timestamp>7.754217<</timestamp>>
             	<<value>>Entering Game State BootStateInitTestify<</value>>
             <</crashify-breadcrumb>>
04:06:24.281 [Lua] INFO [Testify] Ready!
04:06:24.317 [Lua] <<crashify-breadcrumb>>
             	<<timestamp>7.787566<</timestamp>>
             	<<value>>Entering Game State BootStateRequireGameScripts<</value>>
             <</crashify-breadcrumb>>
04:06:24.565 [Lua] INFO [Uncategorized] [ModManager] Starting mod manager...
04:06:24.565 [Lua] INFO [Base] Hooking _G.CLASS.StateGame.update
04:06:24.565 [Lua] INFO [Base] Hooking _G.CLASS.StateSplash.on_enter
04:06:24.565 [Lua] INFO [Base] Hooking _G.CLASS.GameStateMachine._change_state
04:06:24.565 [Lua] INFO [Base] Hooking _G.CLASS.GameStateMachine.destroy
04:06:24.566 warning: [Profiler] [main] Stall 249 ms on frame 57: 
    Application::update 252 ms
        game update 252 ms
            MyGame::update 252 ms
                Lua->update 249 ms
04:06:24.566 warning: [Profiler] [renderer] Stall 275 ms on frame 57: 
    ThreadPool::do_work_while_waiting_for_event 275 ms
04:06:24.644 [Lua] INFO [Uncategorized] [ModManager][warning] Ignored on_game_state_changed call due to being in state "scanning"
04:06:24.644 [Lua] <<crashify-breadcrumb>>
             	<<timestamp>8.040095<</timestamp>>
             	<<value>>Entering Game State BootStateLoadAudioSettings<</value>>
             <</crashify-breadcrumb>>
04:06:24.644 [Lua] INFO [Uncategorized] [ModManager][warning] Ignored on_game_state_changed call due to being in state "scanning"
04:06:24.723 [Lua] INFO [Uncategorized] [ModManager][warning] Ignored on_game_state_changed call due to being in state "scanning"
04:06:24.723 [Lua] <<crashify-breadcrumb>>
             	<<timestamp>8.121063<</timestamp>>
             	<<value>>Entering Game State BootStateActivatePlugins<</value>>
             <</crashify-breadcrumb>>
04:06:24.723 [Lua] INFO [Uncategorized] [ModManager][warning] Ignored on_game_state_changed call due to being in state "scanning"
04:06:24.724 [Lua] INFO [Uncategorized] [ModManager][warning] Ignored on_game_state_changed call due to being in state "scanning"
04:06:24.724 [Lua] <<crashify-breadcrumb>>
             	<<timestamp>8.197923<</timestamp>>
             	<<value>>Entering Game State BootStateStartupTests<</value>>
             <</crashify-breadcrumb>>
04:06:24.724 [Lua] INFO [Uncategorized] [ModManager][warning] Ignored on_game_state_changed call due to being in state "scanning"
04:06:24.758 [Lua] INFO [Uncategorized] [ModManager][warning] Ignored on_game_state_changed call due to being in state "scanning"
04:06:24.758 [Lua] <<crashify-breadcrumb>>
             	<<timestamp>8.231274<</timestamp>>
             	<<value>>Entering Game State BootStateLast<</value>>
             <</crashify-breadcrumb>>
04:06:24.758 [Lua] INFO [Uncategorized] [ModManager][warning] Ignored on_game_state_changed call due to being in state "scanning"
04:06:24.791 [Lua] INFO [Uncategorized] [ModManager][warning] Ignored on_game_state_changed call due to being in state "scanning"
04:06:24.791 [Lua] INFO [Uncategorized] [ModManager][warning] Ignored on_game_state_changed call due to being in state "scanning"
04:06:24.791 [Lua] <<crashify-breadcrumb>>
             	<<timestamp>8.264628<</timestamp>>
             	<<value>>Entering Game State StateGame<</value>>
             <</crashify-breadcrumb>>
04:06:24.791 [Lua] INFO [Input Manager] Adding a default setting for input service type [Debug]
04:06:24.791 [Lua] INFO [Input Manager] Adding a default setting for input service type [FreeFlight]
04:06:24.791 [Lua] INFO [Input Manager] Adding a default setting for input service type [Ingame]
04:06:24.791 [Lua] INFO [Input Manager] Adding a default setting for input service type [Imgui]
04:06:24.792 [Lua] INFO [Input Manager] Adding a default setting for input service type [View]
04:06:24.794 [Lua] INFO [Input Manager] Created a InputService of type [View]
04:06:24.795 [Lua] INFO [Input Manager] Created a InputService of type [Ingame]
04:06:24.796 [Lua] INFO [Input Manager] Created a InputService of type [Imgui]
04:06:24.796 [Lua] INFO [Input Manager] Created a InputService of type [FreeFlight]
04:06:24.797 [Lua] INFO [Input Manager] Created a InputService of type [Debug]
04:06:24.798 [Lua] INFO [PrivilegesManager] Using permissive privileges manager
04:06:24.798 [Lua] INFO [PrivilegesManager] Using permissive privileges manager
04:06:24.798 [Lua] INFO [Input Manager] Init device: ps4_controller, 1
04:06:24.798 [Lua] INFO [Input Manager] Init device: ps4_controller, 2
04:06:24.798 [Lua] INFO [Input Manager] Init device: ps4_controller, 3
04:06:24.798 [Lua] INFO [Input Manager] Init device: ps4_controller, 4
04:06:24.798 [Lua] INFO [Input Manager] Init device: keyboard, 1
04:06:24.798 [Lua] INFO [Input Manager] Init device: mouse, 1
04:06:24.798 [Lua] INFO [Input Manager] Init device: xbox_controller, 1
04:06:24.798 [Lua] INFO [Input Manager] Init device: xbox_controller, 2
04:06:24.798 [Lua] INFO [Input Manager] Init device: xbox_controller, 3
04:06:24.798 [Lua] INFO [Input Manager] Init device: xbox_controller, 4
04:06:24.798 [Lua] INFO [Input Manager] Using input from: ps4_controller(1), it being the latest having a button pressed
04:06:24.799 [Lua] INFO [MechanismManager] Initialized without mechanism
04:06:24.799 [Lua] INFO [ConnectionManager] Combined hash: 14bcaf03c894f16b
04:06:24.799 [Lua] INFO [ConnectionManager] network hash: c242d5699fd7e30b, svn revision: 138291, project hash: bishop, argument hash: , stripping hash: 
04:06:24.800 [Lua] INFO [PrivilegesManager] Using permissive privileges manager
04:06:24.800 [Lua] <<crashify-property>>game_session_id = afaf6eca-aff5-431a-b93d-a027a4bfbdc2<</crashify-property>>
04:06:24.800 [Lua] INFO [AccountManager] Using steam account manager
04:06:24.811 [Lua] <<crashify-breadcrumb>>
             	<<timestamp>8.264628<</timestamp>>
             	<<value>>Entering Game State StateSplash<</value>>
             <</crashify-breadcrumb>>
04:06:24.811 [Lua] INFO [Uncategorized] [ModManager][warning] Ignored on_game_state_changed call due to being in state "scanning"
04:06:24.811 [Lua] INFO [Uncategorized] [ModManager][warning] Ignored on_game_state_changed call due to being in state "scanning"
04:06:24.811 [Lua] [Mod] Loading ./../mods/mod_load_order.txt
04:06:24.811 [Lua] [Mod] Loading ./../mods/dmf/dmf.mod
04:06:24.812 [Lua] <<crashify-property>>Mod:dmf = true<</crashify-property>>
04:06:24.812 [Lua] INFO [Uncategorized] [ModManager] Loading mod dmf with id 1
04:06:24.813 [Lua] INFO [ConstantElementLoading] State changed nil -> 
04:06:24.813 [Lua] [Mod] Loading ./../mods/dmf/scripts/mods/dmf/dmf_loader.lua
04:06:24.815 [Lua] [Mod] Loading ./../mods/dmf/scripts/mods/dmf/modules/dmf_mod_data.lua
04:06:24.816 [Lua] [Mod] Loading ./../mods/dmf/scripts/mods/dmf/modules/dmf_mod_manager.lua
04:06:24.817 [Lua] Init DMF mod 'DMF' [load_order_name: 'dmf', load_order_id: 1]
04:06:24.817 [Lua] [Mod] Loading ./../mods/dmf/scripts/mods/dmf/modules/dmf_package_manager.lua
04:06:24.818 [Lua] [Mod] Loading ./../mods/dmf/scripts/mods/dmf/modules/core/safe_calls.lua
04:06:24.819 [Lua] [Mod] Loading ./../mods/dmf/scripts/mods/dmf/modules/core/events.lua
04:06:24.820 [Lua] [Mod] Loading ./../mods/dmf/scripts/mods/dmf/modules/core/settings.lua
04:06:24.824 [Lua] [Mod] Loading ./../mods/dmf/scripts/mods/dmf/modules/core/logging.lua
04:06:24.825 [Lua] [Mod] Loading ./../mods/dmf/scripts/mods/dmf/modules/core/misc.lua
04:06:24.825 [Lua] [Mod] Loading ./../mods/dmf/scripts/mods/dmf/modules/core/persistent_tables.lua
04:06:24.826 [Lua] [Mod] Loading ./../mods/dmf/scripts/mods/dmf/modules/core/io.lua
04:06:24.830 [Lua] [MOD][DMF][INFO] (hook): Hooking 'class' from [_G] (Origin: function: 0x00ec8708)
04:06:24.830 [Lua] [MOD][DMF][INFO] (hook_safe): Hooking 'start_simulate_action' from [InputService] (Origin: function: 0x07dca268)
04:06:24.830 [Lua] [MOD][DMF][INFO] (hook_safe): Hooking 'stop_simulate_action' from [InputService] (Origin: function: 0x07dca288)
04:06:24.830 [Lua] [MOD][DMF][INFO] (hook_safe): Hooking 'update' from [InputManager] (Origin: function: 0x07dcb0b8)
04:06:24.830 [Lua] [MOD][DMF][INFO] (hook): Hooking 'require' from [_G] (Origin: function: 0x00eae548)
04:06:24.833 [Lua] [MOD][DMF][INFO] (hook): Hooking 'localize' from [LocalizationManager] (Origin: function: 0x00eaef78)
04:06:24.839 [Lua] [MOD][DMF][INFO] (hook_safe): Hooking '_setup_elements' from [UIHud] (Origin: function: 0x0900f308)
04:06:24.839 [Lua] [MOD][DMF][INFO] (hook): Hooking 'destroy' from [UIHud] (Origin: function: 0x0900f818)
04:06:24.841 [Lua] [MOD][DMF][INFO] (hook_safe): [ViewLoader.init] needs to be delayed.
04:06:24.841 [Lua] [MOD][DMF][INFO] (hook_safe): Hooking 'load_view' from [UIManager] (Origin: function: 0x09054f20)
04:06:24.841 [Lua] [MOD][DMF][INFO] (hook_safe): Hooking 'unload_view' from [UIManager] (Origin: function: 0x09054f88)
04:06:24.841 [Lua] [MOD][DMF][INFO] (hook_safe): Hooking 'init' from [UIViewHandler] (Origin: function: 0x09020720)
04:06:24.841 [Lua] [MOD][DMF][INFO] (hook_safe): Hooking 'start_key_watch' from [InputManager] (Origin: function: 0x07dcb3c0)
04:06:24.842 [Lua] [MOD][DMF][INFO] (hook_safe): Hooking 'stop_key_watch' from [InputManager] (Origin: function: 0x07dcb3e0)
04:06:24.842 [Lua] [MOD][DMF][INFO] (hook): Hooking '_handle_active_chat_input' from [ConstantElementChat] (Origin: function: 0x08dbfed0)
04:06:24.842 [Lua] [MOD][DMF][INFO] (hook): Hooking '_draw_widgets' from [ConstantElementChat] (Origin: function: 0x08baa7a0)
04:06:24.846 [Lua] [MOD][DMF][INFO] (hook_origin): Hooking '_check_reload' from [ModManager] (Origin: function: 0x00ef78d8)
04:06:24.848 [Lua] [MOD][DMF][INFO] (hook_safe): Hooking '_handle_input' from [ConstantElementChat] (Origin: function: 0x08dbfeb0)
04:06:24.848 [Lua] [MOD][DMF][INFO] (hook): Hooking 'destroy' from [table: 0x08feded8] (Origin: function: 0x08fedfb8)
04:06:24.848 [Lua] [MOD][DMF][INFO] (hook): Hooking 'destroy' from [ModManager] (Origin: function: 0x00efa7c0)
04:06:24.848 [Lua] [Mod] Loading ./../mods/LogMeIn/LogMeIn.mod
04:06:24.849 [Lua] <<crashify-property>>Mod:LogMeIn = true<</crashify-property>>
04:06:24.849 [Lua] INFO [Uncategorized] [ModManager] Loading mod LogMeIn with id 2
04:06:24.849 [Lua] INFO [Uncategorized] [ModManager][warning] Ignored on_game_state_changed call due to being in state "loading"
04:06:24.849 [Lua] INFO [PresenceManager] Activity changed splash_screen -> title_screen
04:06:24.849 [Lua] <<crashify-breadcrumb>>
             	<<timestamp>8.287308<</timestamp>>
             	<<value>>Entering Game State StateTitle<</value>>
             <</crashify-breadcrumb>>
04:06:24.849 [Lua] INFO [Uncategorized] [ModManager][warning] Ignored on_game_state_changed call due to being in state "loading"
04:06:24.850 [Lua] INFO [ConstantElementLoading] State changed  -> StateTitle
04:06:24.851 [Lua] Init DMF mod 'LogMeIn' [load_order_name: 'LogMeIn', load_order_id: 2]
04:06:24.853 [Lua] [MOD][LogMeIn][INFO] (hook_safe): Hooking 'on_enter' from [TitleView] (Origin: function: 0x02111370)
04:06:24.853 [Lua] [MOD][LogMeIn][INFO] (hook_safe): [MainMenuView._set_waiting_for_profiles] needs to be delayed.
04:06:24.853 [Lua] [Mod] Loading ./../mods/SimpleAssets/SimpleAssets.mod
04:06:24.854 [Lua] <<crashify-property>>Mod:SimpleAssets = true<</crashify-property>>
04:06:24.854 [Lua] INFO [Uncategorized] [ModManager] Loading mod SimpleAssets with id 3
04:06:24.875 [Lua] INFO [SaveData] Populating save data.
04:06:24.905 [Lua] Init DMF mod 'SimpleAssets' [load_order_name: 'SimpleAssets', load_order_id: 3]
04:06:24.956 [Lua] [MOD][SimpleAssets][INFO] SimpleAssets runtime listening on 127.0.0.1:44487
04:06:24.956 [Lua] [Mod] Loading ./../mods/SimpleAudio/SimpleAudio.mod
04:06:24.956 [Lua] <<crashify-property>>Mod:SimpleAudio = true<</crashify-property>>
04:06:24.956 [Lua] INFO [Uncategorized] [ModManager] Loading mod SimpleAudio with id 4
04:06:24.975 warning: [ResourceManager] Don't know how to load `#ID[81f59b9ae1d7ebc2]` `#ID[87dc8d65c44e1bef]`
04:06:24.975 warning: [ResourceManager] Don't know how to load `#ID[81f59b9ae1d7ebc2]` `#ID[b1c784f33db81f02]`
04:06:24.978 [Lua] Init DMF mod 'SimpleAudio' [load_order_name: 'SimpleAudio', load_order_id: 4]
04:06:25.009 [Lua] [Mod] Loading ./../mods/master_item_community_patch/master_item_community_patch.mod
04:06:25.010 [Lua] <<crashify-property>>Mod:master_item_community_patch = true<</crashify-property>>
04:06:25.010 [Lua] INFO [Uncategorized] [ModManager] Loading mod master_item_community_patch with id 5
04:06:25.017 [Lua] Init DMF mod 'master_item_community_patch' [load_order_name: 'master_item_community_patch', load_order_id: 5]
04:06:25.019 [Lua] [Mod] Loading ./../mods/AccurateCurioNames/AccurateCurioNames.mod
04:06:25.020 [Lua] <<crashify-property>>Mod:AccurateCurioNames = true<</crashify-property>>
04:06:25.020 [Lua] INFO [Uncategorized] [ModManager] Loading mod AccurateCurioNames with id 6
04:06:25.033 [Lua] Init DMF mod 'AccurateCurioNames' [load_order_name: 'AccurateCurioNames', load_order_id: 6, version: '2.0.0', author: 'xsSplater']
04:06:25.038 [Lua] [Mod] Loading ./../mods/Auto-9 Assistive Reticule/Auto-9 Assistive Reticule.mod
04:06:25.038 [Lua] <<crashify-property>>Mod:Auto-9 Assistive Reticule = true<</crashify-property>>
04:06:25.038 [Lua] INFO [Uncategorized] [ModManager] Loading mod Auto-9 Assistive Reticule with id 7
04:06:25.049 [Lua] Init DMF mod 'Auto-9 Assistive Reticule' [load_order_name: 'Auto-9 Assistive Reticule', load_order_id: 7, version: '1.5.0', author: 'Wobin']
04:06:25.067 [Lua] [MOD][Auto-9 Assistive Reticule][INFO] (hook): [OutlineSystem.add_outline] needs to be delayed.
04:06:25.067 [Lua] [MOD][Auto-9 Assistive Reticule][INFO] (hook): [OutlineSystem.remove_outline] needs to be delayed.
04:06:25.067 [Lua] [Mod] Loading ./../mods/better_buff_management/better_buff_management.mod
04:06:25.103 [Lua] <<crashify-property>>Mod:better_buff_management = true<</crashify-property>>
04:06:25.103 [Lua] INFO [Uncategorized] [ModManager] Loading mod better_buff_management with id 8
04:06:25.105 [Lua] Init DMF mod 'better_buff_management' [load_order_name: 'better_buff_management', load_order_id: 8]
04:06:25.211 [Lua] [MOD][better_buff_management][INFO] (hook): Hooking 'init' from [UIHud] (Origin: function: 0x0900ea40)
04:06:25.211 [Lua] [MOD][better_buff_management][INFO] (hook): Hooking '_add_element' from [UIHud] (Origin: function: 0x0900f368)
04:06:25.211 [Lua] [MOD][better_buff_management][INFO] (hook_safe): Hooking 'event_player_buff_added' from [HudElementPlayerBuffs] (Origin: function: 0x08864c80)
04:06:25.211 [Lua] [MOD][better_buff_management][INFO] (hook_safe): Hooking '_sync_current_active_buffs' from [HudElementPlayerBuffs] (Origin: function: 0x0885ce98)
04:06:25.212 [Lua] [MOD][better_buff_management][INFO] (hooks): Enabling all hooks for mod: better_buff_management
04:06:25.212 [Lua] [Mod] Loading ./../mods/better_downed_indicators/better_downed_indicators.mod
04:06:25.213 [Lua] <<crashify-property>>Mod:better_downed_indicators = true<</crashify-property>>
04:06:25.213 [Lua] INFO [Uncategorized] [ModManager] Loading mod better_downed_indicators with id 9
04:06:25.213 warning: [Profiler] [main] Stall 108 ms on frame 70: 
    Application::update 109 ms
        game update 109 ms
            MyGame::update 109 ms
                Lua->update 108 ms
04:06:25.213 warning: [Profiler] [renderer] Stall 108 ms on frame 70: 
    ThreadPool::do_work_while_waiting_for_event 108 ms
04:06:25.215 [Lua] Init DMF mod 'better_downed_indicators' [load_order_name: 'better_downed_indicators', load_order_id: 9, version: '3.6', author: 'IndicaBunny']
04:06:25.219 [Lua] [MOD][better_downed_indicators][INFO] (hook_safe): [AuspexScanningEffects._run_searching_sfx_loop] needs to be delayed.
04:06:25.219 [Lua] [MOD][better_downed_indicators][INFO] (hook_safe): [AuspexScanningEffects._stop_scan_units_effects] needs to be delayed.
04:06:25.219 [Lua] [MOD][better_downed_indicators][INFO] (hook_safe): [AuspexScanningEffects.unwield] needs to be delayed.
04:06:25.219 [Lua] [MOD][better_downed_indicators][INFO] (hook_safe): [AuspexEffects.wield] needs to be delayed.
04:06:25.219 [Lua] [MOD][better_downed_indicators][INFO] (hook_safe): [AuspexEffects.unwield] needs to be delayed.
04:06:25.219 [Lua] [MOD][better_downed_indicators][INFO] (hook): [HudElementPersonalPlayerPanel.init] needs to be delayed.
04:06:25.219 [Lua] [MOD][better_downed_indicators][INFO] (hook): [HudElementTeamPlayerPanel.init] needs to be delayed.
04:06:25.219 [Lua] [MOD][better_downed_indicators][INFO] (hook): [HudElementPlayerPanelBase._set_status_icon] needs to be delayed.
04:06:25.219 [Lua] [MOD][better_downed_indicators][INFO] (hook): [HudElementPlayerPanelBase._set_dead] needs to be delayed.
04:06:25.219 [Lua] [MOD][better_downed_indicators][INFO] (hook): [HudElementPlayerPanelBase._set_player_respawn_timer] needs to be delayed.
04:06:25.219 [Lua] [MOD][better_downed_indicators][INFO] (hook): [HudElementPlayerPanelBase._update_player_features] needs to be delayed.
04:06:25.219 [Lua] [MOD][better_downed_indicators][INFO] (hook): [HudElementPersonalPlayerPanel._update_player_features] needs to be delayed.
04:06:25.219 [Lua] [MOD][better_downed_indicators][INFO] (hook): [HudElementTeamPlayerPanel._update_player_features] needs to be delayed.
04:06:25.219 [Lua] [MOD][better_downed_indicators][INFO] (hook): [HudElementPlayerPanelBase._set_shadowing_portrait] needs to be delayed.
04:06:25.219 [Lua] [MOD][better_downed_indicators][INFO] (hook): [InteracteeSystem.rpc_interaction_started] needs to be delayed.
04:06:25.219 [Lua] [MOD][better_downed_indicators][INFO] (hook): [InteracteeSystem.rpc_interaction_stopped] needs to be delayed.
04:06:25.219 [Lua] [MOD][better_downed_indicators][INFO] (hook): [InteracteeExtension.started] needs to be delayed.
04:06:25.219 [Lua] [MOD][better_downed_indicators][INFO] (hook): [InteracteeExtension.stopped] needs to be delayed.
04:06:25.219 [Lua] [MOD][better_downed_indicators][INFO] (hook): [PlayerInteracteeExtension.started] needs to be delayed.
04:06:25.219 [Lua] [MOD][better_downed_indicators][INFO] (hook): [PlayerInteracteeExtension.stopped] needs to be delayed.
04:06:25.219 [Lua] [MOD][better_downed_indicators][INFO] (hook): [InteractorExtension.cancel_interaction] needs to be delayed.
04:06:25.219 [Lua] [MOD][better_downed_indicators][INFO] (hook): [InteractorExtension.reset_interaction] needs to be delayed.
04:06:25.219 [Lua] [Mod] Loading ./../mods/ChatBlock/ChatBlock.mod
04:06:25.220 [Lua] <<crashify-property>>Mod:ChatBlock = true<</crashify-property>>
04:06:25.220 [Lua] INFO [Uncategorized] [ModManager] Loading mod ChatBlock with id 10
04:06:25.235 [Lua] INFO [ScriptWorld] Registering level named: "content/levels/ui/title_screen/title_screen" with id: 1
04:06:25.235 [Lua] INFO [StateTitle] Changing state idle -> account_signin
04:06:25.236 [Lua] INFO [StateTitle] Changing state account_signin -> signing_in
04:06:25.238 [Lua] Init DMF mod 'ChatBlock' [load_order_name: 'ChatBlock', load_order_id: 10, version: '26.09.30', author: 'raindish & LucLeto']
04:06:25.240 [Lua] [MOD][ChatBlock][INFO] (hook): Hooking '_input_active' from [HumanGameplay] (Origin: function: 0x08bd72e0)
04:06:25.240 [Lua] [MOD][ChatBlock][INFO] (hook_safe): Hooking '_parse_input' from [HumanInputHandler] (Origin: function: 0x08bd2140)
04:06:25.240 [Lua] [MOD][ChatBlock][INFO] (hooks): Enabling all hooks for mod: ChatBlock
04:06:25.240 [Lua] [Mod] Loading ./../mods/Clarity of Aim/Clarity of Aim.mod
04:06:25.240 [Lua] <<crashify-property>>Mod:Clarity of Aim = true<</crashify-property>>
04:06:25.240 [Lua] INFO [Uncategorized] [ModManager] Loading mod Clarity of Aim with id 11
04:06:25.255 [Lua] Init DMF mod 'Clarity of Aim' [load_order_name: 'Clarity of Aim', load_order_id: 11]
04:06:25.257 [Lua] [Mod] Loading ./../mods/ColorSelection/ColorSelection.mod
04:06:25.257 [Lua] <<crashify-property>>Mod:ColorSelection = true<</crashify-property>>
04:06:25.257 [Lua] INFO [Uncategorized] [ModManager] Loading mod ColorSelection with id 12
04:06:25.271 [Lua] Init DMF mod 'ColorSelection' [load_order_name: 'ColorSelection', load_order_id: 12, version: '2.23', author: 'IndicaBunny']
04:06:25.276 [Lua] [MOD][ColorSelection][INFO] (hook_safe): [HudElementPersonalPlayerPanel.init] needs to be delayed.
04:06:25.276 [Lua] [MOD][ColorSelection][INFO] (hook_safe): [HudElementTeamPlayerPanel.init] needs to be delayed.
04:06:25.276 [Lua] [MOD][ColorSelection][INFO] (hook_safe): [HudElementPlayerPanelBase.destroy] needs to be delayed.
04:06:25.276 [Lua] [MOD][ColorSelection][INFO] (hook_safe): [HudElementPersonalPlayerPanelHub.update] needs to be delayed.
04:06:25.276 [Lua] [MOD][ColorSelection][INFO] (hook_safe): [HudElementPersonalPlayerPanelHub._set_player_name] needs to be delayed.
04:06:25.276 [Lua] [MOD][ColorSelection][INFO] (hook_safe): [HudElementPersonalPlayerPanel.update] needs to be delayed.
04:06:25.276 [Lua] [MOD][ColorSelection][INFO] (hook_safe): [HudElementTeamPlayerPanel.update] needs to be delayed.
04:06:25.276 [Lua] [MOD][ColorSelection][INFO] (hook_safe): [HudElementTeamPlayerPanelHub.update] needs to be delayed.
04:06:25.276 [Lua] [MOD][ColorSelection][INFO] (hook_safe): [HudElementWorldMarkers.event_add_world_marker_unit] needs to be delayed.
04:06:25.276 [Lua] [MOD][ColorSelection][INFO] (hook_safe): [HudElementNameplates.update] needs to be delayed.
04:06:25.276 [Lua] [MOD][ColorSelection][INFO] (hook): Hooking '_participant_displayname' from [ConstantElementChat] (Origin: function: 0x08e691f0)
04:06:25.276 [Lua] [MOD][ColorSelection][INFO] (hook): Hooking 'cb_chat_manager_message_recieved' from [ConstantElementChat] (Origin: function: 0x08a976c0)
04:06:25.276 [Lua] [MOD][ColorSelection][INFO] (hook): Hooking 'name' from [HumanPlayer] (Origin: function: 0x079eba18)
04:06:25.276 [Lua] [MOD][ColorSelection][INFO] (hook): Hooking 'name' from [RemotePlayer] (Origin: function: 0x07b38aa0)
04:06:25.276 [Lua] [MOD][ColorSelection][INFO] (hook): Hooking 'character_name' from [PlayerInfo] (Origin: function: 0x07bb8aa0)
04:06:25.276 [Lua] [MOD][ColorSelection][INFO] (hook): Hooking 'character_name' from [RemotePlayer] (Origin: function: 0x07b38a60)
04:06:25.276 [Lua] [MOD][ColorSelection][INFO] (hook): Hooking 'character_name' from [PresenceEntryMyself] (Origin: function: 0x08ed4600)
04:06:25.276 [Lua] [MOD][ColorSelection][INFO] (hook): Hooking 'character_name' from [PresenceEntryImmaterium] (Origin: function: 0x08ed7c90)
04:06:25.276 [Lua] [MOD][ColorSelection][INFO] (hook): Hooking 'character_name' from [table: 0x0754f1e8] (Origin: function: 0x0754f7b8)
04:06:25.276 [Lua] [MOD][ColorSelection][INFO] (hook_safe): [OutlineSystem.update] needs to be delayed.
04:06:25.276 [Lua] [MOD][ColorSelection][INFO] (hooks): Enabling all hooks for mod: ColorSelection
04:06:25.276 [Lua] [Mod] Loading ./../mods/crosshair_remap/crosshair_remap.mod
04:06:25.277 [Lua] <<crashify-property>>Mod:crosshair_remap = true<</crashify-property>>
04:06:25.277 [Lua] INFO [Uncategorized] [ModManager] Loading mod crosshair_remap with id 13
04:06:25.288 [Lua] Init DMF mod 'crosshair_remap' [load_order_name: 'crosshair_remap', load_order_id: 13, version: '3.10.1', author: 'deluxghost']
04:06:25.290 [Lua] [Mod] Loading ./../mods/crosshair_remap/scripts/mods/crosshair_remap/builtin_crosshairs/chevron.lua
04:06:25.291 [Lua] [Mod] Loading ./../mods/crosshair_remap/scripts/mods/crosshair_remap/builtin_crosshairs/small_circle.lua
04:06:25.292 [Lua] [Mod] Loading ./../mods/crosshair_remap/scripts/mods/crosshair_remap/builtin_crosshairs/small_cross_no_spread.lua
04:06:25.292 [Lua] [Mod] Loading ./../mods/crosshair_remap/scripts/mods/crosshair_remap/builtin_crosshairs/larger_dot.lua
04:06:25.293 [Lua] [Mod] Loading ./../mods/crosshair_remap/scripts/mods/crosshair_remap/builtin_crosshairs/t_shape.lua
04:06:25.293 [Lua] [Mod] Loading ./../mods/crosshair_remap/scripts/mods/crosshair_remap/builtin_crosshairs/t_shape_dot.lua
04:06:25.294 [Lua] [Mod] Loading ./../mods/crosshair_remap/scripts/mods/crosshair_remap/builtin_crosshairs/dash_dot.lua
04:06:25.294 [Lua] [Mod] Loading ./../mods/crosshair_remap/scripts/mods/crosshair_remap/builtin_crosshairs/shotgun_dot.lua
04:06:25.295 [Lua] [Mod] Loading ./../mods/crosshair_remap/scripts/mods/crosshair_remap/builtin_crosshairs/shotgun_wide_dot.lua
04:06:25.295 [Lua] [Mod] Loading ./../mods/crosshair_remap/scripts/mods/crosshair_remap/builtin_crosshairs/spray_n_pray_dot.lua
04:06:25.296 [Lua] [Mod] Loading ./../mods/crosshair_remap/scripts/mods/crosshair_remap/builtin_crosshairs/charge_up_cross.lua
04:06:25.297 [Lua] [Mod] Loading ./../mods/crosshair_remap/scripts/mods/crosshair_remap/builtin_crosshairs/charge_up_chevron.lua
04:06:25.298 [Lua] [Mod] Loading ./../mods/crosshair_remap/scripts/mods/crosshair_remap/builtin_crosshairs/charge_up_ads_dot.lua
04:06:25.299 [Lua] [Mod] Loading ./../mods/crosshair_remap/scripts/mods/crosshair_remap/builtin_crosshairs/charge_up_ads_cross.lua
04:06:25.299 [Lua] [Mod] Loading ./../mods/crosshair_remap/scripts/mods/crosshair_remap/builtin_crosshairs/charge_up_ads_chevron.lua
04:06:25.300 [Lua] [Mod] Loading ./../mods/crosshair_remap/scripts/mods/crosshair_remap/builtin_crosshairs/charge_up_ads_t_shape_dot.lua
04:06:25.304 [Lua] [MOD][crosshair_remap][INFO] (hook_origin): [HudElementCrosshair._get_current_crosshair_type] needs to be delayed.
04:06:25.304 [Lua] [MOD][crosshair_remap][INFO] (hook_safe): [HudElementCrosshair.init] needs to be delayed.
04:06:25.304 [Lua] [MOD][crosshair_remap][INFO] (hook): [HudElementCrosshair._crosshair_settings] needs to be delayed.
04:06:25.304 [Lua] [MOD][crosshair_remap][INFO] (hook): [HudElementCrosshair._spread_yaw_pitch] needs to be delayed.
04:06:25.305 [Lua] [Mod] Loading ./../mods/custom_hud/custom_hud.mod
04:06:25.305 [Lua] <<crashify-property>>Mod:custom_hud = true<</crashify-property>>
04:06:25.305 [Lua] INFO [Uncategorized] [ModManager] Loading mod custom_hud with id 14
04:06:25.307 [Lua] Init DMF mod 'custom_hud' [load_order_name: 'custom_hud', load_order_id: 14]
04:06:25.326 [Lua] [MOD][custom_hud][INFO] (hook): Hooking 'init' from [UIHud] (Origin: function: 0x0900ea40)
04:06:25.326 [Lua] [MOD][custom_hud][INFO] (hook): Hooking '_add_element' from [UIHud] (Origin: function: 0x0900f368)
04:06:25.326 [Lua] [MOD][custom_hud][INFO] (hook_safe): Hooking 'update' from [UIHud] (Origin: function: 0x0900f450)
04:06:25.327 [Lua] [MOD][custom_hud][INFO] (hook_safe): Hooking 'update' from [UIConstantElements] (Origin: function: 0x09008080)
04:06:25.327 [Lua] [MOD][custom_hud][INFO] (hook_safe): Hooking 'open_view' from [UIViewHandler] (Origin: function: 0x09020418)
04:06:25.327 [Lua] [MOD][custom_hud][INFO] (hook_safe): Hooking 'close_view' from [UIViewHandler] (Origin: function: 0x09020528)
04:06:25.327 [Lua] [MOD][custom_hud][INFO] (hooks): Enabling all hooks for mod: custom_hud
04:06:25.327 [Lua] [Mod] Loading ./../mods/EmperorsGuidance/EmperorsGuidance.mod
04:06:25.327 [Lua] <<crashify-property>>Mod:EmperorsGuidance = true<</crashify-property>>
04:06:25.327 [Lua] INFO [Uncategorized] [ModManager] Loading mod EmperorsGuidance with id 15
04:06:25.329 [Lua] Init DMF mod 'EmperorsGuidance' [load_order_name: 'EmperorsGuidance', load_order_id: 15]
04:06:25.331 [Lua] [MOD][EmperorsGuidance][INFO] (hook_safe): [PlayerUnitSmartTargetingExtension.targeting_data] needs to be delayed.
04:06:25.332 [Lua] [MOD][EmperorsGuidance][INFO] (hook_safe): [ActionSmiteTargeting.start] needs to be delayed.
04:06:25.332 [Lua] [MOD][EmperorsGuidance][INFO] (hook_safe): [ActionSmiteTargeting.fixed_update] needs to be delayed.
04:06:25.332 [Lua] [MOD][EmperorsGuidance][INFO] (hook_safe): [ActionSmiteTargeting.finish] needs to be delayed.
04:06:25.332 [Lua] [MOD][EmperorsGuidance][INFO] (hook_safe): [PlayerUnitWeaponExtension.on_slot_wielded] needs to be delayed.
04:06:25.332 [Lua] [MOD][EmperorsGuidance][INFO] (hook): Hooking '_get' from [InputService] (Origin: function: 0x07dca650)
04:06:25.332 [Lua] [MOD][EmperorsGuidance][INFO] (hooks): Enabling all hooks for mod: EmperorsGuidance
04:06:25.332 [Lua] [Mod] Loading ./../mods/Enhanced_descriptions/Enhanced_descriptions.mod
04:06:25.332 [Lua] <<crashify-property>>Mod:Enhanced_descriptions = true<</crashify-property>>
04:06:25.332 [Lua] INFO [Uncategorized] [ModManager] Loading mod Enhanced_descriptions with id 16
04:06:25.346 [Lua] Init DMF mod 'Enhanced_descriptions' [load_order_name: 'Enhanced_descriptions', load_order_id: 16, version: '6.5.0b', author: 'xsSplater']
04:06:25.350 [Lua] [MOD][Enhanced_descriptions][INFO] (hook): Hooking 'localize' from [LocalizationManager] (Origin: function: 0x00eaef78)
04:06:25.350 [Lua] [MOD][Enhanced_descriptions][INFO] (hook): Hooking '_process_string' from [LocalizationManager] (Origin: function: 0x00eaf160)
04:06:25.350 [Lua] [MOD][Enhanced_descriptions][INFO] // ✅ Enhanced Descriptions mod loaded version: 6.5.0b
04:06:25.350 [Lua] [MOD][Enhanced_descriptions][INFO] (hooks): Enabling all hooks for mod: Enhanced_descriptions
04:06:25.355 [Lua] [MOD][Enhanced_descriptions][INFO] // ✅ Utils loaded and cached successfully
04:06:25.357 [Lua] [MOD][Enhanced_descriptions][INFO] // 📑 Loaded colors for language: en
04:06:25.358 [Lua] [MOD][Enhanced_descriptions][INFO] Loaded localization file: Enhanced_descriptions/Main_Modules/PENANCES
04:06:25.359 [Lua] [MOD][Enhanced_descriptions][INFO] NAMES_Enemies_Weapons.lua loaded successfully
04:06:25.359 [Lua] [MOD][Enhanced_descriptions][INFO] Loaded localization file: Enhanced_descriptions/Main_Modules/NAMES_Enemies_Weapons
04:06:25.361 [Lua] [MOD][Enhanced_descriptions][INFO] NAMES_Talents_Blessings.lua loaded successfully
04:06:25.362 [Lua] [MOD][Enhanced_descriptions][INFO] Loaded localization file: Enhanced_descriptions/Main_Modules/NAMES_Talents_Blessings
04:06:25.372 [Lua] [MOD][Enhanced_descriptions][INFO] Loaded localization file: Enhanced_descriptions/Main_Modules/WEAPONS_Blessings_Perks
04:06:25.373 [Lua] [MOD][Enhanced_descriptions][INFO] +++---------------------------------------------+++
04:06:25.373 [Lua] [MOD][Enhanced_descriptions][INFO] // ✅ Shared Talents: 102 templates created
04:06:25.381 [Lua] [MOD][Enhanced_descriptions][INFO] // ✅ Added 948 talents from TALENTS_Psyker module
04:06:25.384 [Lua] [MOD][Enhanced_descriptions][INFO] // ✅ Added 300 talents from TALENTS_Veteran module
04:06:25.387 [Lua] [MOD][Enhanced_descriptions][INFO] // ✅ Added 316 talents from TALENTS_Zealot module
04:06:25.391 [Lua] [MOD][Enhanced_descriptions][INFO] // ✅ Added 354 talents from TALENTS_Ogryn module
04:06:25.394 [Lua] [MOD][Enhanced_descriptions][INFO] // ✅ Added 332 talents from TALENTS_Arbites module
04:06:25.399 [Lua] [MOD][Enhanced_descriptions][INFO] // ✅ Added 396 talents from TALENTS_Scum module
04:06:25.403 [Lua] [MOD][Enhanced_descriptions][INFO] // ✅ Added 403 talents from TALENTS_Skitarii module
04:06:25.403 [Lua] [MOD][Enhanced_descriptions][INFO] +++---------------------------------------------+++
04:06:25.403 [Lua] [MOD][Enhanced_descriptions][INFO] // ⚙ Loaded: 3151 talents in 7 modules
04:06:25.403 [Lua] [MOD][Enhanced_descriptions][INFO] +++---------------------------------------------+++
04:06:25.403 [Lua] [MOD][Enhanced_descriptions][INFO] Loaded localization file: Enhanced_descriptions/Main_Modules/TALENTS_Modular
04:06:25.406 [Lua] [MOD][Enhanced_descriptions][INFO] Loaded localization file: Enhanced_descriptions/Main_Modules/CURIOS_Blessings_Perks
04:06:25.407 [Lua] [MOD][Enhanced_descriptions][INFO] MENUS.lua loaded successfully
04:06:25.407 [Lua] [MOD][Enhanced_descriptions][INFO] Loaded localization file: Enhanced_descriptions/Main_Modules/MENUS
04:06:25.408 [Lua] [MOD][Enhanced_descriptions][INFO] Localization templates reloaded for en: 7607 templates
04:06:25.408 [Lua] [MOD][Enhanced_descriptions][INFO] Enhanced Descriptions enabled
04:06:25.408 [Lua] [Mod] Loading ./../mods/extended_weapon_customization/extended_weapon_customization.mod
04:06:25.409 [Lua] <<crashify-property>>Mod:extended_weapon_customization = true<</crashify-property>>
04:06:25.409 [Lua] INFO [Uncategorized] [ModManager] Loading mod extended_weapon_customization with id 17
04:06:25.412 [Lua] Init DMF mod 'extended_weapon_customization' [load_order_name: 'extended_weapon_customization', load_order_id: 17]
04:06:25.435 [Lua] [MOD][extended_weapon_customization][INFO] (hook): [LobbyView._sync_votes] needs to be delayed.
04:06:25.435 [Lua] [MOD][extended_weapon_customization][INFO] (hook): [EndView._set_mission_key] needs to be delayed.
04:06:25.435 [Lua] [MOD][extended_weapon_customization][INFO] (hook): [MissionIntroView.select_target_intro_level] needs to be delayed.
04:06:25.661 [Lua] [MOD][extended_weapon_customization][INFO] (hook): [PlayerUnitVisualLoadoutExtension.init] needs to be delayed.
04:06:25.661 [Lua] [MOD][extended_weapon_customization][INFO] (hook): [PlayerUnitVisualLoadoutExtension.equip_item_to_slot] needs to be delayed.
04:06:25.661 [Lua] [MOD][extended_weapon_customization][INFO] (hook): [PlayerUnitVisualLoadoutExtension.fixed_update] needs to be delayed.
04:06:25.661 [Lua] [MOD][extended_weapon_customization][INFO] (hook): [PlayerUnitVisualLoadoutExtension.destroy] needs to be delayed.
04:06:25.661 [Lua] [MOD][extended_weapon_customization][INFO] (hook): [PlayerUnitVisualLoadoutExtension.resolve_gear_sound] needs to be delayed.
04:06:25.661 [Lua] [MOD][extended_weapon_customization][INFO] (hook): Hooking 'load_slot_item' from [UICharacterProfilePackageLoader] (Origin: function: 0x08fc2c50)
04:06:25.662 [Lua] [MOD][extended_weapon_customization][INFO] (hook): [PlayerUnitFirstPersonExtension.update_unit_position] needs to be delayed.
04:06:25.662 [Lua] [MOD][extended_weapon_customization][INFO] (hook): [PlayerHuskFirstPersonExtension.update_unit_position_and_rotation] needs to be delayed.
04:06:25.676 [Lua] [MOD][extended_weapon_customization][INFO] (hook): [InventoryWeaponCosmeticsView.init] needs to be delayed.
04:06:25.676 [Lua] [MOD][extended_weapon_customization][INFO] (hook): [InventoryWeaponCosmeticsView._setup_menu_tabs] needs to be delayed.
04:06:25.676 [Lua] [MOD][extended_weapon_customization][INFO] (hook): [InventoryWeaponCosmeticsView.cb_switch_tab] needs to be delayed.
04:06:25.676 [Lua] [MOD][extended_weapon_customization][INFO] (hook): [InventoryWeaponCosmeticsView._setup_sort_options] needs to be delayed.
04:06:25.676 [Lua] [MOD][extended_weapon_customization][INFO] (hook): [InventoryWeaponCosmeticsView.draw] needs to be delayed.
04:06:25.676 [Lua] [MOD][extended_weapon_customization][INFO] (hook): [InventoryWeaponCosmeticsView.update] needs to be delayed.
04:06:25.676 [Lua] [MOD][extended_weapon_customization][INFO] (hook): [InventoryWeaponCosmeticsView.selected_item_name_in_slot] needs to be delayed.
04:06:25.676 [Lua] [MOD][extended_weapon_customization][INFO] (hook): [InventoryWeaponCosmeticsView.equipped_item_name_in_slot] needs to be delayed.
04:06:25.676 [Lua] [MOD][extended_weapon_customization][INFO] (hook): [InventoryWeaponCosmeticsView._destroy_forward_gui] needs to be delayed.
04:06:25.676 [Lua] [MOD][extended_weapon_customization][INFO] (hook): [InventoryWeaponCosmeticsView.on_enter] needs to be delayed.
04:06:25.676 [Lua] [MOD][extended_weapon_customization][INFO] (hook): [InventoryWeaponCosmeticsView._preview_element] needs to be delayed.
04:06:25.676 [Lua] [MOD][extended_weapon_customization][INFO] (hook): [InventoryWeaponCosmeticsView._preview_item] needs to be delayed.
04:06:25.676 [Lua] [MOD][extended_weapon_customization][INFO] (hook): [InventoryWeaponCosmeticsView.cb_on_equip_pressed] needs to be delayed.
04:06:25.676 [Lua] [MOD][extended_weapon_customization][INFO] (hook): [InventoryWeaponCosmeticsView._fetch_inventory_items] needs to be delayed.
04:06:25.676 [Lua] [MOD][extended_weapon_customization][INFO] (hook): [InventoryWeaponCosmeticsView._handle_input] needs to be delayed.
04:06:25.676 [Lua] [MOD][extended_weapon_customization][INFO] (hook): [InventoryWeaponCosmeticsView._register_button_callbacks] needs to be delayed.
04:06:25.677 [Lua] [MOD][extended_weapon_customization][INFO] (hook): Hooking 'spawn_item_attachments' from [table: 0x06f7d5d0] (Origin: function: 0x0bad1bd8)
04:06:25.677 [Lua] [MOD][extended_weapon_customization][INFO] (hook): Hooking 'spawn_item' from [table: 0x06f7d5d0] (Origin: function: 0x0bad1b88)
04:06:25.677 [Lua] [MOD][extended_weapon_customization][INFO] (hook): Hooking 'generate_attachment_overrides_lookup' from [table: 0x06f7d5d0] (Origin: function: 0x0bad1c70)
04:06:25.677 [Lua] [MOD][extended_weapon_customization][INFO] (hook): Hooking '_find_unit_node_recursive' from [table: 0x06f7d5d0] (Origin: function: 0x0bad1cc0)
04:06:25.678 [Lua] [MOD][extended_weapon_customization][INFO] (hook): [InventoryWeaponMarksView._equip_weapon_mark] needs to be delayed.
04:06:25.679 [Lua] [MOD][extended_weapon_customization][INFO] (hook): [MispredictPackageHandler._load_item_packages] needs to be delayed.
04:06:25.679 [Lua] [MOD][extended_weapon_customization][INFO] (hook): [MispredictPackageHandler._unload_item_packages] needs to be delayed.
04:06:25.679 [Lua] [MOD][extended_weapon_customization][INFO] (hook): [MispredictPackageHandler.destroy] needs to be delayed.
04:06:25.679 [Lua] [MOD][extended_weapon_customization][INFO] (hook): [PlayerUnitFxExtension.sound_source] needs to be delayed.
04:06:25.679 [Lua] [MOD][extended_weapon_customization][INFO] (hook): [PlayerUnitFxExtension.vfx_spawner_unit_and_node] needs to be delayed.
04:06:25.679 [Lua] [MOD][extended_weapon_customization][INFO] (hook): [PlayerUnitFxExtension._register_vfx_spawner] needs to be delayed.
04:06:25.679 [Lua] [MOD][extended_weapon_customization][INFO] (hook): [PlayerUnitFxExtension.trigger_gear_wwise_event_with_source] needs to be delayed.
04:06:25.679 [Lua] [MOD][extended_weapon_customization][INFO] (hook): [PlayerUnitFxExtension.trigger_exclusive_gear_wwise_event] needs to be delayed.
04:06:25.679 [Lua] [MOD][extended_weapon_customization][INFO] (hook): [PlayerUnitFxExtension._register_sound_source] needs to be delayed.
04:06:25.679 [Lua] [MOD][extended_weapon_customization][INFO] (hook): [PlayerUnitFxExtension.spawn_unit_particles] needs to be delayed.
04:06:25.680 [Lua] [MOD][extended_weapon_customization][INFO] (hook): [PlayerUnitFxExtension._spawn_unit_fx_line] needs to be delayed.
04:06:25.680 [Lua] [MOD][extended_weapon_customization][INFO] (hook): [PlayerUnitFxExtension._spawn_unit_particles] needs to be delayed.
04:06:25.681 [Lua] [MOD][extended_weapon_customization][INFO] (hook): Hooking 'rpc_add_attack_result' from [AttackReportManager] (Origin: function: 0x08a75518)
04:06:25.681 [Lua] [MOD][extended_weapon_customization][INFO] (hook): Hooking '_process_attack_result' from [AttackReportManager] (Origin: function: 0x08a75558)
04:06:25.681 [Lua] [MOD][extended_weapon_customization][INFO] (hook): [HudElementCrosshair._get_current_crosshair_type] needs to be delayed.
04:06:25.682 [Lua] [MOD][extended_weapon_customization][INFO] (hook): [InteracteeExtension.stopped] needs to be delayed.
04:06:25.683 [Lua] [MOD][extended_weapon_customization][INFO] (hook): Hooking 'initialize_equipment' from [EquipmentComponent] (Origin: function: 0x08fc0408)
04:06:25.683 [Lua] [MOD][extended_weapon_customization][INFO] (hook): Hooking '_spawn_player_item_units' from [EquipmentComponent] (Origin: function: 0x08fc0700)
04:06:25.683 [Lua] [MOD][extended_weapon_customization][INFO] (hook): Hooking 'equip_item' from [EquipmentComponent] (Origin: function: 0x08fc02f0)
04:06:25.683 [Lua] [MOD][extended_weapon_customization][INFO] (hook): Hooking 'wield_slot' from [EquipmentComponent] (Origin: function: 0x08fc0d30)
04:06:25.683 [Lua] [MOD][extended_weapon_customization][INFO] (hook): Hooking 'update_item_visibility' from [EquipmentComponent] (Origin: function: 0x08fc0c30)
04:06:25.683 [Lua] [MOD][extended_weapon_customization][INFO] (hook): Hooking 'load_icon' from [ItemIconLoaderUI] (Origin: function: 0x08f98068)
04:06:25.685 [Lua] [MOD][extended_weapon_customization][INFO] (hook): Hooking 'ignore_slot' from [UIProfileSpawner] (Origin: function: 0x08b9e360)
04:06:25.685 [Lua] [MOD][extended_weapon_customization][INFO] (hook): Hooking 'spawn_profile' from [UIProfileSpawner] (Origin: function: 0x08fc30c0)
04:06:25.685 [Lua] [MOD][extended_weapon_customization][INFO] (hook): Hooking '_spawn_character_profile' from [UIProfileSpawner] (Origin: function: 0x08b9e380)
04:06:25.685 [Lua] [MOD][extended_weapon_customization][INFO] (hook): Hooking 'wield_slot' from [UIProfileSpawner] (Origin: function: 0x08b9e490)
04:06:25.685 [Lua] [MOD][extended_weapon_customization][INFO] (hook): [MissionIntroView._assign_player_to_slot] needs to be delayed.
04:06:25.686 [Lua] [MOD][extended_weapon_customization][INFO] (hook): Hooking 'present_grid_layout' from [ViewElementGrid] (Origin: function: 0x078fb3d8)
04:06:25.686 [Lua] [MOD][extended_weapon_customization][INFO] (hook): Hooking '_create_entry_widget_from_config' from [ViewElementGrid] (Origin: function: 0x078e5e68)
04:06:25.686 [Lua] [MOD][extended_weapon_customization][INFO] (hook): Hooking 'init' from [UIWeaponSpawner] (Origin: function: 0x09052d60)
04:06:25.686 [Lua] [MOD][extended_weapon_customization][INFO] (hook): Hooking 'destroy' from [UIWeaponSpawner] (Origin: function: 0x09052e20)
04:06:25.687 [Lua] [MOD][extended_weapon_customization][INFO] (hook): Hooking '_mouse_rotation_input' from [UIWeaponSpawner] (Origin: function: 0x09053440)
04:06:25.687 [Lua] [MOD][extended_weapon_customization][INFO] (hook): Hooking 'cb_on_unit_3p_streaming_complete' from [UIWeaponSpawner] (Origin: function: 0x09052fb0)
04:06:25.687 [Lua] [MOD][extended_weapon_customization][INFO] (hook): [EndPlayerView._get_item] needs to be delayed.
04:06:25.687 [Lua] [MOD][extended_weapon_customization][INFO] (hook): Hooking 'release' from [PackageManager] (Origin: function: 0x00eb44b8)
04:06:25.687 [Lua] [MOD][extended_weapon_customization][INFO] (hook): Hooking 'update' from [PackageManager] (Origin: function: 0x00f87968)
04:06:25.688 [Lua] [MOD][extended_weapon_customization][INFO] (hook): Hooking '_flush_unloads' from [PackageManager] (Origin: function: 0x00eb4598)
04:06:25.688 [Lua] [MOD][extended_weapon_customization][INFO] (hook): Hooking '_spawn_weapon' from [WeaponIconUI] (Origin: function: 0x09053c30)
04:06:25.688 [Lua] [MOD][extended_weapon_customization][INFO] (hook): Hooking 'weapon_icon_updated' from [WeaponIconUI] (Origin: function: 0x090532a8)
04:06:25.688 [Lua] [MOD][extended_weapon_customization][INFO] (hook): Hooking 'load_weapon_icon' from [WeaponIconUI] (Origin: function: 0x090532e8)
04:06:25.690 [Lua] [MOD][extended_weapon_customization][INFO] (hook): Hooking 'post_update' from [CameraManager] (Origin: function: 0x08b7af70)
04:06:25.690 [Lua] [MOD][extended_weapon_customization][INFO] (hook): Hooking 'shading_callback' from [CameraManager] (Origin: function: 0x08b7a548)
04:06:25.690 [Lua] [MOD][extended_weapon_customization][INFO] (hook): [MinionGibbing.gib] needs to be delayed.
04:06:25.691 [Lua] [MOD][extended_weapon_customization][INFO] (hook): [CraftingView.craft] needs to be delayed.
04:06:25.691 [Lua] [MOD][extended_weapon_customization][INFO] (hook): Hooking 'update' from [InputService] (Origin: function: 0x07dca208)
04:06:25.691 [Lua] [MOD][extended_weapon_customization][INFO] (hook): Hooking '_get' from [InputService] (Origin: function: 0x07dca650)
04:06:25.691 [Lua] [MOD][extended_weapon_customization][INFO] (hook): Hooking '_get_simulate' from [InputService] (Origin: function: 0x07dca248)
04:06:25.692 [Lua] [MOD][extended_weapon_customization][INFO] (hook): Hooking 'get_credits_store' from [StoreService] (Origin: function: 0x07b9f310)
04:06:25.692 [Lua] [MOD][extended_weapon_customization][INFO] (hook): Hooking 'get_marks_store' from [StoreService] (Origin: function: 0x07b9f138)
04:06:25.692 [Lua] [MOD][extended_weapon_customization][INFO] (hook): Hooking 'get_marks_store_temporary' from [StoreService] (Origin: function: 0x07b9f158)
04:06:25.692 [Lua] [MOD][extended_weapon_customization][INFO] (hook): Hooking 'purchase_item' from [StoreService] (Origin: function: 0x07b9f1e0)
04:06:25.692 [Lua] [MOD][extended_weapon_customization][INFO] (hook): Hooking 'on_gear_created' from [GearService] (Origin: function: 0x07ba2b58)
04:06:25.693 [Lua] [MOD][extended_weapon_customization][INFO] (hook): [ActionSweep._do_damage_to_unit] needs to be delayed.
04:06:25.693 [Lua] [MOD][extended_weapon_customization][INFO] (hook): [ActionSweep.start] needs to be delayed.
04:06:25.694 [Lua] [MOD][extended_weapon_customization][INFO] (hook): [ActionShoot._shoot] needs to be delayed.
04:06:25.694 [Lua] [MOD][extended_weapon_customization][INFO] (hook): [ActionShootHitScan._shoot] needs to be delayed.
04:06:25.694 [Lua] [MOD][extended_weapon_customization][INFO] (hook): [ActionShootPellets._shoot] needs to be delayed.
04:06:25.694 [Lua] [MOD][extended_weapon_customization][INFO] (hook): [ActionShootProjectile._shoot] needs to be delayed.
04:06:25.694 [Lua] [MOD][extended_weapon_customization][INFO] (hook): [ActionShootHitScan._play_line_fx] needs to be delayed.
04:06:25.694 [Lua] [MOD][extended_weapon_customization][INFO] (hook): [ActionShootPellets._play_line_fx] needs to be delayed.
04:06:25.694 [Lua] [MOD][extended_weapon_customization][INFO] (hook): [ActionShoot._play_shoot_sound] needs to be delayed.
04:06:25.694 [Lua] [MOD][extended_weapon_customization][INFO] (hook): [ActionShootHitScan._play_shoot_sound] needs to be delayed.
04:06:25.694 [Lua] [MOD][extended_weapon_customization][INFO] (hook): [ActionShootPellets._play_shoot_sound] needs to be delayed.
04:06:25.694 [Lua] [MOD][extended_weapon_customization][INFO] (hook): [ActionShootProjectile._play_shoot_sound] needs to be delayed.
04:06:25.694 [Lua] [MOD][extended_weapon_customization][INFO] (hook): [ActionShoot._update_looping_shoot_sound] needs to be delayed.
04:06:25.694 [Lua] [MOD][extended_weapon_customization][INFO] (hook): [ActionShootHitScan._update_looping_shoot_sound] needs to be delayed.
04:06:25.694 [Lua] [MOD][extended_weapon_customization][INFO] (hook): [ActionShootPellets._update_looping_shoot_sound] needs to be delayed.
04:06:25.694 [Lua] [MOD][extended_weapon_customization][INFO] (hook): [ActionShootProjectile._update_looping_shoot_sound] needs to be delayed.
04:06:25.694 [Lua] [MOD][extended_weapon_customization][INFO] (hook): [ActionShoot._play_muzzle_flash_vfx] needs to be delayed.
04:06:25.694 [Lua] [MOD][extended_weapon_customization][INFO] (hook): [ActionShootHitScan._play_muzzle_flash_vfx] needs to be delayed.
04:06:25.694 [Lua] [MOD][extended_weapon_customization][INFO] (hook): [ActionShootPellets._play_muzzle_flash_vfx] needs to be delayed.
04:06:25.694 [Lua] [MOD][extended_weapon_customization][INFO] (hook): [ActionShootProjectile._play_muzzle_flash_vfx] needs to be delayed.
04:06:25.695 [Lua] [MOD][extended_weapon_customization][INFO] (hook): Hooking 'compile_item_instance_dependencies' from [table: 0x07a47f20] (Origin: function: 0x07a48148)
04:06:25.695 [Lua] [MOD][extended_weapon_customization][INFO] (hook): Hooking 'compile_resource_dependencies' from [table: 0x07a47f20] (Origin: function: 0x07a48230)
04:06:25.696 [Lua] [MOD][extended_weapon_customization][INFO] (hook): Hooking 'get_item_instance' from [table: 0x0258ef60] (Origin: function: 0x03dd59a0)
04:06:25.696 [Lua] [MOD][extended_weapon_customization][INFO] (hook): Hooking 'create_preview_item_instance' from [table: 0x0258ef60] (Origin: function: 0x03dd59c8)
04:06:25.696 [Lua] [MOD][extended_weapon_customization][INFO] (hook): Hooking 'get_store_item_instance' from [table: 0x0258ef60] (Origin: function: 0x054287c0)
04:06:25.696 [Lua] [MOD][extended_weapon_customization][INFO] (hook): [Flashlight.init] needs to be delayed.
04:06:25.696 [Lua] [MOD][extended_weapon_customization][INFO] (hook): [Flashlight.update] needs to be delayed.
04:06:25.697 [Lua] [MOD][extended_weapon_customization][INFO] (hook): [LobbyView._assign_player_to_slot] needs to be delayed.
04:06:25.701 [Lua] [MOD][extended_weapon_customization][INFO] (hooks): Enabling all hooks for mod: extended_weapon_customization
04:06:25.701 [Lua] [Mod] Loading ./../mods/extended_weapon_customization_base_additions/extended_weapon_customization_base_additions.mod
04:06:25.702 [Lua] <<crashify-property>>Mod:extended_weapon_customization_base_additions = true<</crashify-property>>
04:06:25.702 [Lua] INFO [Uncategorized] [ModManager] Loading mod extended_weapon_customization_base_additions with id 18
04:06:25.702 warning: [Profiler] [main] Stall 290 ms on frame 79: 
    Application::update 292 ms
        game update 291 ms
            MyGame::update 291 ms
                Lua->update 290 ms
04:06:25.702 warning: [Profiler] [renderer] Stall 269 ms on frame 79: 
    ThreadPool::do_work_while_waiting_for_event 269 ms
04:06:25.705 [Backend] Making SD request to https://bsp-sup-sd.atoma-discovery.com/bishop/steam_1361210_default
04:06:25.706 [Lua] Init DMF mod 'extended_weapon_customization_base_additions' [load_order_name: 'extended_weapon_customization_base_additions', load_order_id: 18]
04:06:25.861 warning: [HTTP System] Unhandled cache directive: stale-while-revalidate=1200
04:06:25.861 warning: [HTTP System] Unhandled cache directive: stale-if-error=86400
04:06:26.123 [Lua] [Mod] Loading ./../mods/extended_weapon_customization_omnissiah/extended_weapon_customization_omnissiah.mod
04:06:26.124 [Lua] <<crashify-property>>Mod:extended_weapon_customization_omnissiah = true<</crashify-property>>
04:06:26.124 [Lua] INFO [Uncategorized] [ModManager] Loading mod extended_weapon_customization_omnissiah with id 19
04:06:26.124 warning: [Profiler] [main] Stall 419 ms on frame 80: 
    Application::update 422 ms
        game update 421 ms
            MyGame::update 421 ms
                Lua->update 419 ms
04:06:26.124 warning: [Profiler] [renderer] Stall 364 ms on frame 80: 
    ThreadPool::do_work_while_waiting_for_event 364 ms
04:06:26.126 [Backend] SD request completed, found 1 environments
04:06:26.126 [Backend] Service Discovery Result: Using first (and only) environment from service discovery request.
04:06:26.126 [Backend] Service Discovery returned authentication_service_url=https://login.shr-prod-identity.fatshark.services and title_service_url=https://bsp-td-prod.atoma.cloud
04:06:26.274 warning: [Profiler] [main] Stall 148 ms on frame 81: 
    Application::update 149 ms
        game update 148 ms
            MyGame::update 148 ms
                Lua->collect_one_frame_of_garbage 148 ms
                    full gc 148 ms
04:06:26.274 [Lua] Init DMF mod 'extended_weapon_customization_omnissiah' [load_order_name: 'extended_weapon_customization_omnissiah', load_order_id: 19, version: '1.3', author: 'Geoff From Accounting']
04:06:26.298 [Lua] [Mod] Loading ./../mods/extended_weapon_customization_owo/extended_weapon_customization_owo.mod
04:06:26.298 [Lua] <<crashify-property>>Mod:extended_weapon_customization_owo = true<</crashify-property>>
04:06:26.298 [Lua] INFO [Uncategorized] [ModManager] Loading mod extended_weapon_customization_owo with id 20
04:06:26.299 warning: [Profiler] [renderer] Stall 119 ms on frame 81: 
    ThreadPool::do_work_while_waiting_for_event 119 ms
04:06:26.411 warning: [Profiler] [main] Stall 110 ms on frame 82: 
    Application::update 111 ms
        game update 110 ms
            MyGame::update 110 ms
                Lua->collect_one_frame_of_garbage 110 ms
                    full gc 110 ms
04:06:26.411 [Lua] Init DMF mod 'extended_weapon_customization_owo' [load_order_name: 'extended_weapon_customization_owo', load_order_id: 20, version: '4.11.0', author: 'Backup158']
04:06:26.414 [Lua] [MOD][extended_weapon_customization_owo][INFO] v4.11.0 loaded uwu nya :3
04:06:26.472 [Lua] [Mod] Loading ./../mods/extended_weapon_customization_syn_edits/extended_weapon_customization_syn_edits.mod
04:06:26.472 [Lua] <<crashify-property>>Mod:extended_weapon_customization_syn_edits = true<</crashify-property>>
04:06:26.472 [Lua] INFO [Uncategorized] [ModManager] Loading mod extended_weapon_customization_syn_edits with id 21
04:06:26.474 warning: [Profiler] [renderer] Stall 125 ms on frame 82: 
    ThreadPool::do_work_while_waiting_for_event 125 ms
04:06:26.476 [Lua] Init DMF mod 'extended_weapon_customization_syn_edits' [load_order_name: 'extended_weapon_customization_syn_edits', load_order_id: 21]
04:06:26.625 [Lua] [Mod] Loading ./../mods/FpsDoctor/FpsDoctor.mod
04:06:26.626 [Lua] <<crashify-property>>Mod:FpsDoctor = true<</crashify-property>>
04:06:26.626 [Lua] INFO [Uncategorized] [ModManager] Loading mod FpsDoctor with id 22
04:06:26.627 warning: [Profiler] [renderer] Stall 105 ms on frame 83: 
    ThreadPool::do_work_while_waiting_for_event 105 ms
04:06:26.627 warning: [Profiler] [main] Stall 151 ms on frame 83: 
    Application::update 153 ms
        game update 152 ms
            MyGame::update 152 ms
                Lua->update 151 ms
04:06:26.629 [Lua] Init DMF mod 'FpsDoctor' [load_order_name: 'FpsDoctor', load_order_id: 22]
04:06:26.633 [Lua] [Mod] Loading ./../mods/FullAuto/FullAuto.mod
04:06:26.634 [Lua] <<crashify-property>>Mod:FullAuto = true<</crashify-property>>
04:06:26.634 [Lua] INFO [Uncategorized] [ModManager] Loading mod FullAuto with id 23
04:06:26.652 [Lua] Init DMF mod 'FullAuto' [load_order_name: 'FullAuto', load_order_id: 23]
04:06:26.660 [Lua] [MOD][FullAuto][INFO] (hook_safe): [PlayerUnitWeaponExtension._fill_action_params] needs to be delayed.
04:06:26.660 [Lua] [MOD][FullAuto][INFO] (hook_safe): Hooking 'init' from [GameModeManager] (Origin: function: 0x08a5b598)
04:06:26.660 [Lua] [MOD][FullAuto][INFO] (hook_safe): [ActionHandler.start_action] needs to be delayed.
04:06:26.660 [Lua] [MOD][FullAuto][INFO] (hook_safe): [ActionReloadState.finish] needs to be delayed.
04:06:26.660 [Lua] [MOD][FullAuto][INFO] (hook_safe): [ActionReloadShotgun.finish] needs to be delayed.
04:06:26.660 [Lua] [MOD][FullAuto][INFO] (hook_safe): Hooking 'on_exit' from [PlayerCharacterStateDodging] (Origin: function: 0x025c96e0)
04:06:26.660 [Lua] [MOD][FullAuto][INFO] (hook_safe): Hooking 'on_exit' from [PlayerCharacterStateSliding] (Origin: function: 0x03544798)
04:06:26.660 [Lua] [MOD][FullAuto][INFO] (hook_safe): Hooking 'start' from [table: 0x06ae90e0] (Origin: function: 0x0bb31260)
04:06:26.660 [Lua] [MOD][FullAuto][INFO] (hook_safe): Hooking 'stop' from [table: 0x06ae90e0] (Origin: function: 0x0bb312a0)
04:06:26.660 [Lua] [MOD][FullAuto][INFO] (hook_safe): [WarpChargeActionModule.start] needs to be delayed.
04:06:26.660 [Lua] [MOD][FullAuto][INFO] (hook_safe): [WarpChargeActionModule.finish] needs to be delayed.
04:06:26.660 [Lua] [MOD][FullAuto][INFO] (hook_safe): [PlayerUnitWeaponExtension.fixed_update] needs to be delayed.
04:06:26.660 [Lua] [MOD][FullAuto][INFO] (hook): Hooking '_get' from [InputService] (Origin: function: 0x07dca650)
04:06:26.660 [Lua] [MOD][FullAuto][INFO] (hooks): Enabling all hooks for mod: FullAuto
04:06:26.660 [Lua] [Mod] Loading ./../mods/FuryOfTheFaithfulEnhanced/FuryOfTheFaithfulEnhanced.mod
04:06:26.660 [Lua] <<crashify-property>>Mod:FuryOfTheFaithfulEnhanced = true<</crashify-property>>
04:06:26.660 [Lua] INFO [Uncategorized] [ModManager] Loading mod FuryOfTheFaithfulEnhanced with id 24
04:06:26.669 [Lua] Init DMF mod 'FuryOfTheFaithfulEnhanced' [load_order_name: 'FuryOfTheFaithfulEnhanced', load_order_id: 24]
04:06:26.671 [Lua] [MOD][FuryOfTheFaithfulEnhanced][INFO] (hook_origin): [TargetedDashEffects._spawn_effects] needs to be delayed.
04:06:26.671 [Lua] [MOD][FuryOfTheFaithfulEnhanced][INFO] (hook_origin): [TargetedDashEffects.update] needs to be delayed.
04:06:26.671 [Lua] [MOD][FuryOfTheFaithfulEnhanced][INFO] (hook): [PrecisionTargetFinder.update_precision_target] needs to be delayed.
04:06:26.671 [Lua] [Mod] Loading ./../mods/hud_studio/hud_studio.mod
04:06:26.671 [Lua] <<crashify-property>>Mod:hud_studio = true<</crashify-property>>
04:06:26.671 [Lua] INFO [Uncategorized] [ModManager] Loading mod hud_studio with id 25
04:06:26.686 [Lua] Init DMF mod 'hud_studio' [load_order_name: 'hud_studio', load_order_id: 25, version: '1.7.1', author: 'malevhf']
04:06:26.809 [Lua] [MOD][hud_studio][INFO] (hook): Hooking '_update_view_hotkeys' from [UIManager] (Origin: function: 0x090548f0)
04:06:26.809 [Lua] [MOD][hud_studio][INFO] (hook): Hooking 'input_service' from [UIManager] (Origin: function: 0x09054bf8)
04:06:26.809 [Lua] [MOD][hud_studio][INFO] (hook): Hooking 'using_input' from [UIManager] (Origin: function: 0x09055320)
04:06:26.809 [Lua] [MOD][hud_studio][INFO] (hook): Hooking 'check_keybinds' from [table: 0x06c42730] (Origin: function: 0x061c3b10)
04:06:26.809 [Lua] [MOD][hud_studio][INFO] (hook): Hooking 'update' from [CameraHandler] (Origin: function: 0x08bc78e0)
04:06:26.833 [Lua] [MOD][hud_studio][INFO] (hook): [HudElementTeamPlayerPanelHub.draw] needs to be delayed.
04:06:26.833 [Lua] [MOD][hud_studio][INFO] (hook): [HudElementPersonalPlayerPanelHub.draw] needs to be delayed.
04:06:26.833 [Lua] [MOD][hud_studio][INFO] (hook): [HudElementTeamPlayerPanel.draw] needs to be delayed.
04:06:26.833 [Lua] [MOD][hud_studio][INFO] (hook): [HudElementPersonalPlayerPanel.draw] needs to be delayed.
04:06:26.833 [Lua] [MOD][hud_studio][INFO] (hook): [HudElementOvercharge.draw] needs to be delayed.
04:06:26.833 [Lua] [MOD][hud_studio][INFO] (hook): [HudElementDodgeCounter.draw] needs to be delayed.
04:06:26.833 [Lua] [MOD][hud_studio][INFO] (hook): [HudElementStamina.draw] needs to be delayed.
04:06:26.833 [Lua] [MOD][hud_studio][INFO] (hook): [HudElementPlayerAbilityHandler.draw] needs to be delayed.
04:06:26.833 [Lua] [MOD][hud_studio][INFO] (hook): [HudElementPlayerWeaponHandler.draw] needs to be delayed.
04:06:26.835 [Lua] [MOD][hud_studio][INFO] (hooks): Enabling all hooks for mod: hud_studio
04:06:26.835 [Lua] [Mod] Loading ./../mods/halo_HUD_at_home/halo_HUD_at_home.mod
04:06:26.835 [Lua] <<crashify-property>>Mod:halo_HUD_at_home = true<</crashify-property>>
04:06:26.835 [Lua] INFO [Uncategorized] [ModManager] Loading mod halo_HUD_at_home with id 26
04:06:26.836 warning: [Profiler] [renderer] Stall 161 ms on frame 87: 
    ThreadPool::do_work_while_waiting_for_event 161 ms
04:06:26.836 warning: [Profiler] [main] Stall 150 ms on frame 87: 
    Application::update 152 ms
        game update 151 ms
            MyGame::update 151 ms
                Lua->update 150 ms
04:06:26.838 [Lua] Init DMF mod 'halo_HUD_at_home' [load_order_name: 'halo_HUD_at_home', load_order_id: 26, version: '1.0', author: 'Geoff From Accounting']
04:06:26.839 [Lua] [Mod] Loading ./../mods/HUDTweaker/HUDTweaker.mod
04:06:26.840 [Lua] <<crashify-property>>Mod:HUDTweaker = true<</crashify-property>>
04:06:26.840 [Lua] INFO [Uncategorized] [ModManager] Loading mod HUDTweaker with id 27
04:06:26.854 [Lua] Init DMF mod 'HUDTweaker' [load_order_name: 'HUDTweaker', load_order_id: 27]
04:06:26.856 [Lua] [MOD][HUDTweaker][INFO] (hook_safe): Hooking 'init' from [HudElementBase] (Origin: function: 0x0900e490)
04:06:26.856 [Lua] [MOD][HUDTweaker][INFO] (hook): Hooking 'update' from [HudElementBase] (Origin: function: 0x0900e7e8)
04:06:26.856 [Lua] [MOD][HUDTweaker][INFO] (hook): Hooking 'using_input' from [UIManager] (Origin: function: 0x09055320)
04:06:26.856 [Lua] [MOD][HUDTweaker][INFO] (hooks): Enabling all hooks for mod: HUDTweaker
04:06:26.856 [Lua] [Mod] Loading ./../mods/immersive_evasion/immersive_evasion.mod
04:06:26.857 [Lua] <<crashify-property>>Mod:immersive_evasion = true<</crashify-property>>
04:06:26.857 [Lua] INFO [Uncategorized] [ModManager] Loading mod immersive_evasion with id 28
04:06:26.871 [Lua] Init DMF mod 'immersive_evasion' [load_order_name: 'immersive_evasion', load_order_id: 28]
04:06:26.873 [Lua] [MOD][immersive_evasion][INFO] (hook_safe): Hooking 'on_enter' from [PlayerCharacterStateDodging] (Origin: function: 0x025c96a0)
04:06:26.873 [Lua] [MOD][immersive_evasion][INFO] (hook_safe): Hooking '_check_transition' from [PlayerCharacterStateDodging] (Origin: function: 0x025c9708)
04:06:26.873 [Lua] [MOD][immersive_evasion][INFO] (hook_safe): Hooking 'on_exit' from [PlayerCharacterStateDodging] (Origin: function: 0x025c96e0)
04:06:26.873 [Lua] [MOD][immersive_evasion][INFO] (hook_safe): Hooking 'on_enter' from [PlayerCharacterStateSliding] (Origin: function: 0x03544770)
04:06:26.873 [Lua] [MOD][immersive_evasion][INFO] (hook_safe): Hooking '_check_transition' from [PlayerCharacterStateSliding] (Origin: function: 0x03544800)
04:06:26.873 [Lua] [MOD][immersive_evasion][INFO] (hook_safe): Hooking 'on_exit' from [PlayerCharacterStateSliding] (Origin: function: 0x03544798)
04:06:26.873 [Lua] [MOD][immersive_evasion][INFO] (hook_safe): [CharacterStateMachine._change_state] needs to be delayed.
04:06:26.873 [Lua] [MOD][immersive_evasion][INFO] (hook_safe): [CharacterStateMachine.server_correction_occurred] needs to be delayed.
04:06:26.873 [Lua] [MOD][immersive_evasion][INFO] (hook): Hooking 'set_node_trees_aim_orientation' from [CameraManager] (Origin: function: 0x08b7aed0)
04:06:26.873 [Lua] [MOD][immersive_evasion][INFO] (hooks): Enabling all hooks for mod: immersive_evasion
04:06:26.873 [Lua] [Mod] Loading ./../mods/keystone_blitz_bars/keystone_blitz_bars.mod
04:06:26.874 [Lua] <<crashify-property>>Mod:keystone_blitz_bars = true<</crashify-property>>
04:06:26.874 [Lua] INFO [Uncategorized] [ModManager] Loading mod keystone_blitz_bars with id 29
04:06:26.887 [Lua] Init DMF mod 'keystone_blitz_bars' [load_order_name: 'keystone_blitz_bars', load_order_id: 29]
04:06:26.897 [Lua] [MOD][keystone_blitz_bars][INFO] (hook): Hooking 'init' from [UIHud] (Origin: function: 0x0900ea40)
04:06:26.897 [Lua] [MOD][keystone_blitz_bars][INFO] (hook_safe): Hooking 'close_view' from [UIViewHandler] (Origin: function: 0x09020528)
04:06:26.897 [Lua] [MOD][keystone_blitz_bars][INFO] (hook_safe): Hooking 'begin_pass' from [table: 0x022339c8] (Origin: function: 0x022342a8)
04:06:26.897 [Lua] [MOD][keystone_blitz_bars][INFO] (hooks): Enabling all hooks for mod: keystone_blitz_bars
04:06:26.897 [Lua] [Mod] Loading ./../mods/KillfeedImprovements/KillfeedImprovements.mod
04:06:26.898 [Lua] <<crashify-property>>Mod:KillfeedImprovements = true<</crashify-property>>
04:06:26.898 [Lua] INFO [Uncategorized] [ModManager] Loading mod KillfeedImprovements with id 30
04:06:26.905 [Lua] Init DMF mod 'KillfeedImprovements' [load_order_name: 'KillfeedImprovements', load_order_id: 30, version: '26.09.05', author: 'raindish & LucLeto']
04:06:26.907 [Lua] [MOD][KillfeedImprovements][INFO] (hook): [HudElementCombatFeed.event_combat_feed_kill] needs to be delayed.
04:06:26.907 [Lua] [MOD][KillfeedImprovements][INFO] (hook): [HudElementCombatFeed._create_widget] needs to be delayed.
04:06:26.907 [Lua] [MOD][KillfeedImprovements][INFO] (hook): [HudElementCombatFeed._enabled] needs to be delayed.
04:06:26.907 [Lua] [Mod] Loading ./../mods/MarkPreview/MarkPreview.mod
04:06:26.907 [Lua] <<crashify-property>>Mod:MarkPreview = true<</crashify-property>>
04:06:26.907 [Lua] INFO [Uncategorized] [ModManager] Loading mod MarkPreview with id 31
04:06:26.921 [Lua] Init DMF mod 'MarkPreview' [load_order_name: 'MarkPreview', load_order_id: 31]
04:06:26.923 [Lua] [MOD][MarkPreview][INFO] (hook_safe): [InventoryWeaponMarksView.on_enter] needs to be delayed.
04:06:26.923 [Lua] [MOD][MarkPreview][INFO] (hook_safe): [InventoryWeaponMarksView._preview_item] needs to be delayed.
04:06:26.923 [Lua] [MOD][MarkPreview][INFO] (hook): Hooking 'present_grid_layout' from [ViewElementWeaponActionsExtended] (Origin: function: 0x03639f10)
04:06:26.923 [Lua] [MOD][MarkPreview][INFO] (hooks): Enabling all hooks for mod: MarkPreview
04:06:26.923 [Lua] [Mod] Loading ./../mods/MissionBrief/MissionBrief.mod
04:06:26.924 [Lua] <<crashify-property>>Mod:MissionBrief = true<</crashify-property>>
04:06:26.924 [Lua] INFO [Uncategorized] [ModManager] Loading mod MissionBrief with id 32
04:06:26.937 [Lua] Init DMF mod 'MissionBrief' [load_order_name: 'MissionBrief', load_order_id: 32]
04:06:26.941 [Lua] [MOD][MissionBrief][INFO] (hook_safe): [MissionIntroView.draw] needs to be delayed.
04:06:26.941 [Lua] [MOD][MissionBrief][INFO] (hook_safe): [MissionIntroView.on_enter] needs to be delayed.
04:06:26.942 [Lua] [Mod] Loading ./../mods/MusicSelector/MusicSelector.mod
04:06:26.942 [Lua] <<crashify-property>>Mod:MusicSelector = true<</crashify-property>>
04:06:26.942 [Lua] INFO [Uncategorized] [ModManager] Loading mod MusicSelector with id 33
04:06:26.954 [Lua] Init DMF mod 'MusicSelector' [load_order_name: 'MusicSelector', load_order_id: 33]
04:06:26.965 [Lua] [MOD][MusicSelector][INFO] (hook): Hooking 'set_parameter' from [Wwise] (Origin: function: 0x00eaaac8)
04:06:26.965 [Lua] [MOD][MusicSelector][INFO] (hook): Hooking 'set_state' from [Wwise] (Origin: function: 0x00eaaa70)
04:06:26.965 [Lua] [MOD][MusicSelector][INFO] (hooks): Disabling all hooks for mod: MusicSelector
04:06:26.965 [Lua] [Mod] Loading ./../mods/Noospheric Mercy/Noospheric Mercy.mod
04:06:26.965 [Lua] <<crashify-property>>Mod:Noospheric Mercy = true<</crashify-property>>
04:06:26.965 [Lua] INFO [Uncategorized] [ModManager] Loading mod Noospheric Mercy with id 34
04:06:26.971 [Lua] Init DMF mod 'Noospheric Mercy' [load_order_name: 'Noospheric Mercy', load_order_id: 34]
04:06:26.994 [Lua] [MOD][Noospheric Mercy][INFO] (hook_safe): Hooking '_handle_event' from [ChatManager] (Origin: function: 0x07b43e88)
04:06:26.994 [Lua] [MOD][Noospheric Mercy][INFO] (hooks): Enabling all hooks for mod: Noospheric Mercy
04:06:26.994 [Lua] [Mod] Loading ./../mods/NPCLook/NPCLook.mod
04:06:26.994 [Lua] <<crashify-property>>Mod:NPCLook = true<</crashify-property>>
04:06:26.994 [Lua] INFO [Uncategorized] [ModManager] Loading mod NPCLook with id 35
04:06:26.996 [Lua] Init DMF mod 'NPCLook' [load_order_name: 'NPCLook', load_order_id: 35]
04:06:27.014 [Lua] [MOD][DMF][INFO] MispredictPackageHandler is now available for previously-delayed hooks.
04:06:27.014 [Lua] [MOD][DMF][INFO] (hook): Hooking 'new' from [MispredictPackageHandler] (Origin: function: 0x027a2900)
04:06:27.014 [Lua] [MOD][DMF][INFO] AuspexEffects is now available for previously-delayed hooks.
04:06:27.014 [Lua] [MOD][DMF][INFO] (hook): Hooking 'new' from [AuspexEffects] (Origin: function: 0x044c8b98)
04:06:27.014 [Lua] [MOD][DMF][INFO] AuspexScanningEffects is now available for previously-delayed hooks.
04:06:27.014 [Lua] [MOD][DMF][INFO] (hook): Hooking 'new' from [AuspexScanningEffects] (Origin: function: 0x044fe870)
04:06:27.015 [Lua] [MOD][DMF][INFO] Flashlight is now available for previously-delayed hooks.
04:06:27.015 [Lua] [MOD][DMF][INFO] (hook): Hooking 'new' from [Flashlight] (Origin: function: 0x07217b60)
04:06:27.016 [Lua] [MOD][DMF][INFO] PlayerUnitVisualLoadoutExtension is now available for previously-delayed hooks.
04:06:27.016 [Lua] [MOD][DMF][INFO] (hook): Hooking 'new' from [PlayerUnitVisualLoadoutExtension] (Origin: function: 0x046281c8)
04:06:27.016 [Lua] [MOD][NPCLook][INFO] (hook): Hooking '_input_active' from [HumanGameplay] (Origin: function: 0x08bd72e0)
04:06:27.017 [Lua] [MOD][NPCLook][INFO] (hook): Hooking '_slot_is_loaded' from [EquipmentComponent] (Origin: function: 0x08fc0310)
04:06:27.017 [Lua] [MOD][NPCLook][INFO] (hook): Hooking 'generate_visual_item' from [table: 0x0754f1e8] (Origin: function: 0x0754ff18)
04:06:27.017 [Lua] [MOD][NPCLook][INFO] (hook): Hooking 'generate_visual_loadout' from [table: 0x0754f1e8] (Origin: function: 0x0754fef0)
04:06:27.017 [Lua] [MOD][NPCLook][INFO] (hook): Hooking '_spawn_player_item_units' from [EquipmentComponent] (Origin: function: 0x08fc0700)
04:06:27.017 [Lua] [MOD][NPCLook][INFO] (hook): Hooking 'item_equipped' from [MispredictPackageHandler] (Origin: function: 0x02ec2c40)
04:06:27.017 [Lua] [MOD][NPCLook][INFO] (hook): Hooking 'item_unequipped' from [MispredictPackageHandler] (Origin: function: 0x02ecd0f0)
04:06:27.017 [Lua] [MOD][NPCLook][INFO] (hook): Hooking '_unload_item_packages' from [MispredictPackageHandler] (Origin: function: 0x02f09818)
04:06:27.017 [Lua] [MOD][NPCLook][INFO] (hook): Hooking 'update_item_visibility' from [EquipmentComponent] (Origin: function: 0x08fc0c30)
04:06:27.017 [Lua] [MOD][NPCLook][INFO] (hook): Hooking '_update_item_visibility' from [PlayerUnitVisualLoadoutExtension] (Origin: function: 0x10149328)
04:06:27.017 [Lua] [MOD][NPCLook][INFO] (hook): Hooking 'server_correction_occurred' from [PlayerUnitVisualLoadoutExtension] (Origin: function: 0x10149448)
04:06:27.017 [Lua] [MOD][NPCLook][INFO] (hook): Hooking '_unequip_item_from_slot' from [PlayerUnitVisualLoadoutExtension] (Origin: function: 0x101492d0)
04:06:27.024 [Lua] [MOD][NPCLook][INFO] (hook): Hooking 'update' from [InventoryBackgroundView] (Origin: function: 0x10219ba0)
04:06:27.024 [Lua] [MOD][NPCLook][INFO] (hook): Hooking 'on_exit' from [InventoryBackgroundView] (Origin: function: 0x10219880)
04:06:27.024 [Lua] [MOD][NPCLook][INFO] (hook): Hooking 'on_profile_preset_index_change' from [ViewElementProfilePresets] (Origin: function: 0x10217990)
04:06:27.024 [Lua] [MOD][NPCLook][INFO] (hook): Hooking '_player_profile_changed' from [PackageSynchronizerHost] (Origin: function: 0x08e934c0)
04:06:27.024 [Lua] [MOD][NPCLook][INFO] (hook): Hooking '_handle_profile_changes_after_sync' from [PackageSynchronizerHost] (Origin: function: 0x08e93a58)
04:06:27.024 [Lua] [MOD][NPCLook][INFO] (hook): Hooking '_unload_packages' from [UICharacterProfilePackageLoader] (Origin: function: 0x08fc2cd8)
04:06:27.024 [Lua] [MOD][NPCLook][INFO] (hook): Hooking 'spawn_profile' from [UIProfileSpawner] (Origin: function: 0x08fc30c0)
04:06:27.024 [Lua] [MOD][NPCLook][INFO] (hook): Hooking '_spawn_profile' from [InventoryBackgroundView] (Origin: function: 0x10219c90)
04:06:27.026 [Lua] [MOD][NPCLook][INFO] (hook): Hooking 'init' from [InventoryCosmeticsView] (Origin: function: 0x102bb620)
04:06:27.026 [Lua] [MOD][NPCLook][INFO] (hook): Hooking 'load_profile_portrait' from [PortraitUI] (Origin: function: 0x08b9f208)
04:06:27.026 [Lua] [MOD][NPCLook][INFO] (hook): Hooking 'profile_updated' from [PortraitUI] (Origin: function: 0x08b9f1a8)
04:06:27.026 [Lua] [MOD][NPCLook][INFO] (hook): Hooking 'update' from [UIProfileSpawner] (Origin: function: 0x08b9e5c0)
04:06:27.026 [Lua] [MOD][NPCLook][INFO] (hook): Hooking 'spawned' from [UIProfileSpawner] (Origin: function: 0x08b9e620)
04:06:27.026 [Lua] [MOD][NPCLook][INFO] (hook): Hooking '_despawn_current_character_profile' from [UIProfileSpawner] (Origin: function: 0x08b9e220)
04:06:27.026 [Lua] [MOD][NPCLook][INFO] (hook): Hooking 'destroy' from [UIProfileSpawner] (Origin: function: 0x08b9e538)
04:06:27.026 [Lua] [MOD][NPCLook][INFO] (hook): Hooking 'mark_for_deletion' from [UIUnitSpawner] (Origin: function: 0x08faa170)
04:06:27.026 [Lua] [MOD][NPCLook][INFO] (hook): Hooking 'mark_for_deletion' from [UnitSpawnerManager] (Origin: function: 0x08dc6f18)
04:06:27.026 [Lua] [MOD][NPCLook][INFO] (hook): Hooking 'render' from [table: 0x00fca8f8] (Origin: function: 0x00fcabe8)
04:06:27.026 [Lua] [Mod] Loading ./../mods/NumericUI/NumericUI.mod
04:06:27.027 [Lua] <<crashify-property>>Mod:NumericUI = true<</crashify-property>>
04:06:27.027 [Lua] INFO [Uncategorized] [ModManager] Loading mod NumericUI with id 36
04:06:27.030 [Lua] Init DMF mod 'NumericUI' [load_order_name: 'NumericUI', load_order_id: 36, version: '26.09.29.1', author: 'raindish & LucLeto']
04:06:27.039 [Lua] [MOD][NumericUI][INFO] (hook_safe): [HudElementPlayerPanelBase.destroy] needs to be delayed.
04:06:27.039 [Lua] [MOD][NumericUI][INFO] (hook): [HudElementPersonalPlayerPanel._update_player_features] needs to be delayed.
04:06:27.039 [Lua] [MOD][NumericUI][INFO] (hook): [HudElementTeamPlayerPanel._update_player_features] needs to be delayed.
04:06:27.039 [Lua] [MOD][NumericUI][INFO] (hook): [HudElementTeamPlayerPanel.init] needs to be delayed.
04:06:27.040 [Lua] [MOD][NumericUI][INFO] (hook): Hooking 'dofile' from [_G] (Origin: function: 0x00e45d68)
04:06:27.040 [Lua] [MOD][NumericUI][INFO] (hook_safe): [HudElementPlayerAbility._set_progress] needs to be delayed.
04:06:27.040 [Lua] [MOD][NumericUI][INFO] (hook_safe): [HudElementPlayerAbility._set_widget_state_colors] needs to be delayed.
04:06:27.041 [Lua] [MOD][NumericUI][INFO] (hook_safe): [HudElementPlayerWeapon._set_ammo_amount] needs to be delayed.
04:06:27.041 [Lua] [MOD][NumericUI][INFO] (hook_safe): [HudElementPlayerWeapon.set_wield_anim_progress] needs to be delayed.
04:06:27.041 [Lua] [MOD][NumericUI][INFO] (hook_safe): [HudElementPlayerWeapon.update] needs to be delayed.
04:06:27.042 [Lua] [MOD][NumericUI][INFO] (hook_safe): [HudElementInteraction._setup_interaction_information] needs to be delayed.
04:06:27.042 [Lua] [MOD][NumericUI][INFO] (hook_safe): [HudElementInteraction.update] needs to be delayed.
04:06:27.044 [Lua] [MOD][NumericUI][INFO] (hook_safe): Hooking 'husk_init' from [table: 0x0491dad0] (Origin: function: 0x02e205f0)
04:06:27.044 [Lua] [MOD][NumericUI][INFO] (hook_safe): Hooking 'local_init' from [table: 0x0491dad0] (Origin: function: 0x0316fc70)
04:06:27.044 [Lua] [MOD][NumericUI][INFO] (hook_safe): [HudElementBossHealth.update] needs to be delayed.
04:06:27.046 [Lua] [MOD][NumericUI][INFO] (hook): Hooking 'init' from [UIHud] (Origin: function: 0x0900ea40)
04:06:27.046 [Lua] [MOD][NumericUI][INFO] (hooks): Enabling all hooks for mod: NumericUI
04:06:27.046 [Lua] [Mod] Loading ./../mods/objective_tracker/objective_tracker.mod
04:06:27.046 [Lua] <<crashify-property>>Mod:objective_tracker = true<</crashify-property>>
04:06:27.046 [Lua] INFO [Uncategorized] [ModManager] Loading mod objective_tracker with id 37
04:06:27.049 [Lua] Init DMF mod 'objective_tracker' [load_order_name: 'objective_tracker', load_order_id: 37, version: '1.11.1', author: 'Oagoz']
04:06:27.054 [Lua] [MOD][objective_tracker][INFO] (hook): [HudElementMissionObjectiveFeed._draw_widgets] needs to be delayed.
04:06:27.054 [Lua] [MOD][objective_tracker][INFO] (hook): [HudElementMissionObjectivePopup._draw_widgets] needs to be delayed.
04:06:27.054 [Lua] [Mod] Loading ./../mods/peril_fx/peril_fx.mod
04:06:27.054 [Lua] <<crashify-property>>Mod:peril_fx = true<</crashify-property>>
04:06:27.054 [Lua] INFO [Uncategorized] [ModManager] Loading mod peril_fx with id 38
04:06:27.065 [Lua] Init DMF mod 'peril_fx' [load_order_name: 'peril_fx', load_order_id: 38]
04:06:27.068 [Lua] [MOD][peril_fx][INFO] (hook_safe): [PlayerUnitMoodExtension._add_mood] needs to be delayed.
04:06:27.068 [Lua] [MOD][peril_fx][INFO] (hook): Hooking '_update_active_moods' from [MoodHandler] (Origin: function: 0x08bc72e0)
04:06:27.068 [Lua] [MOD][peril_fx][INFO] (hooks): Enabling all hooks for mod: peril_fx
04:06:27.068 [Lua] [Mod] Loading ./../mods/PerilGauge/PerilGauge.mod
04:06:27.068 [Lua] <<crashify-property>>Mod:PerilGauge = true<</crashify-property>>
04:06:27.068 [Lua] INFO [Uncategorized] [ModManager] Loading mod PerilGauge with id 39
04:06:27.082 [Lua] Init DMF mod 'PerilGauge' [load_order_name: 'PerilGauge', load_order_id: 39, version: '1.11', author: 'alxl']
04:06:27.084 [Lua] [MOD][PerilGauge][INFO] (hook): [HudElementOvercharge.update] needs to be delayed.
04:06:27.084 [Lua] [MOD][PerilGauge][INFO] (hook): [HudElementOvercharge._update_visibility] needs to be delayed.
04:06:27.085 [Lua] [MOD][PerilGauge][INFO] (hook_safe): [HudElementWeaponCounter.init] needs to be delayed.
04:06:27.085 [Lua] [Mod] Loading ./../mods/PewPew/PewPew.mod
04:06:27.085 [Lua] <<crashify-property>>Mod:PewPew = true<</crashify-property>>
04:06:27.085 [Lua] INFO [Uncategorized] [ModManager] Loading mod PewPew with id 40
04:06:27.099 [Lua] Init DMF mod 'PewPew' [load_order_name: 'PewPew', load_order_id: 40, version: '1.17.0', author: 'tinybike - Backup158']
04:06:27.111 [Lua] [Mod] Loading ./../mods/PlayerDeathfeed/PlayerDeathfeed.mod
04:06:27.112 [Lua] <<crashify-property>>Mod:PlayerDeathfeed = true<</crashify-property>>
04:06:27.112 [Lua] INFO [Uncategorized] [ModManager] Loading mod PlayerDeathfeed with id 41
04:06:27.116 [Lua] Init DMF mod 'PlayerDeathfeed' [load_order_name: 'PlayerDeathfeed', load_order_id: 41, version: '2.8', author: 'MeowBeep & IndicaBunny']
04:06:27.121 [Lua] [MOD][DMF][INFO] HudElementCombatFeed is now available for previously-delayed hooks.
04:06:27.121 [Lua] [MOD][DMF][INFO] (hook): Hooking 'new' from [HudElementCombatFeed] (Origin: function: 0x10718d20)
04:06:27.121 [Lua] [MOD][PlayerDeathfeed][INFO] (hook_safe): Hooking 'on_exit' from [PlayerCharacterStateDead] (Origin: function: 0x02511bb8)
04:06:27.122 [Lua] [MOD][PlayerDeathfeed][INFO] (hook_safe): Hooking 'on_exit' from [PlayerCharacterStateKnockedDown] (Origin: function: 0x04b833f8)
04:06:27.122 [Lua] [MOD][PlayerDeathfeed][INFO] (hook_safe): Hooking '_event_player_authenticated' from [ConstantElementNotificationFeed] (Origin: function: 0x08696ad8)
04:06:27.122 [Lua] [MOD][PlayerDeathfeed][INFO] (hook_safe): Hooking '_process_attack_result' from [AttackReportManager] (Origin: function: 0x08a75558)
04:06:27.122 [Lua] [MOD][PlayerDeathfeed][INFO] (hook_safe): [InteracteeExtension.stopped] needs to be delayed.
04:06:27.122 [Lua] [MOD][PlayerDeathfeed][INFO] (hook_safe): [PlayerInteracteeExtension.stopped] needs to be delayed.
04:06:27.122 [Lua] [MOD][PlayerDeathfeed][INFO] (hooks): Enabling all hooks for mod: PlayerDeathfeed
04:06:27.122 [Lua] [Mod] Loading ./../mods/Perspectives/Perspectives.mod
04:06:27.122 [Lua] <<crashify-property>>Mod:Perspectives = true<</crashify-property>>
04:06:27.122 [Lua] INFO [Uncategorized] [ModManager] Loading mod Perspectives with id 42
04:06:27.132 [Lua] Init DMF mod 'Perspectives' [load_order_name: 'Perspectives', load_order_id: 42, version: '1.14', author: 'alxl']
04:06:27.138 [Lua] [MOD][Perspectives][INFO] (hook_safe): [ActionBlock.start] needs to be delayed.
04:06:27.138 [Lua] [MOD][Perspectives][INFO] (hook_safe): [ActionBlock.finish] needs to be delayed.
04:06:27.138 [Lua] [MOD][Perspectives][INFO] (hook): [PlayerUnitWeaponExtension._fill_action_params] needs to be delayed.
04:06:27.138 [Lua] [MOD][Perspectives][INFO] (hook): Hooking '_get' from [InputService] (Origin: function: 0x07dca650)
04:06:27.138 [Lua] [MOD][Perspectives][INFO] (hook): Hooking '_get_simulate' from [InputService] (Origin: function: 0x07dca248)
04:06:27.138 [Lua] [MOD][Perspectives][INFO] (hook): Hooking 'force_third_person_mode' from [MissionManager] (Origin: function: 0x08e03578)
04:06:27.138 [Lua] [MOD][Perspectives][INFO] (hook): [PlayerUnitCameraExtension._evaluate_camera_tree] needs to be delayed.
04:06:27.138 [Lua] [MOD][Perspectives][INFO] (hook): [PlayerHuskCameraExtension.camera_tree_node] needs to be delayed.
04:06:27.138 [Lua] [MOD][Perspectives][INFO] (hook): Hooking '_next_follow_unit' from [CameraHandler] (Origin: function: 0x08bc7a68)
04:06:27.138 [Lua] [MOD][Perspectives][INFO] (hook_safe): Hooking '_switch_follow_target' from [CameraHandler] (Origin: function: 0x08bc7838)
04:06:27.138 [Lua] [MOD][Perspectives][INFO] (hook): [PlayerHuskFirstPersonExtension._update_first_person_mode] needs to be delayed.
04:06:27.138 [Lua] [MOD][Perspectives][INFO] (hook): [HudElementCrosshair._get_current_crosshair_type] needs to be delayed.
04:06:27.138 [Lua] [MOD][Perspectives][INFO] (hook_safe): Hooking 'init' from [GameModeManager] (Origin: function: 0x08a5b598)
04:06:27.138 [Lua] [Mod] Loading ./../mods/Preysight/Preysight.mod
04:06:27.138 [Lua] <<crashify-property>>Mod:Preysight = true<</crashify-property>>
04:06:27.138 [Lua] INFO [Uncategorized] [ModManager] Loading mod Preysight with id 43
04:06:27.149 [Lua] Init DMF mod 'Preysight' [load_order_name: 'Preysight', load_order_id: 43, version: '1.1.0', author: 'Wobin']
04:06:27.157 [Lua] [Mod] Loading ./../mods/reforged_in_fury_females/reforged_in_fury_females.mod
04:06:27.158 [Lua] <<crashify-property>>Mod:reforged_in_fury_females = true<</crashify-property>>
04:06:27.158 [Lua] INFO [Uncategorized] [ModManager] Loading mod reforged_in_fury_females with id 44
04:06:27.165 [Lua] Init DMF mod 'reforged_in_fury_females' [load_order_name: 'reforged_in_fury_females', load_order_id: 44]
04:06:27.173 [Lua] [Mod] Loading ./../mods/ShowEquippedInLobby/ShowEquippedInLobby.mod
04:06:27.173 [Lua] <<crashify-property>>Mod:ShowEquippedInLobby = true<</crashify-property>>
04:06:27.173 [Lua] INFO [Uncategorized] [ModManager] Loading mod ShowEquippedInLobby with id 45
04:06:27.182 [Lua] Init DMF mod 'ShowEquippedInLobby' [load_order_name: 'ShowEquippedInLobby', load_order_id: 45, version: '26.09.05', author: 'raindish']
04:06:27.184 [Lua] [MOD][DMF][INFO] LobbyView is now available for previously-delayed hooks.
04:06:27.184 [Lua] [MOD][DMF][INFO] (hook): Hooking 'new' from [LobbyView] (Origin: function: 0x1084d2d8)
04:06:27.184 [Lua] [MOD][ShowEquippedInLobby][INFO] (hook): Hooking '_setup_weapon_widgets' from [LobbyView] (Origin: function: 0x1084e320)
04:06:27.184 [Lua] [MOD][ShowEquippedInLobby][INFO] (hooks): Enabling all hooks for mod: ShowEquippedInLobby
04:06:27.184 [Lua] [Mod] Loading ./../mods/Signal Repeater/Signal Repeater.mod
04:06:27.185 [Lua] <<crashify-property>>Mod:Signal Repeater = true<</crashify-property>>
04:06:27.185 [Lua] INFO [Uncategorized] [ModManager] Loading mod Signal Repeater with id 46
04:06:27.199 [Lua] Init DMF mod 'Signal Repeater' [load_order_name: 'Signal Repeater', load_order_id: 46, version: '2.6.0', author: 'Wobin']
04:06:27.211 [Lua] [Mod] Loading ./../mods/SlotFix/SlotFix.mod
04:06:27.211 [Lua] <<crashify-property>>Mod:SlotFix = true<</crashify-property>>
04:06:27.211 [Lua] INFO [Uncategorized] [ModManager] Loading mod SlotFix with id 47
04:06:27.216 [Lua] Init DMF mod 'SlotFix' [load_order_name: 'SlotFix', load_order_id: 47, version: '2', author: 'IndicaBunny']
04:06:27.217 [Lua] [MOD][SlotFix][INFO] (hook_safe): Hooking 'remove_player' from [PlayerManager] (Origin: function: 0x079eb5b0)
04:06:27.217 [Lua] [MOD][SlotFix][INFO] (hook_safe): Hooking 'add_player' from [PlayerManager] (Origin: function: 0x079eb550)
04:06:27.217 [Lua] [MOD][SlotFix][INFO] (hooks): Enabling all hooks for mod: SlotFix
04:06:27.217 [Lua] [Mod] Loading ./../mods/SoloPlay/SoloPlay.mod
04:06:27.218 [Lua] <<crashify-property>>Mod:SoloPlay = true<</crashify-property>>
04:06:27.218 [Lua] INFO [Uncategorized] [ModManager] Loading mod SoloPlay with id 48
04:06:27.232 [Lua] Init DMF mod 'SoloPlay' [load_order_name: 'SoloPlay', load_order_id: 48, version: '2.6.9', author: 'deluxghost']
04:06:27.242 [Lua] [MOD][DMF][INFO] MissionIntroView is now available for previously-delayed hooks.
04:06:27.242 [Lua] [MOD][DMF][INFO] (hook): Hooking 'new' from [MissionIntroView] (Origin: function: 0x109d48e0)
04:06:27.242 [Lua] [MOD][SoloPlay][INFO] (hook): Hooking '_update_state_views' from [ConstantElementLoading] (Origin: function: 0x05729888)
04:06:27.242 [Lua] [MOD][SoloPlay][INFO] (hook_safe): Hooking '_assign_player_slots' from [MissionIntroView] (Origin: function: 0x109d5a30)
04:06:27.242 [Lua] [MOD][SoloPlay][INFO] (hook): Hooking '_handle_initial_bot_spawning' from [PlayerUnitSpawnManager] (Origin: function: 0x08dc8098)
04:06:27.243 [Lua] [MOD][SoloPlay][INFO] (hook): Hooking '_setup_content_widgets' from [SystemView] (Origin: function: 0x109eb968)
04:06:27.244 [Lua] [MOD][SoloPlay][INFO] (hook): Hooking 'set_vector3_for_material' from [Unit] (Origin: function: 0x00e5f2a8)
04:06:27.245 [Lua] [MOD][SoloPlay][INFO] (hook): Hooking '_assign_destination_points' from [BotGroup] (Origin: function: 0x024b3788)
04:06:27.246 [Lua] [MOD][SoloPlay][INFO] (hook): Hooking 'teleport_bots' from [DoorExtension] (Origin: function: 0x109fab88)
04:06:27.246 [Lua] [MOD][SoloPlay][INFO] (hook): Hooking '_teleport_companions' from [DoorExtension] (Origin: function: 0x109fad30)
04:06:27.247 [Lua] [MOD][SoloPlay][INFO] (hook): Hooking '_initialize_modifiers' from [GameModeExtensionHavoc] (Origin: function: 0x07e39dc8)
04:06:27.247 [Lua] [MOD][SoloPlay][INFO] (hook_safe): Hooking 'init' from [MechanismOnboarding] (Origin: function: 0x08e20518)
04:06:27.247 [Lua] [MOD][SoloPlay][INFO] (hook_safe): Hooking 'init' from [MutatorMonsterSpawner] (Origin: function: 0x10a0add8)
04:06:27.247 [Lua] [MOD][SoloPlay][INFO] (hook_safe): Hooking '_setup' from [MutatorSpawner] (Origin: function: 0x10a06b18)
04:06:27.247 [Lua] [MOD][SoloPlay][INFO] (hook): [BtChaosMutatorDaemonhostPassiveAction.leave] needs to be delayed.
04:06:27.248 [Lua] [MOD][SoloPlay][INFO] (hook_safe): Hooking 'on_action' from [table: 0x10148298] (Origin: function: 0x03afe8a8)
04:06:27.248 [Lua] [MOD][SoloPlay][INFO] (hook): Hooking 'complete' from [MinigameFrequency] (Origin: function: 0x0898cc30)
04:06:27.248 [Lua] [MOD][SoloPlay][INFO] (hook_safe): Hooking 'on_action_pressed' from [MinigameFrequency] (Origin: function: 0x00ede808)
04:06:27.248 [Lua] [MOD][SoloPlay][INFO] (hook): Hooking 'on_exit' from [PlayerCharacterStateMinigame] (Origin: function: 0x070bd3c0)
04:06:27.249 [Lua] [MOD][SoloPlay][INFO] (hook): Hooking 'event_add_notification_message' from [ConstantElementNotificationFeed] (Origin: function: 0x08710e30)
04:06:27.249 [Lua] [MOD][SoloPlay][INFO] (hook_safe): Hooking 'update' from [ExpeditionLogicServer] (Origin: function: 0x08a317e0)
04:06:27.249 [Lua] [MOD][SoloPlay][INFO] (hook_safe): Hooking '_on_gameplay_paused' from [ExpeditionLogicServer] (Origin: function: 0x08a314b0)
04:06:27.250 [Lua] [MOD][SoloPlay][INFO] (hook_safe): Hooking 'init' from [GameModeManager] (Origin: function: 0x08a5b598)
04:06:27.250 [Lua] [MOD][SoloPlay][INFO] (hook_safe): Hooking 'record_private' from [StatsManager] (Origin: function: 0x08f55560)
04:06:27.250 [Lua] [MOD][SoloPlay][INFO] (hook): Hooking '_use_dummy_session_report' from [ProgressionManager] (Origin: function: 0x08f37ec0)
04:06:27.250 [Lua] [MOD][SoloPlay][INFO] (hook): [EndView._level_from_xp] needs to be delayed.
04:06:27.250 [Lua] [MOD][SoloPlay][INFO] (hook): [EndPlayerView._setup_progress_bar] needs to be delayed.
04:06:27.251 [Lua] [MOD][SoloPlay][INFO] (hook): Hooking 'spawn_player' from [PlayerUnitSpawnManager] (Origin: function: 0x08dc7fb8)
04:06:27.251 [Lua] [MOD][SoloPlay][INFO] (hook): Hooking 'fixed_update' from [PlayerUnitSpawnManager] (Origin: function: 0x08dc7d88)
04:06:27.251 [Lua] [MOD][SoloPlay][INFO] (hook_safe): Hooking 'assign_unit_ownership' from [PlayerUnitSpawnManager] (Origin: function: 0x08dc7e88)
04:06:27.251 [Lua] [MOD][SoloPlay][INFO] (hook_safe): Hooking 'relinquish_unit_ownership' from [PlayerUnitSpawnManager] (Origin: function: 0x08dc7ea8)
04:06:27.251 [Lua] [MOD][SoloPlay][INFO] (hook): Hooking 'friendly_fire_enabled' from [DifficultyManager] (Origin: function: 0x08b93e20)
04:06:27.251 [Lua] [MOD][SoloPlay][INFO] (hook): Hooking 'select_random_island' from [GameModeSurvival] (Origin: function: 0x08a5a618)
04:06:27.251 [Lua] [MOD][SoloPlay][INFO] (hook): Hooking 'init' from [PacingManager] (Origin: function: 0x08db91d0)
04:06:27.251 [Lua] [MOD][SoloPlay][INFO] (hook): Hooking 'spawn_spread_pickups' from [PickupSystem] (Origin: function: 0x1093efc8)
04:06:27.251 [Lua] [MOD][SoloPlay][INFO] (hook): Hooking 'start_loading' from [ExpeditionLevelsLoader] (Origin: function: 0x10940a30)
04:06:27.251 [Lua] [MOD][SoloPlay][INFO] (hook): Hooking 'is_loading_done' from [ExpeditionLevelsLoader] (Origin: function: 0x10940a70)
04:06:27.252 [Lua] [MOD][SoloPlay][INFO] (hook): Hooking 'update' from [StateMainMenu] (Origin: function: 0x07b12398)
04:06:27.252 [Lua] [Mod] Loading ./../mods/state_your_name/state_your_name.mod
04:06:27.252 [Lua] <<crashify-property>>Mod:state_your_name = true<</crashify-property>>
04:06:27.252 [Lua] INFO [Uncategorized] [ModManager] Loading mod state_your_name with id 49
04:06:27.254 [Lua] Init DMF mod 'state_your_name' [load_order_name: 'state_your_name', load_order_id: 49, version: '1.4.0', author: 'Oagoz']
04:06:27.266 [Lua] [MOD][state_your_name][INFO] (hook): Hooking 'character_to_profile' from [table: 0x0754f1e8] (Origin: function: 0x0754f780)
04:06:27.266 [Lua] [MOD][state_your_name][INFO] (hook): Hooking 'backend_profile_data_to_profile' from [table: 0x0754f1e8] (Origin: function: 0x0754f610)
04:06:27.266 [Lua] [MOD][state_your_name][INFO] (hook): Hooking 'get_progression' from [Progression] (Origin: function: 0x07b1b5c8)
04:06:27.266 [Lua] [MOD][state_your_name][INFO] (hook): Hooking 'on_enter' from [StateGameplay] (Origin: function: 0x08e18c48)
04:06:27.266 [Lua] [MOD][state_your_name][INFO] (hook): Hooking '_set_end_conditions_met' from [GameModeManager] (Origin: function: 0x08a5bb98)
04:06:27.266 [Lua] [MOD][state_your_name][INFO] (hook): Hooking '_parse_stats' from [ProgressionManager] (Origin: function: 0x08f376a8)
04:06:27.266 [Lua] [MOD][state_your_name][INFO] (hook): Hooking '_assign_player_to_slot' from [LobbyView] (Origin: function: 0x1084ed50)
04:06:27.266 [Lua] [MOD][state_your_name][INFO] (hook_safe): Hooking 'update' from [LobbyView] (Origin: function: 0x1084eb88)
04:06:27.266 [Lua] [MOD][state_your_name][INFO] (hook): Hooking '_participant_displayname' from [ConstantElementChat] (Origin: function: 0x08e691f0)
04:06:27.266 [Lua] [MOD][state_your_name][INFO] (hook): Hooking '_get_unit_presentation_name' from [HudElementCombatFeed] (Origin: function: 0x10719b50)
04:06:27.266 [Lua] [MOD][state_your_name][INFO] (hooks): Enabling all hooks for mod: state_your_name
04:06:27.266 [Lua] INFO [BackendManager] title_request: GET /data/experience-table/character
04:06:27.267 [Lua] [Mod] Loading ./../mods/TransparentModSettings/TransparentModSettings.mod
04:06:27.268 [Lua] <<crashify-property>>Mod:TransparentModSettings = true<</crashify-property>>
04:06:27.268 [Lua] INFO [Uncategorized] [ModManager] Loading mod TransparentModSettings with id 50
04:06:27.270 error:   [Backend] Not authenticated
04:06:27.271 [Lua] Init DMF mod 'TransparentModSettings' [load_order_name: 'TransparentModSettings', load_order_id: 50, version: '1.1', author: 'IndicaBunny']
04:06:27.273 [Lua] [Mod] Loading ./../mods/ViewmodelRigging/ViewmodelRigging.mod
04:06:27.274 [Lua] <<crashify-property>>Mod:ViewmodelRigging = true<</crashify-property>>
04:06:27.274 [Lua] INFO [Uncategorized] [ModManager] Loading mod ViewmodelRigging with id 51
04:06:27.288 [Lua] Init DMF mod 'ViewmodelRigging' [load_order_name: 'ViewmodelRigging', load_order_id: 51]
04:06:27.297 [Lua] [MOD][ViewmodelRigging][INFO] (hook_safe): Hooking '_update_trajectory' from [AimProjectileEffects] (Origin: function: 0x10c6d838)
04:06:27.297 [Lua] [MOD][ViewmodelRigging][INFO] AimProjectileEffects._update_trajectory guarded raw (invisible to hook profilers)
04:06:27.297 [Lua] [MOD][ViewmodelRigging][INFO] (hook_safe): [PlayerUnitFirstPersonExtension.update_unit_position] needs to be delayed.
04:06:27.297 [Lua] [MOD][ViewmodelRigging][INFO] (hook): Hooking 'post_update' from [CameraManager] (Origin: function: 0x08b7af70)
04:06:27.297 [Lua] [MOD][ViewmodelRigging][INFO] (hook): Hooking 'set_variable' from [CameraManager] (Origin: function: 0x08b7af10)
04:06:27.297 [Lua] [MOD][ViewmodelRigging][INFO] (hook_safe): [HudElementCrosshair.init] needs to be delayed.
04:06:27.297 [Lua] [MOD][ViewmodelRigging][INFO] (hook_safe): [HudElementCrosshair.update] needs to be delayed.
04:06:27.297 [Lua] [MOD][ViewmodelRigging][INFO] (hook): [HudElementCrosshair._crosshair_settings] needs to be delayed.
04:06:27.297 [Lua] [MOD][ViewmodelRigging][INFO] (hooks): Enabling all hooks for mod: ViewmodelRigging
04:06:27.297 [Lua] [Mod] Loading ./../mods/diagetic_HUD/diagetic_HUD.mod
04:06:27.298 [Lua] <<crashify-property>>Mod:diagetic_HUD = true<</crashify-property>>
04:06:27.298 [Lua] INFO [Uncategorized] [ModManager] Loading mod diagetic_HUD with id 52
04:06:27.304 [Lua] Init DMF mod 'diagetic_HUD' [load_order_name: 'diagetic_HUD', load_order_id: 52]
04:06:27.307 [Lua] [MOD][diagetic_HUD][INFO] (hook): Hooking 'position' from [table: 0x01da0e70] (Origin: function: 0x01da0e98)
04:06:27.307 [Lua] [MOD][diagetic_HUD][INFO] (hook_safe): [HudElementCrosshair.update] needs to be delayed.
04:06:27.307 [Lua] [MOD][diagetic_HUD][INFO] (hooks): Enabling all hooks for mod: diagetic_HUD
04:06:27.321 [Lua] [MOD][FpsDoctor][INFO] GC tuned: pause=150 stepmul=200
04:06:27.348 [Lua] [MOD][ViewmodelRigging][INFO] (hook_safe): Hooking 'update_mod_options_visibility' from [table: 0x06c42730] (Origin: function: 0x0765cf68)
04:06:27.348 [Lua] [MOD][ViewmodelRigging][INFO] section hiding installed
04:06:27.348 [Lua] [MOD][Signal Repeater][INFO] 2.6.0
04:06:27.348 [Lua] [MOD][Signal Repeater][INFO] (hook): Hooking 'make_auto_source' from [WwiseWorld] (Origin: function: 0x00eab1f8)
04:06:27.348 [Lua] [MOD][Signal Repeater][INFO] (hook): Hooking 'make_manual_source' from [WwiseWorld] (Origin: function: 0x00eab250)
04:06:27.348 [Lua] [MOD][Signal Repeater][INFO] (hook_safe): Hooking 'destroy_manual_source' from [WwiseWorld] (Origin: function: 0x00eab2b0)
04:06:27.350 [Lua] [MOD][Signal Repeater][INFO] (hook_safe): Hooking 'start_shooting_fx' from [table: 0x06efba28] (Origin: function: 0x06efbac8)
04:06:27.350 [Lua] [MOD][Signal Repeater][INFO] (hook_safe): Hooking 'start_aiming_fx' from [table: 0x06efba28] (Origin: function: 0x06efba50)
04:06:27.350 [Lua] [MOD][Signal Repeater][INFO] (hook_safe): Hooking 'stop_fx' from [table: 0x06efba28] (Origin: function: 0x06efba90)
04:06:27.351 [Lua] [MOD][Signal Repeater][INFO] (hook_safe): Hooking '_play_dialogue_event_implementation' from [DialogueSystem] (Origin: function: 0x086e55e0)
04:06:27.351 [Lua] [MOD][Preysight][INFO] Preysight 1.1.0 loaded
04:06:27.351 [Lua] [MOD][Preysight][INFO] (hook): Hooking 'shading_callback' from [CameraManager] (Origin: function: 0x08b7a548)
04:06:27.351 [Lua] [MOD][Preysight][INFO] (hook_safe): Hooking '_equip_item' from [InventoryCosmeticsView] (Origin: function: 0x102bbdc8)
04:06:27.353 [Lua] [MOD][Noospheric Mercy][INFO] 2.2.0
04:06:27.353 [Lua] [MOD][Noospheric Mercy][INFO] (hook_safe): [HudElementWorldMarkers.init] needs to be delayed.
04:06:27.353 [Lua] [MOD][Noospheric Mercy][INFO] (hook_safe): Hooking 'start_inject_ally_ability' from [table: 0x06b13860] (Origin: function: 0x06b13d90)
04:06:27.353 [Lua] [MOD][Noospheric Mercy][INFO] (hook_safe): Hooking 'set_active' from [MinigameExtension] (Origin: function: 0x10e27608)
04:06:27.371 [Lua] [MOD][hud_studio][INFO] register_blocks: 'halo_HUD_at_home' registered 14 block(s)
04:06:27.379 [Lua] [MOD][extended_weapon_customization][INFO] loaded plugin Extended Weapon Customization Base Additions
04:06:27.380 [Lua] [MOD][extended_weapon_customization][INFO] loaded plugin Tools of the Omnissiah
04:06:27.409 [Lua] [MOD][extended_weapon_customization][INFO] loaded plugin <mod_title>
04:06:27.426 [Lua] [MOD][extended_weapon_customization][INFO] loaded plugin Syndonai Edits
04:06:27.426 [Lua] [MOD][extended_weapon_customization][INFO] loading package wwise/events/weapon/play_flametrower_alt_fire_off
04:06:27.426 [Lua] [MOD][extended_weapon_customization][INFO] loading package content/fx/particles/weapons/rifles/plasma_gun/plasma_vent_valve
04:06:27.426 [Lua] [MOD][extended_weapon_customization][INFO] loading package wwise/events/weapon/play_flamethrower_interrupt
04:06:27.426 [Lua] [MOD][extended_weapon_customization][INFO] loading package wwise/events/weapon/play_flametrower_alt_fire_on
04:06:27.426 [Lua] [MOD][extended_weapon_customization][INFO] loading package content/fx/particles/weapons/rifles/plasma_gun/plasma_gun_charge
04:06:27.426 [Lua] [MOD][extended_weapon_customization][INFO] loading package content/fx/particles/weapons/grenades/flame_grenade_hostile_fire_lingering
04:06:27.426 [Lua] [MOD][extended_weapon_customization][INFO] loading package wwise/events/weapon/play_aoe_liquid_fire_green_loop
04:06:27.426 [Lua] [MOD][extended_weapon_customization][INFO] loading package wwise/events/weapon/stop_aoe_liquid_fire_green_loop
04:06:27.426 [Lua] [MOD][extended_weapon_customization][INFO] loading package content/fx/particles/enemies/plasma_gun_laser_sight
04:06:27.426 [Lua] [MOD][extended_weapon_customization][INFO] loading package content/fx/particles/weapons/grenades/flame_grenade_hostile_fire_lingering_green
04:06:27.426 [Lua] [MOD][extended_weapon_customization][INFO] loading package packages/ui/hud/world_markers/world_markers
04:06:27.426 [Lua] [MOD][extended_weapon_customization][INFO] loading package content/fx/particles/weapons/rifles/lasgun/lasgun_beam_standard_linger_enemy
04:06:27.426 [Lua] [MOD][extended_weapon_customization][INFO] loading package wwise/events/weapon/play_weapon_lasgun_crack_beam_nearby_husk
04:06:27.426 [Lua] [MOD][extended_weapon_customization][INFO] loading package content/fx/particles/enemies/lasgun_beam_enemy
04:06:27.426 [Lua] [MOD][extended_weapon_customization][INFO] loading package content/fx/particles/enemies/renegade_sniper/renegade_sniper_beam_outdoors
04:06:27.426 [Lua] [MOD][extended_weapon_customization][INFO] loading package content/fx/particles/enemies/sniper_laser_sight
04:06:27.426 [Lua] [MOD][extended_weapon_customization][INFO] loading package wwise/events/minions/play_traitor_captain_shield_bullet_hits
04:06:27.426 [Lua] [MOD][extended_weapon_customization][INFO] loading package content/levels/ui/inventory/inventory
04:06:27.426 [Lua] [MOD][extended_weapon_customization][INFO] loading package content/fx/particles/enemies/red_glowing_eyes
04:06:27.426 [Lua] [MOD][extended_weapon_customization][INFO] loading package wwise/events/weapon/play_shockmaul_1h_p2_swing
04:06:27.426 [Lua] [MOD][Enhanced_descriptions][INFO] (hook_safe): [MarksVendorView.on_enter] needs to be delayed.
04:06:27.426 [Lua] [MOD][Enhanced_descriptions][INFO] (hook_safe): [InventoryWeaponsView.on_enter] needs to be delayed.
04:06:27.426 [Lua] [MOD][Enhanced_descriptions][INFO] (hook_safe): [InventoryWeaponMarksView.on_enter] needs to be delayed.
04:06:27.426 [Lua] [MOD][Enhanced_descriptions][INFO] (hook_safe): [ViewElementWeaponInfo._create_bar_breakdown_widgets] needs to be delayed.
04:06:27.430 [Lua] [MOD][Enhanced_descriptions][INFO] Loaded localization file: Enhanced_descriptions/Main_Modules/PENANCES
04:06:27.430 [Lua] [MOD][Enhanced_descriptions][INFO] NAMES_Enemies_Weapons.lua loaded successfully
04:06:27.430 [Lua] [MOD][Enhanced_descriptions][INFO] Loaded localization file: Enhanced_descriptions/Main_Modules/NAMES_Enemies_Weapons
04:06:27.432 [Lua] [MOD][Enhanced_descriptions][INFO] NAMES_Talents_Blessings.lua loaded successfully
04:06:27.432 [Lua] [MOD][Enhanced_descriptions][INFO] Loaded localization file: Enhanced_descriptions/Main_Modules/NAMES_Talents_Blessings
04:06:27.441 [Lua] [MOD][Enhanced_descriptions][INFO] Loaded localization file: Enhanced_descriptions/Main_Modules/WEAPONS_Blessings_Perks
04:06:27.442 [Lua] [MOD][Enhanced_descriptions][INFO] +++---------------------------------------------+++
04:06:27.442 [Lua] [MOD][Enhanced_descriptions][INFO] // ✅ Shared Talents: 102 templates created
04:06:27.449 [Lua] [MOD][Enhanced_descriptions][INFO] // ✅ Added 948 talents from TALENTS_Psyker module
04:06:27.451 [Lua] [MOD][Enhanced_descriptions][INFO] // ✅ Added 300 talents from TALENTS_Veteran module
04:06:27.453 [Lua] [MOD][Enhanced_descriptions][INFO] // ✅ Added 316 talents from TALENTS_Zealot module
04:06:27.455 [Lua] [MOD][Enhanced_descriptions][INFO] // ✅ Added 354 talents from TALENTS_Ogryn module
04:06:27.457 [Lua] [MOD][Enhanced_descriptions][INFO] // ✅ Added 332 talents from TALENTS_Arbites module
04:06:27.459 [Lua] [MOD][Enhanced_descriptions][INFO] // ✅ Added 396 talents from TALENTS_Scum module
04:06:27.461 [Lua] [MOD][Enhanced_descriptions][INFO] // ✅ Added 403 talents from TALENTS_Skitarii module
04:06:27.461 [Lua] [MOD][Enhanced_descriptions][INFO] +++---------------------------------------------+++
04:06:27.461 [Lua] [MOD][Enhanced_descriptions][INFO] // ⚙ Loaded: 3151 talents in 7 modules
04:06:27.461 [Lua] [MOD][Enhanced_descriptions][INFO] +++---------------------------------------------+++
04:06:27.461 [Lua] [MOD][Enhanced_descriptions][INFO] Loaded localization file: Enhanced_descriptions/Main_Modules/TALENTS_Modular
04:06:27.462 [Lua] [MOD][Enhanced_descriptions][INFO] Loaded localization file: Enhanced_descriptions/Main_Modules/CURIOS_Blessings_Perks
04:06:27.463 [Lua] [MOD][Enhanced_descriptions][INFO] MENUS.lua loaded successfully
04:06:27.463 [Lua] [MOD][Enhanced_descriptions][INFO] Loaded localization file: Enhanced_descriptions/Main_Modules/MENUS
04:06:27.464 [Lua] [MOD][Enhanced_descriptions][INFO] Localization templates reloaded for en: 7607 templates
04:06:27.464 [Lua] [MOD][ColorSelection][INFO] (hook): Hooking 'check_keybinds' from [table: 0x06c42730] (Origin: function: 0x061c3b10)
04:06:27.464 [Lua] [MOD][ColorSelection][INFO] (hook_safe): Hooking 'on_player_removed' from [HumanGameplay] (Origin: function: 0x08bd76a8)
04:06:27.464 [Lua] [MOD][ColorSelection][INFO] (hook_safe): Hooking 'on_player_unit_spawn' from [GameModeManager] (Origin: function: 0x08a5b9f8)
04:06:27.464 [Lua] [MOD][Clarity of Aim][INFO] Clarity of Aim 1.0.1 loaded
04:06:27.468 [Lua] [MOD][hud_studio][INFO] register_blocks: 'better_downed_indicators' registered 7 block(s)
04:06:27.472 [Lua] [MOD][Auto-9 Assistive Reticule][INFO] 1.5.0
04:06:27.472 [Lua] [MOD][Auto-9 Assistive Reticule][INFO] (hook_safe): [PlayerUnitAbilityExtension.equip_ability] needs to be delayed.
04:06:27.472 [Lua] [MOD][Auto-9 Assistive Reticule][INFO] (hook_safe): [PlayerUnitAbilityExtension.unequip_ability] needs to be delayed.
04:06:27.474 [Lua] [MOD][Auto-9 Assistive Reticule][INFO] (hook_safe): [SmartTagSystem._create_tag_locally] needs to be delayed.
04:06:27.474 [Lua] [MOD][Auto-9 Assistive Reticule][INFO] (hook_safe): [SmartTagSystem._remove_tag_locally] needs to be delayed.
04:06:27.474 [Lua] [MOD][SimpleAudio][INFO] (hook): Hooking 'trigger_resource_event' from [WwiseWorld] (Origin: function: 0x00eac9d8)
04:06:27.474 [Lua] [MOD][SimpleAudio][INFO] (hook): Hooking 'trigger_vorbis_external_event' from [DialogueSystemWwise] (Origin: function: 0x041f2d38)
04:06:27.474 warning: [Profiler] [renderer] Stall 163 ms on frame 115: 
    ThreadPool::do_work_while_waiting_for_event 163 ms
04:06:27.474 warning: [Profiler] [main] Stall 153 ms on frame 115: 
    Application::update 155 ms
        game update 154 ms
            MyGame::update 154 ms
                Lua->update 153 ms
04:06:27.694 warning: [Profiler] [main] Stall 219 ms on frame 116: 
    Application::update 219 ms
        game update 219 ms
            MyGame::update 219 ms
                Lua->collect_one_frame_of_garbage 219 ms
                    full gc 219 ms
04:06:27.696 warning: [Profiler] [renderer] Stall 213 ms on frame 116: 
    ThreadPool::do_work_while_waiting_for_event 213 ms
04:06:27.880 warning: [Profiler] [main] Stall 184 ms on frame 117: 
    Application::update 184 ms
        game update 184 ms
            MyGame::update 184 ms
                Lua->collect_one_frame_of_garbage 184 ms
                    full gc 184 ms
04:06:27.881 warning: [Profiler] [renderer] Stall 182 ms on frame 117: 
    ThreadPool::do_work_while_waiting_for_event 182 ms
04:06:28.318 warning: [Profiler] [main] Stall 381 ms on frame 120: 
    Application::update 383 ms
        resource_manager::bring_in 381 ms
            ResourceManager::bring_in 381 ms
04:06:28.421 warning: [Profiler] [main] Stall 102 ms on frame 122: 
    Application::update 102 ms
04:06:28.973 [Lua] [MOD][extended_weapon_customization][INFO] package loaded content/fx/particles/weapons/rifles/lasgun/lasgun_beam_standard_linger_enemy - 534
04:06:28.973 [Lua] [MOD][extended_weapon_customization][INFO] package loaded content/fx/particles/enemies/lasgun_beam_enemy - 536
04:06:28.973 [Lua] [MOD][extended_weapon_customization][INFO] package loaded wwise/events/weapon/play_weapon_lasgun_crack_beam_nearby_husk - 535
04:06:29.092 [Lua] [MOD][extended_weapon_customization][INFO] package loaded wwise/events/weapon/play_shockmaul_1h_p2_swing - 542
04:06:29.560 warning: [Profiler] [main] Stall 418 ms on frame 165: 
    Application::update 419 ms
        resource_manager::bring_in 418 ms
            ResourceManager::bring_in 418 ms
04:06:29.571 [Lua] [MOD][extended_weapon_customization][INFO] package loaded wwise/events/weapon/play_flametrower_alt_fire_off - 523
04:06:29.571 [Lua] [MOD][extended_weapon_customization][INFO] package loaded content/fx/particles/weapons/rifles/plasma_gun/plasma_vent_valve - 524
04:06:29.571 [Lua] [MOD][extended_weapon_customization][INFO] package loaded wwise/events/weapon/play_flamethrower_interrupt - 525
04:06:29.571 [Lua] [MOD][extended_weapon_customization][INFO] package loaded wwise/events/weapon/play_flametrower_alt_fire_on - 526
04:06:29.572 [Lua] [MOD][extended_weapon_customization][INFO] package loaded content/fx/particles/weapons/rifles/plasma_gun/plasma_gun_charge - 527
04:06:29.572 [Lua] [MOD][extended_weapon_customization][INFO] package loaded content/fx/particles/weapons/grenades/flame_grenade_hostile_fire_lingering - 528
04:06:29.572 [Lua] [MOD][extended_weapon_customization][INFO] package loaded wwise/events/weapon/play_aoe_liquid_fire_green_loop - 529
04:06:29.572 [Lua] [MOD][extended_weapon_customization][INFO] package loaded wwise/events/weapon/stop_aoe_liquid_fire_green_loop - 530
04:06:29.572 [Lua] [MOD][extended_weapon_customization][INFO] package loaded content/fx/particles/enemies/plasma_gun_laser_sight - 531
04:06:29.572 [Lua] [MOD][extended_weapon_customization][INFO] package loaded content/fx/particles/weapons/grenades/flame_grenade_hostile_fire_lingering_green - 532
04:06:29.572 [Lua] [MOD][extended_weapon_customization][INFO] package loaded packages/ui/hud/world_markers/world_markers - 533
04:06:29.572 [Lua] [MOD][extended_weapon_customization][INFO] package loaded content/fx/particles/enemies/renegade_sniper/renegade_sniper_beam_outdoors - 537
04:06:29.572 [Lua] [MOD][extended_weapon_customization][INFO] package loaded content/fx/particles/enemies/sniper_laser_sight - 538
04:06:29.572 [Lua] [MOD][extended_weapon_customization][INFO] package loaded wwise/events/minions/play_traitor_captain_shield_bullet_hits - 539
04:06:29.572 [Lua] [MOD][extended_weapon_customization][INFO] package loaded content/levels/ui/inventory/inventory - 540
04:06:29.572 [Lua] INFO [Backend] Starting time sync
04:06:29.586 [Lua] <<crashify-property>>backend_env = prod<</crashify-property>>
04:06:29.586 [Lua] <<crashify-property>>account_id = 3bb6409a-8e5c-4c57-9945-e2ca4874da07<</crashify-property>>
04:06:29.592 [Lua] INFO [BackendManager] title_request: GET /data/3bb6409a-8e5c-4c57-9945-e2ca4874da07/havoc/latest
04:06:29.592 [Lua] INFO [BackendManager] url_request: GET http://127.0.0.1:44487/assets?path=S%3A%5Ccommon%5CWarhammer+40%2C000+DARKTIDE%5Cmods%5CPreysight%5Cassets%5Cscanline.png
04:06:29.592 [Lua] INFO [BackendManager] url_request: GET http://127.0.0.1:44487/assets?path=S%3A%5Ccommon%5CWarhammer+40%2C000+DARKTIDE%5Cmods%5CPreysight%5Cassets%5Cgrain.png
04:06:29.669 [Lua] INFO [ConnectionManager] Initialized wan_client with peer_id 6adb6a7914953a92
04:06:29.669 [Lua] INFO [BackendManager] title_request: GET /data/3bb6409a-8e5c-4c57-9945-e2ca4874da07/account/migrations/status
04:06:29.669 [Lua] INFO [Backend] Checking game version for win32 - 1.13.0-b806780(138291)
04:06:29.669 [Lua] INFO [BackendManager] title_request: GET /game-version/status?svnRev=138291&platform=win32&gameVersion=1.13.0-b806780
04:06:29.669 [Lua] INFO [BackendManager] title_request: GET /game-settings
04:06:29.670 [Lua] INFO [BackendManager] title_request: GET /master-data/meta/items
04:06:29.670 [Lua] INFO [BackendManager] title_request: GET /immaterium/connectioninfo
04:06:29.670 [Lua] INFO [BackendManager] title_request: GET /data/account/crafting/costs
04:06:29.670 [Lua] INFO [BackendManager] title_request: GET /data/crafting/costs/traits/purchase
04:06:29.670 [Lua] INFO [BackendManager] title_request: GET /data/crafting/settings/mastery
04:06:29.670 [Lua] INFO [BackendManager] title_request: GET /data/havoc/settings
04:06:29.670 [Lua] INFO [BackendManager] title_request: GET /data/3bb6409a-8e5c-4c57-9945-e2ca4874da07/progression
04:06:29.672 [Lua] INFO [BackendManager] title_request: POST /store/3bb6409a-8e5c-4c57-9945-e2ca4874da07/payments/reconcile?platform=steam
04:06:29.673 [Lua] INFO [BackendManager] title_request: POST /store/3bb6409a-8e5c-4c57-9945-e2ca4874da07/entitlements/reconcile?platform=steam
04:06:29.673 [Lua] [MOD][extended_weapon_customization][INFO] package loaded content/fx/particles/enemies/red_glowing_eyes - 541
04:06:30.522 [Lua] INFO [ParameterResolver] Overriding param [allocators_to_track_telemetry] from backend, setting it to [agc_page_allocator,buffer_heap,comitted_render_targets,comitted_textures,cpu_visible,D3D12Memory,generic_allocator,heap_allocator,index_buffer,lua_heap,page_allocator,physx_page_allocator,render_page_allocator,resource_loader_page_allocator,resource_manager,rrc_page_allocator,slot_allocator,Texture streaming buffer,texture_streamer_slot_heap,unit resources,vertex_buffer,default,fullscreen resource_generator,gui,gui_slug,non_streamed,non_streamed particle_mesh_spawning,resident,streamed,streamed particle_mesh_spawning,#ID[daf4548b],#ID[58955f0f],#ID[92e28c84],#ID[f85eca19],#ID[a09ea61b],#ID[be63ee4d],#ID[9fcfe126],#ID[f2760503],#ID[304dcce0],#ID[c07e87fc],lua,material,wwise_event,animation,GwNav]
04:06:30.522 [Lua] INFO [ParameterResolver] Overriding param [error_codes_crashifyreport] from backend, setting it to [failed_handshake_timeout,nonexisting_channel,pong_timeout,failed_found_no_lobby]
04:06:30.522 [Lua] INFO [ParameterResolver] Overriding param [subresource_tlsf_allocator_win32] from backend, setting it to [true]
04:06:30.522 [Lua] INFO [ParameterResolver] Overriding param [persistent_breeds_lockhart] from backend, setting it to [false]
04:06:30.523 [Lua] INFO [ParameterResolver] Overriding param [extra_persistent_package] from backend, setting it to [1.0,packages/ui/material_sets/circumstances]
04:06:30.523 [Lua] INFO [ParameterResolver] Overriding param [enable_direct_storage_debug_map] from backend, setting it to [true]
04:06:30.523 [Lua] INFO [ErrorCodes] Crashify exception enabled from backend for error_code: "failed_handshake_timeout"
04:06:30.523 [Lua] INFO [ErrorCodes] Crashify exception enabled from backend for error_code: "nonexisting_channel"
04:06:30.523 [Lua] INFO [ErrorCodes] Crashify exception enabled from backend for error_code: "pong_timeout"
04:06:30.523 [Lua] INFO [ErrorCodes] Crashify exception enabled from backend for error_code: "failed_found_no_lobby"
04:06:30.523 [Lua] INFO [PackageManager] Loading extra persistent package 'packages/ui/material_sets/circumstances'
04:06:30.606 [Lua] INFO [MasterData] Fetching master items at https://bsp-cdn-prod.atoma.cloud/items/versions/138291/Vr5Fnn7Yn3aEUL1qrQG5w%252Bru%252BoccTEM7zcWh.json
04:06:30.606 [Lua] INFO [BackendManager] url_request: GET https://bsp-cdn-prod.atoma.cloud/items/versions/138291/Vr5Fnn7Yn3aEUL1qrQG5w%252Bru%252BoccTEM7zcWh.json
04:06:32.001 warning: [Profiler] [main] Stall 383 ms on frame 284: 
    Application::update 383 ms
        game update 383 ms
            MyGame::update 383 ms
                BackendSystem::update 383 ms
04:06:32.002 warning: [Profiler] [renderer] Stall 397 ms on frame 284: 
    ThreadPool::do_work_while_waiting_for_event 397 ms
04:06:32.160 warning: [Profiler] [main] Stall 158 ms on frame 284: 
    Application::update 542 ms
        game update 542 ms
            MyGame::update 542 ms
                Lua->update 158 ms
04:06:32.160 warning: [Profiler] [renderer] Stall 158 ms on frame 284: 
    ThreadPool::do_work_while_waiting_for_event 158 ms
04:06:34.632 [Lua] <<crashify-property>>masterdata_version = 138291<</crashify-property>>
04:06:34.632 [Lua] [MOD][extended_weapon_customization][INFO] master items loaded
04:06:34.632 [Lua] [MOD][extended_weapon_customization][INFO] loading kitbash items
04:06:34.632 [Lua] [MOD][extended_weapon_customization][INFO] kitbashing item content/items/weapons/player/ranged/recievers/syn_heavyflamer_receiver_10
04:06:34.632 [Lua] [MOD][extended_weapon_customization][INFO] kitbashing item content/items/weapons/player/ranged/recievers/syn_heavyflamer_receiver_ml01
04:06:34.632 [Lua] [MOD][extended_weapon_customization][INFO] kitbashing item content/items/weapons/player/ranged/syn_spellbook_grim
04:06:34.632 [Lua] [MOD][extended_weapon_customization][INFO] kitbashing item content/items/weapons/player/ranged/syn_spellbook_tome
04:06:34.632 [Lua] [MOD][extended_weapon_customization][INFO] kitbashing item content/items/weapons/player/ranged/syn_spellbook_bigtome
04:06:34.632 [Lua] [MOD][extended_weapon_customization][INFO] kitbashing item content/items/weapons/player/ranged/flashlights/owo_flashlight_custom_default_01
04:06:34.632 [Lua] [MOD][extended_weapon_customization][INFO] kitbashing item content/items/weapons/player/ranged/syn_spellbook_bigtome_silver
04:06:34.632 [Lua] [MOD][extended_weapon_customization][INFO] kitbashing item content/items/weapons/player/ranged/syn_spellbook_bigtome_brass
04:06:34.632 [Lua] [MOD][extended_weapon_customization][INFO] kitbashing item content/items/weapons/player/ranged/flashlights/owo_flashlight_custom_default_02
04:06:34.632 [Lua] [MOD][extended_weapon_customization][INFO] kitbashing item content/items/weapons/player/melee/syn_no_extra_energy
04:06:34.632 [Lua] [MOD][extended_weapon_customization][INFO] kitbashing item content/items/weapons/player/melee/syn_holymoonlight_extra_energy
04:06:34.632 [Lua] [MOD][extended_weapon_customization][INFO] kitbashing item content/items/weapons/player/melee/syn_zweiblade_01
04:06:34.632 [Lua] [MOD][extended_weapon_customization][INFO] kitbashing item content/items/weapons/player/melee/syn_zweiblade_02
04:06:34.632 [Lua] [MOD][extended_weapon_customization][INFO] kitbashing item content/items/weapons/player/melee/syn_zweiblade_03
04:06:34.632 [Lua] [MOD][extended_weapon_customization][INFO] kitbashing item content/items/weapons/player/melee/syn_zweiblade_04
04:06:34.632 [Lua] [MOD][extended_weapon_customization][INFO] kitbashing item content/items/weapons/player/melee/syn_zweiblade_05
04:06:34.632 [Lua] [MOD][extended_weapon_customization][INFO] kitbashing item content/items/weapons/player/melee/syn_zweiblade_06
04:06:34.632 [Lua] [MOD][extended_weapon_customization][INFO] kitbashing item content/items/weapons/player/ranged/flashlights/owo_flashlight_custom_default_05
04:06:34.632 [Lua] [MOD][extended_weapon_customization][INFO] kitbashing item content/items/weapons/player/melee/syn_zweiblade_08
04:06:34.632 [Lua] [MOD][extended_weapon_customization][INFO] kitbashing item content/items/weapons/player/melee/syn_negotiator_hilt
04:06:34.632 [Lua] [MOD][extended_weapon_customization][INFO] kitbashing item content/items/weapons/player/ranged/flashlights/owo_flashlight_custom_default_invisible
04:06:34.632 [Lua] [MOD][extended_weapon_customization][INFO] kitbashing item content/items/weapons/player/melee/syn_eaglehead_hilt
04:06:34.632 [Lua] [MOD][extended_weapon_customization][INFO] kitbashing item content/items/weapons/player/melee/hilts/syn_crucible_hilt_01
04:06:34.632 [Lua] [MOD][extended_weapon_customization][INFO] kitbashing item content/items/weapons/player/melee/blades/syn_combat_sword_blade_01
04:06:34.632 [Lua] [MOD][extended_weapon_customization][INFO] kitbashing item content/items/weapons/player/melee/blades/syn_combat_sword_blade_02
04:06:34.632 [Lua] [MOD][extended_weapon_customization][INFO] kitbashing item content/items/weapons/player/melee/blades/syn_combat_sword_blade_03
04:06:34.632 [Lua] [MOD][extended_weapon_customization][INFO] kitbashing item content/items/weapons/player/ranged/flashlights/owo_flashlight_custom_narrow_01
04:06:34.632 [Lua] [MOD][extended_weapon_customization][INFO] kitbashing item content/items/weapons/player/melee/blades/syn_combat_sword_blade_05
04:06:34.632 [Lua] [MOD][extended_weapon_customization][INFO] kitbashing item content/items/weapons/player/melee/blades/syn_combat_sword_blade_06
04:06:34.632 [Lua] [MOD][extended_weapon_customization][INFO] kitbashing item content/items/weapons/player/ranged/flashlights/owo_flashlight_custom_narrow_02
04:06:34.632 [Lua] [MOD][extended_weapon_customization][INFO] kitbashing item content/items/weapons/player/melee/blades/syn_combat_sword_blade_ml01
04:06:34.632 [Lua] [MOD][extended_weapon_customization][INFO] kitbashing item content/items/weapons/player/melee/blades/syn_falchion_blade_01
04:06:34.632 [Lua] [MOD][extended_weapon_customization][INFO] kitbashing item content/items/weapons/player/ranged/flashlights/owo_flashlight_custom_narrow_03
04:06:34.632 [Lua] [MOD][extended_weapon_customization][INFO] kitbashing item content/items/weapons/player/melee/blades/syn_falchion_blade_03
04:06:34.632 [Lua] [MOD][extended_weapon_customization][INFO] kitbashing item content/items/weapons/player/melee/blades/syn_falchion_blade_04
04:06:34.632 [Lua] [MOD][extended_weapon_customization][INFO] kitbashing item content/items/weapons/player/ranged/flashlights/owo_flashlight_custom_narrow_04
04:06:34.632 [Lua] [MOD][extended_weapon_customization][INFO] kitbashing item content/items/weapons/player/melee/blades/syn_falchion_blade_06
04:06:34.632 [Lua] [MOD][extended_weapon_customization][INFO] kitbashing item content/items/weapons/player/melee/blades/syn_falchion_blade_ml01
04:06:34.632 [Lua] [MOD][extended_weapon_customization][INFO] kitbashing item content/items/weapons/player/ranged/flashlights/owo_flashlight_custom_narrow_05
04:06:34.632 [Lua] [MOD][extended_weapon_customization][INFO] kitbashing item content/items/weapons/player/melee/blades/syn_sabre_blade_02
04:06:34.632 [Lua] [MOD][extended_weapon_customization][INFO] kitbashing item content/items/weapons/player/melee/blades/syn_sabre_blade_03
04:06:34.632 [Lua] [MOD][extended_weapon_customization][INFO] kitbashing item content/items/weapons/player/ranged/flashlights/owo_flashlight_custom_narrow_invisible
04:06:34.632 [Lua] [MOD][extended_weapon_customization][INFO] kitbashing item content/items/weapons/player/melee/blades/syn_sabre_blade_05
04:06:34.632 [Lua] [MOD][extended_weapon_customization][INFO] kitbashing item content/items/weapons/player/melee/blades/syn_sabre_blade_06
04:06:34.632 [Lua] [MOD][extended_weapon_customization][INFO] kitbashing item content/items/weapons/player/melee/blades/syn_sabre_blade_07
04:06:34.633 [Lua] [MOD][extended_weapon_customization][INFO] kitbashing item content/items/weapons/player/melee/blades/syn_sabre_blade_ml01
04:06:34.633 [Lua] [MOD][extended_weapon_customization][INFO] kitbashing item content/items/weapons/player/melee/blades/syn_combat_blade_blade_01
04:06:34.633 [Lua] [MOD][extended_weapon_customization][INFO] kitbashing item content/items/weapons/player/ranged/flashlights/owo_flashlight_pink_narrow_cool_01
04:06:34.633 [Lua] [MOD][extended_weapon_customization][INFO] kitbashing item content/items/weapons/player/melee/blades/syn_combat_blade_blade_03
04:06:34.633 [Lua] [MOD][extended_weapon_customization][INFO] kitbashing item content/items/weapons/player/melee/blades/syn_combat_blade_blade_04
04:06:34.633 [Lua] [MOD][extended_weapon_customization][INFO] kitbashing item content/items/weapons/player/ranged/flashlights/owo_flashlight_pink_narrow_cool_02
04:06:34.633 [Lua] [MOD][extended_weapon_customization][INFO] kitbashing item content/items/weapons/player/melee/blades/laser_blade_combat_sword_p1_01
04:06:34.633 [Lua] [MOD][extended_weapon_customization][INFO] kitbashing item content/items/weapons/player/melee/blades/laser_blade_combat_sword_p1_02
04:06:34.633 [Lua] [MOD][extended_weapon_customization][INFO] kitbashing item content/items/weapons/player/melee/blades/laser_blade_green_combat_sword_p1_01
04:06:34.633 [Lua] [MOD][extended_weapon_customization][INFO] kitbashing item content/items/weapons/player/melee/blades/laser_blade_green_combat_sword_p1_02
04:06:34.633 [Lua] [MOD][extended_weapon_customization][INFO] kitbashing item content/items/weapons/player/melee/blades/syn_combat_blade_blade_10
04:06:34.633 [Lua] [MOD][extended_weapon_customization][INFO] kitbashing item content/items/weapons/player/ranged/flashlights/owo_flashlight_pink_narrow_cool_04
04:06:34.633 [Lua] [MOD][extended_weapon_customization][INFO] kitbashing item content/items/weapons/player/ranged/muzzles/syn_silencer_01_las
04:06:34.633 [Lua] [MOD][extended_weapon_customization][INFO] kitbashing item content/items/weapons/player/ranged/muzzles/syn_silencer_02_las
04:06:34.633 [Lua] [MOD][extended_weapon_customization][INFO] kitbashing item content/items/weapons/player/ranged/flashlights/owo_flashlight_pink_narrow_cool_05
04:06:34.633 [Lua] [MOD][extended_weapon_customization][INFO] kitbashing item content/items/weapons/player/ranged/barrels/syn_lasgun_autogun_barrel_01
04:06:34.633 [Lua] [MOD][extended_weapon_customization][INFO] kitbashing item content/items/weapons/player/ranged/barrels/syn_lasgun_autogun_barrel_02
04:06:34.633 [Lua] [MOD][extended_weapon_customization][INFO] kitbashing item content/items/weapons/player/ranged/barrels/syn_lasgun_autogun_barrel_03
04:06:34.633 [Lua] [MOD][extended_weapon_customization][INFO] kitbashing item content/items/weapons/player/ranged/barrels/syn_lasgun_autogun_barrel_04
04:06:34.633 [Lua] [MOD][extended_weapon_customization][INFO] kitbashing item content/items/weapons/player/ranged/barrels/syn_lasgun_autogun_barrel_05
04:06:34.633 [Lua] [MOD][extended_weapon_customization][INFO] kitbashing item content/items/weapons/player/ranged/barrels/syn_lasgun_autogun_barrel_06
04:06:34.633 [Lua] [MOD][extended_weapon_customization][INFO] kitbashing item content/items/weapons/player/ranged/barrels/syn_lasgun_autogun_barrel_07
04:06:34.633 [Lua] [MOD][extended_weapon_customization][INFO] kitbashing item content/items/weapons/player/ranged/barrels/syn_lasgun_autogun_barrel_08
04:06:34.633 [Lua] [MOD][extended_weapon_customization][INFO] kitbashing item content/items/weapons/player/ranged/flashlights/owo_flashlight_pink_weak_01
04:06:34.633 [Lua] [MOD][extended_weapon_customization][INFO] kitbashing item content/items/weapons/player/ranged/barrels/syn_lasgun_autogun_barrel_10
04:06:34.633 [Lua] [MOD][extended_weapon_customization][INFO] kitbashing item content/items/weapons/player/ranged/barrels/syn_lasgun_autogun_barrel_11
04:06:34.633 [Lua] [MOD][extended_weapon_customization][INFO] kitbashing item content/items/weapons/player/melee/blades/laser_blade_combat_sword_p2_01
04:06:34.633 [Lua] [MOD][extended_weapon_customization][INFO] kitbashing item content/items/weapons/player/melee/blades/laser_blade_combat_sword_p2_02
04:06:34.633 [Lua] [MOD][extended_weapon_customization][INFO] kitbashing item content/items/weapons/player/melee/blades/laser_blade_green_combat_sword_p2_01
04:06:34.633 [Lua] [MOD][extended_weapon_customization][INFO] kitbashing item content/items/weapons/player/melee/blades/laser_blade_green_combat_sword_p2_02
04:06:34.633 [Lua] [MOD][extended_weapon_customization][INFO] kitbashing item content/items/weapons/player/ranged/barrels/syn_lasgun_autogun_barrel_16
04:06:34.633 [Lua] [MOD][extended_weapon_customization][INFO] kitbashing item content/items/weapons/player/ranged/barrels/syn_lasgun_autogun_barrel_17
04:06:34.633 [Lua] [MOD][extended_weapon_customization][INFO] kitbashing item content/items/weapons/player/ranged/barrels/syn_lasgun_autogun_barrel_18
04:06:34.633 [Lua] [MOD][extended_weapon_customization][INFO] kitbashing item content/items/weapons/player/ranged/barrels/syn_lasgun_autogun_barrel_19
04:06:34.633 [Lua] [MOD][extended_weapon_customization][INFO] kitbashing item content/items/weapons/player/ranged/barrels/syn_lasgun_autogun_barrel_20
04:06:34.633 [Lua] [MOD][extended_weapon_customization][INFO] kitbashing item content/items/weapons/player/ranged/flashlights/owo_flashlight_pink_weak_05
04:06:34.633 [Lua] [MOD][extended_weapon_customization][INFO] kitbashing item content/items/weapons/player/ranged/barrels/syn_lasgun_primaris_barrel_01
04:06:34.633 [Lua] [MOD][extended_weapon_customization][INFO] kitbashing item content/items/weapons/player/ranged/barrels/syn_lasgun_primaris_barrel_02
04:06:34.633 [Lua] [MOD][extended_weapon_customization][INFO] kitbashing item content/items/weapons/player/ranged/flashlights/owo_flashlight_pink_weak_invisible
04:06:34.633 [Lua] [MOD][extended_weapon_customization][INFO] kitbashing item content/items/weapons/player/ranged/barrels/syn_lasgun_primaris_barrel_04
04:06:34.633 [Lua] [MOD][extended_weapon_customization][INFO] kitbashing item content/items/weapons/player/ranged/barrels/syn_lasgun_primaris_barrel_05
04:06:34.633 [Lua] [MOD][extended_weapon_customization][INFO] kitbashing item content/items/weapons/player/ranged/barrels/syn_lasgun_primaris_barrel_06
04:06:34.633 [Lua] [MOD][extended_weapon_customization][INFO] kitbashing item content/items/weapons/player/ranged/barrels/syn_lasgun_primaris_barrel_07
04:06:34.633 [Lua] [MOD][extended_weapon_customization][INFO] kitbashing item content/items/weapons/player/ranged/barrels/syn_lasgun_primaris_barrel_08
04:06:34.633 [Lua] [MOD][extended_weapon_customization][INFO] kitbashing item content/items/weapons/player/ranged/flashlights/owo_flashlight_pink_default_01
04:06:34.633 [Lua] [MOD][extended_weapon_customization][INFO] kitbashing item content/items/weapons/player/ranged/barrels/syn_combatshotgun_barrel_04_lasgun
04:06:34.633 [Lua] [MOD][extended_weapon_customization][INFO] kitbashing item content/items/weapons/player/melee/blades/laser_blade_combat_sword_p3_01
04:06:34.633 [Lua] [MOD][extended_weapon_customization][INFO] kitbashing item content/items/weapons/player/melee/blades/laser_blade_combat_sword_p3_02
04:06:34.633 [Lua] [MOD][extended_weapon_customization][INFO] kitbashing item content/items/weapons/player/melee/blades/laser_blade_green_combat_sword_p3_01
04:06:34.633 [Lua] [MOD][extended_weapon_customization][INFO] kitbashing item content/items/weapons/player/melee/blades/laser_blade_green_combat_sword_p3_02
04:06:34.633 [Lua] [MOD][extended_weapon_customization][INFO] kitbashing item content/items/weapons/player/ranged/flashlights/owo_flashlight_pink_default_03
04:06:34.633 [Lua] [MOD][extended_weapon_customization][INFO] kitbashing item content/items/weapons/player/ranged/barrels/syn_combatshotgun_barrel_10_lasgun
04:06:34.633 [Lua] [MOD][extended_weapon_customization][INFO] kitbashing item content/items/weapons/player/ranged/barrels/syn_combatshotgun_barrel_ml01_lasgun
04:06:34.633 [Lua] [MOD][extended_weapon_customization][INFO] kitbashing item content/items/weapons/player/ranged/flashlights/owo_flashlight_pink_default_04
04:06:34.633 [Lua] [MOD][extended_weapon_customization][INFO] kitbashing item content/items/weapons/player/ranged/barrels/syn_autopistol_barrel_02_laspistol
04:06:34.633 [Lua] [MOD][extended_weapon_customization][INFO] kitbashing item content/items/weapons/player/ranged/barrels/syn_autopistol_barrel_03_laspistol
04:06:34.633 [Lua] [MOD][extended_weapon_customization][INFO] kitbashing item content/items/weapons/player/ranged/flashlights/owo_flashlight_pink_default_05
04:06:34.633 [Lua] [MOD][extended_weapon_customization][INFO] kitbashing item content/items/weapons/player/ranged/barrels/syn_autopistol_barrel_05_laspistol
04:06:34.633 [Lua] [MOD][extended_weapon_customization][INFO] kitbashing item content/items/weapons/player/ranged/magazines/syn_lasgun_rifle_magazine_01_single
04:06:34.633 [Lua] [MOD][extended_weapon_customization][INFO] kitbashing item content/items/weapons/player/ranged/flashlights/owo_flashlight_pink_default_invisible
04:06:34.633 [Lua] [MOD][extended_weapon_customization][INFO] kitbashing item content/items/weapons/player/ranged/magazines/syn_lasgun_krieg_magazine_01_single
04:06:34.633 [Lua] [MOD][extended_weapon_customization][INFO] kitbashing item content/items/weapons/player/ranged/magazines/syn_lasgun_pistol_magazine_01_single
04:06:34.633 [Lua] [MOD][extended_weapon_customization][INFO] kitbashing item content/items/weapons/player/ranged/magazines/syn_lasgun_pistol_magazine_03_single
04:06:34.633 [Lua] [MOD][extended_weapon_customization][INFO] kitbashing item content/items/weapons/player/ranged/magazines/syn_lasgun_pistol_magazine_05_single
04:06:34.633 [Lua] [MOD][extended_weapon_customization][INFO] kitbashing item content/items/weapons/player/ranged/magazines/syn_lasgun_pistol_magazine_ml01_single
04:06:34.633 [Lua] [MOD][extended_weapon_customization][INFO] kitbashing item content/items/weapons/player/ranged/flashlights/owo_flashlight_pink_narrow_01
04:06:34.633 [Lua] [MOD][extended_weapon_customization][INFO] kitbashing item content/items/weapons/player/melee/blades/laser_blade_force_sword_p1_01
04:06:34.633 [Lua] [MOD][extended_weapon_customization][INFO] kitbashing item content/items/weapons/player/melee/blades/laser_blade_force_sword_p1_02
04:06:34.633 [Lua] [MOD][extended_weapon_customization][INFO] kitbashing item content/items/weapons/player/melee/blades/laser_blade_green_force_sword_p1_01
04:06:34.633 [Lua] [MOD][extended_weapon_customization][INFO] kitbashing item content/items/weapons/player/melee/blades/laser_blade_green_force_sword_p1_02
04:06:34.633 [Lua] [MOD][extended_weapon_customization][INFO] kitbashing item content/items/weapons/player/ranged/magazines/syn_aquilon_magdrum_07
04:06:34.633 [Lua] [MOD][extended_weapon_customization][INFO] kitbashing item content/items/weapons/player/ranged/flashlights/owo_flashlight_pink_narrow_03
04:06:34.633 [Lua] [MOD][extended_weapon_customization][INFO] kitbashing item content/items/weapons/player/ranged/magazines/syn_aquilon_magdrum_02_m41a
04:06:34.633 [Lua] [MOD][extended_weapon_customization][INFO] kitbashing item content/items/weapons/player/ranged/magazines/syn_aquilon_magdrum_03_m41a
04:06:34.633 [Lua] [MOD][extended_weapon_customization][INFO] kitbashing item content/items/weapons/player/ranged/flashlights/owo_flashlight_pink_narrow_04
04:06:34.633 [Lua] [MOD][extended_weapon_customization][INFO] kitbashing item content/items/weapons/player/ranged/magazines/syn_aquilon_magdrum_05_m41a
04:06:34.633 [Lua] [MOD][extended_weapon_customization][INFO] kitbashing item content/items/weapons/player/ranged/magazines/syn_aquilon_magdrum_06_m41a
04:06:34.633 [Lua] [MOD][extended_weapon_customization][INFO] kitbashing item content/items/weapons/player/ranged/flashlights/owo_flashlight_pink_narrow_05
04:06:34.633 [Lua] [MOD][extended_weapon_customization][INFO] kitbashing item content/items/weapons/player/ranged/magazines/syn_aquilon_magdrum_08_m41a
04:06:34.633 [Lua] [MOD][extended_weapon_customization][INFO] kitbashing item content/items/weapons/player/ranged/magwell/syn_vector_magwell_01_lasgun
04:06:34.633 [Lua] [MOD][extended_weapon_customization][INFO] kitbashing item content/items/weapons/player/ranged/flashlights/owo_flashlight_pink_narrow_invisible
04:06:34.633 [Lua] [MOD][extended_weapon_customization][INFO] kitbashing item content/items/weapons/player/ranged/magwell/syn_m41a_magwell_01_lasgun
04:06:34.633 [Lua] [MOD][extended_weapon_customization][INFO] kitbashing item content/items/weapons/player/ranged/magwell/syn_m41a_magwell_02_lasgun
04:06:34.633 [Lua] [MOD][extended_weapon_customization][INFO] kitbashing item content/items/weapons/player/ranged/magwell/syn_m41a_magwell_03_lasgun
04:06:34.633 [Lua] [MOD][extended_weapon_customization][INFO] kitbashing item content/items/weapons/player/ranged/magwell/syn_m41a_magwell_04_lasgun
04:06:34.633 [Lua] [MOD][extended_weapon_customization][INFO] kitbashing item content/items/weapons/player/ranged/stocks/syn_reinforced_stock_10_m41a_lasgun
04:06:34.634 [Lua] [MOD][extended_weapon_customization][INFO] kitbashing item content/items/weapons/player/ranged/flashlights/owo_flashlight_yellow_narrow_cool_01
04:06:34.634 [Lua] [MOD][extended_weapon_customization][INFO] kitbashing item content/items/weapons/player/ranged/stocks/syn_reinforced_stock_12_m41a_lasgun
04:06:34.634 [Lua] [MOD][extended_weapon_customization][INFO] kitbashing item content/items/weapons/player/ranged/stocks/syn_reinforced_stock_13_m41a_lasgun
04:06:34.634 [Lua] [MOD][extended_weapon_customization][INFO] kitbashing item content/items/weapons/player/ranged/stocks/syn_reinforced_stock_14_m41a_lasgun
04:06:34.634 [Lua] [MOD][extended_weapon_customization][INFO] kitbashing item content/items/weapons/player/ranged/stocks/syn_reinforced_stock_16_m41a_lasgun
04:06:34.634 [Lua] [MOD][extended_weapon_customization][INFO] kitbashing item content/items/weapons/player/melee/blades/laser_blade_power_sword_p1_01
04:06:34.634 [Lua] [MOD][extended_weapon_customization][INFO] kitbashing item content/items/weapons/player/melee/blades/laser_blade_power_sword_p1_02
04:06:34.634 [Lua] [MOD][extended_weapon_customization][INFO] kitbashing item content/items/weapons/player/melee/blades/laser_blade_green_power_sword_p1_01
04:06:34.634 [Lua] [MOD][extended_weapon_customization][INFO] kitbashing item content/items/weapons/player/melee/blades/laser_blade_green_power_sword_p1_02
04:06:34.634 [Lua] [MOD][extended_weapon_customization][INFO] kitbashing item content/items/weapons/player/ranged/sights/syn_lasgun_ironsight_01
04:06:34.634 [Lua] [MOD][extended_weapon_customization][INFO] kitbashing item content/items/weapons/player/ranged/sights/syn_autopistol_ironsight_01
04:06:34.634 [Lua] [MOD][extended_weapon_customization][INFO] kitbashing item content/items/weapons/player/ranged/flashlights/owo_flashlight_yellow_narrow_cool_05
04:06:34.634 [Lua] [MOD][extended_weapon_customization][INFO] kitbashing item content/items/weapons/player/ranged/bayonets/syn_bayonet_scythe_02
04:06:34.634 [Lua] [MOD][extended_weapon_customization][INFO] kitbashing item content/items/weapons/player/ranged/bayonets/syn_bayonet_scythe_03
04:06:34.634 [Lua] [MOD][extended_weapon_customization][INFO] kitbashing item content/items/weapons/player/ranged/flashlights/owo_flashlight_yellow_narrow_cool_invisible
04:06:34.634 [Lua] [MOD][extended_weapon_customization][INFO] kitbashing item content/items/weapons/player/ranged/bayonets/syn_bayonet_scythe_05
04:06:34.634 [Lua] [MOD][extended_weapon_customization][INFO] kitbashing item content/items/weapons/player/melee/blades/laser_blade_thunderhammer_2h_p1_01
04:06:34.634 [Lua] [MOD][extended_weapon_customization][INFO] kitbashing item content/items/weapons/player/melee/blades/laser_blade_thunderhammer_2h_p1_02
04:06:34.634 [Lua] [MOD][extended_weapon_customization][INFO] kitbashing item content/items/weapons/player/melee/blades/laser_blade_green_thunderhammer_2h_p1_01
04:06:34.634 [Lua] [MOD][extended_weapon_customization][INFO] kitbashing item content/items/weapons/player/melee/blades/laser_blade_green_thunderhammer_2h_p1_02
04:06:34.634 [Lua] [MOD][extended_weapon_customization][INFO] kitbashing item content/items/weapons/player/ranged/flashlights/owo_flashlight_yellow_weak_01
04:06:34.634 [Lua] [MOD][extended_weapon_customization][INFO] kitbashing item content/items/weapons/player/ranged/bayonets/syn_bayonet_miniscythe_03
04:06:34.634 [Lua] [MOD][extended_weapon_customization][INFO] kitbashing item content/items/weapons/player/ranged/bayonets/syn_bayonet_miniscythe_04
04:06:34.634 [Lua] [MOD][extended_weapon_customization][INFO] kitbashing item content/items/weapons/player/ranged/flashlights/owo_flashlight_yellow_weak_02
04:06:34.634 [Lua] [MOD][extended_weapon_customization][INFO] kitbashing item content/items/weapons/player/ranged/bayonets/syn_bayonet_miniscythe_06
04:06:34.634 [Lua] [MOD][extended_weapon_customization][INFO] kitbashing item content/items/weapons/player/ranged/bayonets/syn_bayonet_miniscythe_07
04:06:34.634 [Lua] [MOD][extended_weapon_customization][INFO] kitbashing item content/items/weapons/player/ranged/flashlights/owo_flashlight_yellow_weak_03
04:06:34.634 [Lua] [MOD][extended_weapon_customization][INFO] kitbashing item content/items/weapons/player/ranged/bayonets/syn_bayonet_empty
04:06:34.634 [Lua] [MOD][extended_weapon_customization][INFO] kitbashing item content/items/weapons/player/ranged/syn_stock_extension_helbore_00
04:06:34.634 [Lua] [MOD][extended_weapon_customization][INFO] kitbashing item content/items/weapons/player/ranged/flashlights/owo_flashlight_yellow_weak_04
04:06:34.634 [Lua] [MOD][extended_weapon_customization][INFO] kitbashing item content/items/weapons/player/ranged/syn_stock_extension_helbore_02
04:06:34.634 [Lua] [MOD][extended_weapon_customization][INFO] kitbashing item content/items/weapons/player/ranged/syn_stock_extension_helbore_03
04:06:34.634 [Lua] [MOD][extended_weapon_customization][INFO] kitbashing item content/items/weapons/player/ranged/flashlights/owo_flashlight_yellow_weak_05
04:06:34.634 [Lua] [MOD][extended_weapon_customization][INFO] kitbashing item content/items/weapons/player/ranged/magazines/syn_aquilon_magdrum_02_helbore_vec
04:06:34.634 [Lua] [MOD][extended_weapon_customization][INFO] kitbashing item content/items/weapons/player/ranged/flashlights/owo_flashlight_yellow_weak_invisible
04:06:34.634 [Lua] [MOD][extended_weapon_customization][INFO] kitbashing item content/items/weapons/player/ranged/magazines/syn_aquilon_magdrum_04_helbore_vec
04:06:34.634 [Lua] [MOD][extended_weapon_customization][INFO] kitbashing item content/items/weapons/player/ranged/magazines/syn_aquilon_magdrum_05_helbore_vec
04:06:34.634 [Lua] [MOD][extended_weapon_customization][INFO] kitbashing item content/items/weapons/player/ranged/magazines/syn_aquilon_magdrum_06_helbore_vec
04:06:34.634 [Lua] [MOD][extended_weapon_customization][INFO] kitbashing item content/items/weapons/player/ranged/magazines/syn_aquilon_magdrum_07_helbore_vec
04:06:34.634 [Lua] [MOD][extended_weapon_customization][INFO] kitbashing item content/items/weapons/player/ranged/magazines/syn_aquilon_magdrum_08_helbore_vec
04:06:34.634 [Lua] [MOD][extended_weapon_customization][INFO] kitbashing item content/items/weapons/player/ranged/flashlights/owo_flashlight_yellow_default_01
04:06:34.634 [Lua] [MOD][extended_weapon_customization][INFO] kitbashing item content/items/weapons/player/ranged/magazines/syn_hag_magazine_02_helbore
04:06:34.634 [Lua] [MOD][extended_weapon_customization][INFO] kitbashing item content/items/weapons/player/ranged/magazines/syn_hag_magazine_03_helbore
04:06:34.634 [Lua] [MOD][extended_weapon_customization][INFO] kitbashing item content/items/weapons/player/ranged/flashlights/owo_flashlight_yellow_default_02
04:06:34.634 [Lua] [MOD][extended_weapon_customization][INFO] kitbashing item content/items/weapons/player/ranged/magazines/syn_hag_magazine_05_helbore
04:06:34.634 [Lua] [MOD][extended_weapon_customization][INFO] kitbashing item content/items/weapons/player/ranged/magazines/syn_hag_magazine_06_helbore
04:06:34.634 [Lua] [MOD][extended_weapon_customization][INFO] kitbashing item content/items/weapons/player/ranged/flashlights/owo_flashlight_yellow_default_03
04:06:34.634 [Lua] [MOD][extended_weapon_customization][INFO] kitbashing item content/items/weapons/player/ranged/magazines/syn_hag_magazine_08_helbore
04:06:34.634 [Lua] [MOD][extended_weapon_customization][INFO] kitbashing item content/items/weapons/player/ranged/magazines/syn_hag_magazine_09_helbore
04:06:34.634 [Lua] [MOD][extended_weapon_customization][INFO] kitbashing item content/items/weapons/player/ranged/flashlights/owo_flashlight_yellow_default_04
04:06:34.634 [Lua] [MOD][extended_weapon_customization][INFO] kitbashing item content/items/weapons/player/ranged/magwell/syn_vector_magwell_02_helbore
04:06:34.634 [Lua] [MOD][extended_weapon_customization][INFO] kitbashing item content/items/weapons/player/ranged/magwell/syn_vector_magwell_01a_helbore
04:06:34.634 [Lua] [MOD][extended_weapon_customization][INFO] kitbashing item content/items/weapons/player/ranged/magwell/syn_vector_magwell_02a_helbore
04:06:34.634 [Lua] [MOD][extended_weapon_customization][INFO] kitbashing item content/items/weapons/player/ranged/stocks/syn_gripstockcombo_01_alt_helbore
04:06:34.634 [Lua] [MOD][extended_weapon_customization][INFO] kitbashing item content/items/weapons/player/ranged/stocks/syn_gripstockcombo_02_alt_helbore
04:06:34.634 [Lua] [MOD][extended_weapon_customization][INFO] kitbashing item content/items/weapons/player/ranged/flashlights/owo_flashlight_yellow_default_invisible
04:06:34.634 [Lua] [MOD][extended_weapon_customization][INFO] kitbashing item content/items/weapons/player/ranged/stocks/syn_gripstockcombo_04_alt_helbore
04:06:34.634 [Lua] [MOD][extended_weapon_customization][INFO] kitbashing item content/items/weapons/player/ranged/stocks/syn_gripstockcombo_05_alt_helbore
04:06:34.634 [Lua] [MOD][extended_weapon_customization][INFO] kitbashing item content/items/weapons/player/ranged/stocks/syn_gripstockcombo_06_alt_helbore
04:06:34.634 [Lua] [MOD][extended_weapon_customization][INFO] kitbashing item content/items/weapons/player/ranged/stocks/syn_gripstockcombo_11_alt_helbore
04:06:34.634 [Lua] [MOD][extended_weapon_customization][INFO] kitbashing item content/items/weapons/player/ranged/stocks/syn_gripstockcombo_12_alt_helbore
04:06:34.634 [Lua] [MOD][extended_weapon_customization][INFO] kitbashing item content/items/weapons/player/ranged/flashlights/owo_flashlight_yellow_narrow_01
04:06:34.634 [Lua] [MOD][extended_weapon_customization][INFO] kitbashing item content/items/weapons/player/ranged/stocks/syn_gripstockcombo_08_alt_helbore
04:06:34.634 [Lua] [MOD][extended_weapon_customization][INFO] kitbashing item content/items/weapons/player/ranged/stocks/syn_gripstockcombo_09_alt_helbore
04:06:34.634 [Lua] [MOD][extended_weapon_customization][INFO] kitbashing item content/items/weapons/player/ranged/stocks/syn_gripstockcombo_10_alt_helbore
04:06:34.634 [Lua] [MOD][extended_weapon_customization][INFO] kitbashing item content/items/weapons/player/ranged/stocks/syn_gripstockcombo_13_alt_helbore
04:06:34.634 [Lua] [MOD][extended_weapon_customization][INFO] kitbashing item content/items/weapons/player/ranged/stocks/syn_gripstockcombo_14_alt_helbore
04:06:34.634 [Lua] [MOD][extended_weapon_customization][INFO] kitbashing item content/items/weapons/player/ranged/flashlights/owo_flashlight_yellow_narrow_03
04:06:34.634 [Lua] [MOD][extended_weapon_customization][INFO] kitbashing item content/items/weapons/player/ranged/stocks/syn_gripstockcombo_16_alt_helbore
04:06:34.634 [Lua] [MOD][extended_weapon_customization][INFO] kitbashing item content/items/weapons/player/ranged/stocks/syn_gripstockcombo_17_alt_helbore
04:06:34.634 [Lua] [MOD][extended_weapon_customization][INFO] kitbashing item content/items/weapons/player/ranged/flashlights/owo_flashlight_yellow_narrow_04
04:06:34.634 [Lua] [MOD][extended_weapon_customization][INFO] kitbashing item content/items/weapons/player/ranged/stocks/syn_gripstockcombo_19_alt_helbore
04:06:34.634 [Lua] [MOD][extended_weapon_customization][INFO] kitbashing item content/items/weapons/player/ranged/stocks/syn_gripstockcombo_20_alt_helbore
04:06:34.634 [Lua] [MOD][extended_weapon_customization][INFO] kitbashing item content/items/weapons/player/ranged/flashlights/owo_flashlight_yellow_narrow_05
04:06:34.634 [Lua] [MOD][extended_weapon_customization][INFO] kitbashing item content/items/weapons/player/ranged/stocks/syn_gripstockcombo_22_alt_helbore
04:06:34.634 [Lua] [MOD][extended_weapon_customization][INFO] kitbashing item content/items/weapons/player/ranged/stocks/syn_gripstockcombo_23_alt_helbore
04:06:34.634 [Lua] [MOD][extended_weapon_customization][INFO] kitbashing item content/items/weapons/player/ranged/flashlights/owo_flashlight_yellow_narrow_invisible
04:06:34.634 [Lua] [MOD][extended_weapon_customization][INFO] kitbashing item content/items/weapons/player/ranged/stocks/syn_reinforced_stock_helbore_01a
04:06:34.634 [Lua] [MOD][extended_weapon_customization][INFO] kitbashing item content/items/weapons/player/ranged/stocks/syn_reinforced_stock_helbore_02
04:06:34.634 [Lua] [MOD][extended_weapon_customization][INFO] kitbashing item content/items/weapons/player/ranged/stocks/syn_reinforced_stock_helbore_02a
04:06:34.634 [Lua] [MOD][extended_weapon_customization][INFO] kitbashing item content/items/weapons/player/ranged/grips/syn_assault_shotgun_grip_01_helbore
04:06:34.634 [Lua] [MOD][extended_weapon_customization][INFO] kitbashing item content/items/weapons/player/ranged/grips/syn_assault_shotgun_grip_02_helbore
04:06:34.634 [Lua] [MOD][extended_weapon_customization][INFO] kitbashing item content/items/weapons/player/ranged/flashlights/owo_flashlight_magenta_narrow_cool_01
04:06:34.634 [Lua] [MOD][extended_weapon_customization][INFO] kitbashing item content/items/weapons/player/ranged/stocks/syn_gripstockcombo_01_helbore
04:06:34.634 [Lua] [MOD][extended_weapon_customization][INFO] kitbashing item content/items/weapons/player/ranged/stocks/syn_gripstockcombo_02_helbore
04:06:34.634 [Lua] [MOD][extended_weapon_customization][INFO] kitbashing item content/items/weapons/player/ranged/flashlights/owo_flashlight_magenta_narrow_cool_02
04:06:34.634 [Lua] [MOD][extended_weapon_customization][INFO] kitbashing item content/items/weapons/player/ranged/stocks/syn_gripstockcombo_04_helbore
04:06:34.634 [Lua] [MOD][extended_weapon_customization][INFO] kitbashing item content/items/weapons/player/ranged/stocks/syn_gripstockcombo_05_helbore
04:06:34.634 [Lua] [MOD][extended_weapon_customization][INFO] kitbashing item content/items/weapons/player/ranged/magazines/autogun_pistol_magazine_01_double
04:06:34.634 [Lua] [MOD][extended_weapon_customization][INFO] kitbashing item content/items/weapons/player/ranged/stocks/syn_gripstockcombo_11_helbore
04:06:34.634 [Lua] [MOD][extended_weapon_customization][INFO] kitbashing item content/items/weapons/player/ranged/stocks/syn_gripstockcombo_12_helbore
04:06:34.634 [Lua] [MOD][extended_weapon_customization][INFO] kitbashing item content/items/weapons/player/ranged/flashlights/owo_flashlight_magenta_narrow_cool_04
04:06:34.634 [Lua] [MOD][extended_weapon_customization][INFO] kitbashing item content/items/weapons/player/ranged/stocks/syn_gripstockcombo_08_helbore
04:06:34.635 [Lua] [MOD][extended_weapon_customization][INFO] kitbashing item content/items/weapons/player/ranged/stocks/syn_gripstockcombo_09_helbore
04:06:34.635 [Lua] [MOD][extended_weapon_customization][INFO] kitbashing item content/items/weapons/player/ranged/flashlights/owo_flashlight_magenta_narrow_cool_05
04:06:34.635 [Lua] [MOD][extended_weapon_customization][INFO] kitbashing item content/items/weapons/player/ranged/stocks/syn_gripstockcombo_13_helbore
04:06:34.635 [Lua] [MOD][extended_weapon_customization][INFO] kitbashing item content/items/weapons/player/ranged/stocks/syn_gripstockcombo_14_helbore
04:06:34.635 [Lua] [MOD][extended_weapon_customization][INFO] kitbashing item content/items/weapons/player/ranged/flashlights/owo_flashlight_magenta_narrow_cool_invisible
04:06:34.635 [Lua] [MOD][extended_weapon_customization][INFO] kitbashing item content/items/weapons/player/ranged/stocks/syn_gripstockcombo_16_helbore
04:06:34.635 [Lua] [MOD][extended_weapon_customization][INFO] kitbashing item content/items/weapons/player/ranged/stocks/syn_gripstockcombo_17_helbore
04:06:34.635 [Lua] [MOD][extended_weapon_customization][INFO] kitbashing item content/items/weapons/player/ranged/stocks/syn_gripstockcombo_18_helbore
04:06:34.635 [Lua] [MOD][extended_weapon_customization][INFO] kitbashing item content/items/weapons/player/ranged/magazines/autogun_rifle_magazine_01_double
04:06:34.635 [Lua] [MOD][extended_weapon_customization][INFO] kitbashing item content/items/weapons/player/ranged/magazines/autogun_rifle_magazine_02_double
04:06:34.635 [Lua] [MOD][extended_weapon_customization][INFO] kitbashing item content/items/weapons/player/ranged/magazines/autogun_rifle_magazine_03_double
04:06:34.635 [Lua] [MOD][extended_weapon_customization][INFO] kitbashing item content/items/weapons/player/ranged/magazines/autogun_rifle_ak_magazine_01_double
04:06:34.635 [Lua] [MOD][extended_weapon_customization][INFO] kitbashing item content/items/weapons/player/ranged/stocks/syn_gripstockcombo_23_helbore
04:06:34.635 [Lua] [MOD][extended_weapon_customization][INFO] kitbashing item content/items/weapons/player/ranged/flashlights/owo_flashlight_magenta_weak_02
04:06:34.635 [Lua] [MOD][extended_weapon_customization][INFO] kitbashing item content/items/weapons/player/ranged/magazines/syn_hellgun_magazine_lasgun
04:06:34.635 [Lua] [MOD][extended_weapon_customization][INFO] kitbashing item content/items/weapons/player/ranged/magazines/syn_hellgun_magazine_lasgun_ml
04:06:34.635 [Lua] [MOD][extended_weapon_customization][INFO] kitbashing item content/items/weapons/player/ranged/flashlights/owo_flashlight_magenta_weak_03
04:06:34.635 [Lua] [MOD][extended_weapon_customization][INFO] kitbashing item content/items/weapons/player/ranged/magazines/syn_multilaser_magazine_01_lasgun
04:06:34.635 [Lua] [MOD][extended_weapon_customization][INFO] kitbashing item content/items/weapons/player/ranged/magazines/syn_hellgun_plug_01
04:06:34.635 [Lua] [MOD][extended_weapon_customization][INFO] kitbashing item content/items/weapons/player/ranged/flashlights/owo_flashlight_magenta_weak_04
04:06:34.635 [Lua] [MOD][extended_weapon_customization][INFO] kitbashing item content/items/weapons/player/ranged/recievers/syn_hellgun_receiver_02
04:06:34.635 [Lua] [MOD][extended_weapon_customization][INFO] kitbashing item content/items/weapons/player/ranged/recievers/syn_hellgun_receiver_03
04:06:34.635 [Lua] [MOD][extended_weapon_customization][INFO] kitbashing item content/items/weapons/player/ranged/flashlights/owo_flashlight_magenta_weak_05
04:06:34.635 [Lua] [MOD][extended_weapon_customization][INFO] kitbashing item content/items/weapons/player/ranged/recievers/syn_hellgun_receiver_05
04:06:34.635 [Lua] [MOD][extended_weapon_customization][INFO] kitbashing item content/items/weapons/player/ranged/recievers/syn_hellgun_receiver_06
04:06:34.635 [Lua] [MOD][extended_weapon_customization][INFO] kitbashing item content/items/weapons/player/ranged/flashlights/owo_flashlight_magenta_weak_invisible
04:06:34.635 [Lua] [MOD][extended_weapon_customization][INFO] kitbashing item content/items/weapons/player/ranged/recievers/syn_hellgun_receiver_08
04:06:34.635 [Lua] [MOD][extended_weapon_customization][INFO] kitbashing item content/items/weapons/player/ranged/recievers/syn_hellgun_receiver_09
04:06:34.635 [Lua] [MOD][extended_weapon_customization][INFO] kitbashing item content/items/weapons/player/ranged/recievers/syn_hellgun_receiver_10
04:06:34.635 [Lua] [MOD][extended_weapon_customization][INFO] kitbashing item content/items/weapons/player/ranged/recievers/syn_hellgun_receiver_11
04:06:34.635 [Lua] [MOD][extended_weapon_customization][INFO] kitbashing item content/items/weapons/player/ranged/recievers/syn_hellgun_receiver_12
04:06:34.635 [Lua] [MOD][extended_weapon_customization][INFO] kitbashing item content/items/weapons/player/ranged/flashlights/owo_flashlight_magenta_default_01
04:06:34.635 [Lua] [MOD][extended_weapon_customization][INFO] kitbashing item content/items/weapons/player/ranged/recievers/syn_hellgun_receiver_14
04:06:34.635 [Lua] [MOD][extended_weapon_customization][INFO] kitbashing item content/items/weapons/player/ranged/recievers/syn_hellgun_receiver_15
04:06:34.635 [Lua] [MOD][extended_weapon_customization][INFO] kitbashing item content/items/weapons/player/ranged/flashlights/owo_flashlight_magenta_default_02
04:06:34.635 [Lua] [MOD][extended_weapon_customization][INFO] kitbashing item content/items/weapons/player/ranged/recievers/syn_hellgun_receiver_17
04:06:34.635 [Lua] [MOD][extended_weapon_customization][INFO] kitbashing item content/items/weapons/player/ranged/recievers/syn_pulserifle_receiver_01
04:06:34.635 [Lua] [MOD][extended_weapon_customization][INFO] kitbashing item content/items/weapons/player/ranged/flashlights/owo_flashlight_magenta_default_03
04:06:34.635 [Lua] [MOD][extended_weapon_customization][INFO] kitbashing item content/items/weapons/player/ranged/magazines/syn_lasgun_krieg_magazine_01_recon
04:06:34.635 [Lua] [MOD][extended_weapon_customization][INFO] kitbashing item content/items/weapons/player/ranged/magazines/syn_lasgun_pistol_magazine_01_recon
04:06:34.635 [Lua] [MOD][extended_weapon_customization][INFO] kitbashing item content/items/weapons/player/ranged/flashlights/owo_flashlight_magenta_default_04
04:06:34.635 [Lua] [MOD][extended_weapon_customization][INFO] kitbashing item content/items/weapons/player/ranged/magazines/syn_lasgun_pistol_magazine_05_recon
04:06:34.635 [Lua] [MOD][extended_weapon_customization][INFO] kitbashing item content/items/weapons/player/ranged/magazines/syn_lasgun_pistol_magazine_ml01_recon
04:06:34.635 [Lua] [MOD][extended_weapon_customization][INFO] kitbashing item content/items/weapons/player/ranged/flashlights/owo_flashlight_magenta_default_05
04:06:34.635 [Lua] [MOD][extended_weapon_customization][INFO] kitbashing item content/items/weapons/player/ranged/magazines/syn_aquilon_magdrum_02_recon
04:06:34.635 [Lua] [MOD][extended_weapon_customization][INFO] kitbashing item content/items/weapons/player/ranged/magazines/syn_aquilon_magdrum_03_recon
04:06:34.635 [Lua] [MOD][extended_weapon_customization][INFO] kitbashing item content/items/weapons/player/ranged/flashlights/owo_flashlight_magenta_default_invisible
04:06:34.635 [Lua] [MOD][extended_weapon_customization][INFO] kitbashing item content/items/weapons/player/ranged/magazines/syn_aquilon_magdrum_05_recon
04:06:34.635 [Lua] [MOD][extended_weapon_customization][INFO] kitbashing item content/items/weapons/player/ranged/magazines/syn_aquilon_magdrum_06_recon
04:06:34.635 [Lua] [MOD][extended_weapon_customization][INFO] kitbashing item content/items/weapons/player/ranged/magazines/syn_aquilon_magdrum_07_recon
04:06:34.635 [Lua] [MOD][extended_weapon_customization][INFO] kitbashing item content/items/weapons/player/ranged/magazines/syn_aquilon_magdrum_08_recon
04:06:34.635 [Lua] [MOD][extended_weapon_customization][INFO] kitbashing item content/items/weapons/player/ranged/magazines/syn_aquilon_magdrum_double_recon
04:06:34.635 [Lua] [MOD][extended_weapon_customization][INFO] kitbashing item content/items/weapons/player/ranged/flashlights/owo_flashlight_magenta_narrow_01
04:06:34.635 [Lua] [MOD][extended_weapon_customization][INFO] kitbashing item content/items/weapons/player/ranged/magazines/syn_hellgun_magazine_01
04:06:34.635 [Lua] [MOD][extended_weapon_customization][INFO] kitbashing item content/items/weapons/player/ranged/magazines/syn_hellgun_magazine_01_lasgun
04:06:34.635 [Lua] [MOD][extended_weapon_customization][INFO] kitbashing item content/items/weapons/player/ranged/flashlights/owo_flashlight_magenta_narrow_02
04:06:34.635 [Lua] [MOD][extended_weapon_customization][INFO] kitbashing item content/items/weapons/player/ranged/magazines/syn_hellgun_magazine_01_drum_02
04:06:34.635 [Lua] [MOD][extended_weapon_customization][INFO] kitbashing item content/items/weapons/player/ranged/magazines/syn_hellgun_magazine_01_drum_03
04:06:34.635 [Lua] [MOD][extended_weapon_customization][INFO] kitbashing item content/items/weapons/player/ranged/flashlights/owo_flashlight_magenta_narrow_03
04:06:34.635 [Lua] [MOD][extended_weapon_customization][INFO] kitbashing item content/items/weapons/player/ranged/magazines/syn_hellgun_magazine_01_drum_05
04:06:34.635 [Lua] [MOD][extended_weapon_customization][INFO] kitbashing item content/items/weapons/player/ranged/magazines/syn_hellgun_magazine_01_drum_06
04:06:34.635 [Lua] [MOD][extended_weapon_customization][INFO] kitbashing item content/items/weapons/player/ranged/flashlights/owo_flashlight_magenta_narrow_04
04:06:34.635 [Lua] [MOD][extended_weapon_customization][INFO] kitbashing item content/items/weapons/player/ranged/magazines/syn_hellgun_magazine_01_drum_08
04:06:34.635 [Lua] [MOD][extended_weapon_customization][INFO] kitbashing item content/items/weapons/player/ranged/magazines/syn_hellgun_magazine_01_drum_09
04:06:34.635 [Lua] [MOD][extended_weapon_customization][INFO] kitbashing item content/items/weapons/player/ranged/flashlights/owo_flashlight_magenta_narrow_05
04:06:34.635 [Lua] [MOD][extended_weapon_customization][INFO] kitbashing item content/items/weapons/player/ranged/magazines/syn_autogun_rifle_magazine_01_recon
04:06:34.635 [Lua] [MOD][extended_weapon_customization][INFO] kitbashing item content/items/weapons/player/ranged/magazines/syn_autogun_rifle_magazine_02_recon
04:06:34.635 [Lua] [MOD][extended_weapon_customization][INFO] kitbashing item content/items/weapons/player/ranged/flashlights/owo_flashlight_magenta_narrow_invisible
04:06:34.635 [Lua] [MOD][extended_weapon_customization][INFO] kitbashing item content/items/weapons/player/ranged/magazines/syn_autogun_rifle_ak_magazine_01_recon
04:06:34.635 [Lua] [MOD][extended_weapon_customization][INFO] kitbashing item content/items/weapons/player/ranged/magazines/syn_boltgun_rifle_magazine_01_recon
04:06:34.635 [Lua] [MOD][extended_weapon_customization][INFO] kitbashing item content/items/weapons/player/ranged/magazines/syn_boltgun_rifle_magazine_02_recon
04:06:34.635 [Lua] [MOD][extended_weapon_customization][INFO] kitbashing item content/items/weapons/player/ranged/magazines/syn_boltgun_pistol_magazine_01_recon
04:06:34.635 [Lua] [MOD][extended_weapon_customization][INFO] kitbashing item content/items/weapons/player/ranged/magazines/syn_boltgun_pistol_magazine_02_recon
04:06:34.635 [Lua] [MOD][extended_weapon_customization][INFO] kitbashing item content/items/weapons/player/ranged/flashlights/owo_flashlight_andy_narrow_cool_01
04:06:34.635 [Lua] [MOD][extended_weapon_customization][INFO] kitbashing item content/items/weapons/player/ranged/magazines/syn_hag_magazine_01_recon
04:06:34.635 [Lua] [MOD][extended_weapon_customization][INFO] kitbashing item content/items/weapons/player/ranged/magazines/syn_hag_magazine_02_recon
04:06:34.635 [Lua] [MOD][extended_weapon_customization][INFO] kitbashing item content/items/weapons/player/ranged/flashlights/owo_flashlight_andy_narrow_cool_02
04:06:34.635 [Lua] [MOD][extended_weapon_customization][INFO] kitbashing item content/items/weapons/player/ranged/magazines/syn_hag_magazine_04_recon
04:06:34.635 [Lua] [MOD][extended_weapon_customization][INFO] kitbashing item content/items/weapons/player/ranged/magazines/syn_hag_magazine_05_recon
04:06:34.635 [Lua] [MOD][extended_weapon_customization][INFO] kitbashing item content/items/weapons/player/ranged/flashlights/owo_flashlight_andy_narrow_cool_03
04:06:34.635 [Lua] [MOD][extended_weapon_customization][INFO] kitbashing item content/items/weapons/player/ranged/magazines/syn_hag_magazine_07_recon
04:06:34.635 [Lua] [MOD][extended_weapon_customization][INFO] kitbashing item content/items/weapons/player/ranged/magazines/syn_hag_magazine_08_recon
04:06:34.635 [Lua] [MOD][extended_weapon_customization][INFO] kitbashing item content/items/weapons/player/ranged/flashlights/owo_flashlight_andy_narrow_cool_04
04:06:34.636 [Lua] [MOD][extended_weapon_customization][INFO] kitbashing item content/items/weapons/player/ranged/stocks/syn_reinforced_stock_10_recon
04:06:34.636 [Lua] [MOD][extended_weapon_customization][INFO] kitbashing item content/items/weapons/player/ranged/stocks/syn_reinforced_stock_11_recon
04:06:34.636 [Lua] [MOD][extended_weapon_customization][INFO] kitbashing item content/items/weapons/player/ranged/stocks/syn_reinforced_stock_12_recon
04:06:34.636 [Lua] [MOD][extended_weapon_customization][INFO] kitbashing item content/items/weapons/player/ranged/stocks/syn_reinforced_stock_13_recon
04:06:34.636 [Lua] [MOD][extended_weapon_customization][INFO] kitbashing item content/items/weapons/player/ranged/stocks/syn_reinforced_stock_14_recon
04:06:34.636 [Lua] [MOD][extended_weapon_customization][INFO] kitbashing item content/items/weapons/player/ranged/stocks/syn_handguard_stock_01_recon
04:06:34.636 [Lua] [MOD][extended_weapon_customization][INFO] kitbashing item content/items/weapons/player/ranged/stocks/syn_handguard_stock_01a_recon
04:06:34.636 [Lua] [MOD][extended_weapon_customization][INFO] kitbashing item content/items/weapons/player/ranged/stocks/syn_handguard_stock_01b_recon
04:06:34.636 [Lua] [MOD][extended_weapon_customization][INFO] kitbashing item content/items/weapons/player/ranged/stocks/syn_handguard_stock_01c_recon
04:06:34.636 [Lua] [MOD][extended_weapon_customization][INFO] kitbashing item content/items/weapons/player/ranged/stocks/syn_handguard_stock_01d_recon
04:06:34.636 [Lua] [MOD][extended_weapon_customization][INFO] kitbashing item content/items/weapons/player/ranged/stocks/syn_handguard_stock_02_recon
04:06:34.636 [Lua] [MOD][extended_weapon_customization][INFO] kitbashing item content/items/weapons/player/melee/blades/laser_blade_2h_power_sword_p1_01
04:06:34.636 [Lua] [MOD][extended_weapon_customization][INFO] kitbashing item content/items/weapons/player/melee/blades/laser_blade_2h_power_sword_p1_02
04:06:34.636 [Lua] [MOD][extended_weapon_customization][INFO] kitbashing item content/items/weapons/player/melee/blades/laser_blade_green_2h_power_sword_p1_01
04:06:34.636 [Lua] [MOD][extended_weapon_customization][INFO] kitbashing item content/items/weapons/player/melee/blades/laser_blade_green_2h_power_sword_p1_02
04:06:34.636 [Lua] [MOD][extended_weapon_customization][INFO] kitbashing item content/items/weapons/player/ranged/stocks/syn_handguard_stock_03_recon
04:06:34.636 [Lua] [MOD][extended_weapon_customization][INFO] kitbashing item content/items/weapons/player/ranged/stocks/syn_handguard_stock_03a_recon
04:06:34.636 [Lua] [MOD][extended_weapon_customization][INFO] kitbashing item content/items/weapons/player/ranged/flashlights/owo_flashlight_andy_weak_03
04:06:34.636 [Lua] [MOD][extended_weapon_customization][INFO] kitbashing item content/items/weapons/player/ranged/stocks/syn_handguard_stock_03c_recon
04:06:34.636 [Lua] [MOD][extended_weapon_customization][INFO] kitbashing item content/items/weapons/player/ranged/stocks/syn_handguard_stock_03d_recon
04:06:34.636 [Lua] [MOD][extended_weapon_customization][INFO] kitbashing item content/items/weapons/player/ranged/flashlights/owo_flashlight_andy_weak_04
04:06:34.636 [Lua] [MOD][extended_weapon_customization][INFO] kitbashing item content/items/weapons/player/ranged/stocks/syn_handguard_stock_04a_recon
04:06:34.636 [Lua] [MOD][extended_weapon_customization][INFO] kitbashing item content/items/weapons/player/ranged/stocks/syn_handguard_stock_04b_recon
04:06:34.636 [Lua] [MOD][extended_weapon_customization][INFO] kitbashing item content/items/weapons/player/ranged/flashlights/owo_flashlight_andy_weak_05
04:06:34.636 [Lua] [MOD][extended_weapon_customization][INFO] kitbashing item content/items/weapons/player/ranged/stocks/syn_handguard_stock_04d_recon
04:06:34.636 [Lua] [MOD][extended_weapon_customization][INFO] kitbashing item content/items/weapons/player/ranged/stocks/syn_handguard_stock_05_recon
04:06:34.636 [Lua] [MOD][extended_weapon_customization][INFO] kitbashing item content/items/weapons/player/ranged/flashlights/owo_flashlight_andy_weak_invisible
04:06:34.636 [Lua] [MOD][extended_weapon_customization][INFO] kitbashing item content/items/weapons/player/ranged/stocks/syn_handguard_stock_05b_recon
04:06:34.636 [Lua] [MOD][extended_weapon_customization][INFO] kitbashing item content/items/weapons/player/ranged/stocks/syn_handguard_stock_05c_recon
04:06:34.636 [Lua] [MOD][extended_weapon_customization][INFO] kitbashing item content/items/weapons/player/ranged/stocks/syn_handguard_stock_05d_recon
04:06:34.636 [Lua] [MOD][extended_weapon_customization][INFO] kitbashing item content/items/weapons/player/ranged/stocks/syn_handguard_stock_06_recon
04:06:34.636 [Lua] [MOD][extended_weapon_customization][INFO] kitbashing item content/items/weapons/player/ranged/stocks/syn_handguard_stock_06a_recon
04:06:34.636 [Lua] [MOD][extended_weapon_customization][INFO] kitbashing item content/items/weapons/player/ranged/flashlights/owo_flashlight_andy_default_01
04:06:34.636 [Lua] [MOD][extended_weapon_customization][INFO] kitbashing item content/items/weapons/player/ranged/stocks/syn_handguard_stock_06c_recon
04:06:34.636 [Lua] [MOD][extended_weapon_customization][INFO] kitbashing item content/items/weapons/player/ranged/stocks/syn_handguard_stock_06d_recon
04:06:34.636 [Lua] [MOD][extended_weapon_customization][INFO] kitbashing item content/items/weapons/player/ranged/flashlights/owo_flashlight_andy_default_02
04:06:34.636 [Lua] [MOD][extended_weapon_customization][INFO] kitbashing item content/items/weapons/player/ranged/receiver_extension/ma5_extension_20_recon_lasgun
04:06:34.636 [Lua] [MOD][extended_weapon_customization][INFO] kitbashing item content/items/weapons/player/ranged/receiver_extension/ma5_extension_21_recon_lasgun
04:06:34.636 [Lua] [MOD][extended_weapon_customization][INFO] kitbashing item content/items/weapons/player/ranged/flashlights/owo_flashlight_andy_default_03
04:06:34.636 [Lua] [MOD][extended_weapon_customization][INFO] kitbashing item content/items/weapons/player/melee/blades/laser_blade_2h_force_sword_p1_01
04:06:34.636 [Lua] [MOD][extended_weapon_customization][INFO] kitbashing item content/items/weapons/player/ranged/receiver_extension/ma5_compact_extension_03
04:06:34.636 [Lua] [MOD][extended_weapon_customization][INFO] kitbashing item content/items/weapons/player/ranged/flashlights/owo_flashlight_andy_default_04
04:06:34.636 [Lua] [MOD][extended_weapon_customization][INFO] kitbashing item content/items/weapons/player/melee/blades/laser_blade_green_2h_force_sword_p1_02
04:06:34.636 [Lua] [MOD][extended_weapon_customization][INFO] kitbashing item content/items/weapons/player/melee/hilts/power_sword_hilt_empty_01
04:06:34.636 [Lua] [MOD][extended_weapon_customization][INFO] kitbashing item content/items/weapons/player/ranged/flashlights/owo_flashlight_andy_default_05
04:06:34.636 [Lua] [MOD][extended_weapon_customization][INFO] kitbashing item content/items/weapons/player/ranged/receiver_extension/ma5_compact_extension_08
04:06:34.636 [Lua] [MOD][extended_weapon_customization][INFO] kitbashing item content/items/weapons/player/ranged/receiver_extension/ma5_compact_extension_09
04:06:34.636 [Lua] [MOD][extended_weapon_customization][INFO] kitbashing item content/items/weapons/player/ranged/flashlights/owo_flashlight_andy_default_invisible
04:06:34.636 [Lua] [MOD][extended_weapon_customization][INFO] kitbashing item content/items/weapons/player/ranged/receiver_extension/ma5_compact_extension_11
04:06:34.636 [Lua] [MOD][extended_weapon_customization][INFO] kitbashing item content/items/weapons/player/ranged/receiver_extension/ma5_compact_extension_12
04:06:34.636 [Lua] [MOD][extended_weapon_customization][INFO] kitbashing item content/items/weapons/player/ranged/receiver_extension/ma5_compact_extension_13
04:06:34.636 [Lua] [MOD][extended_weapon_customization][INFO] kitbashing item content/items/weapons/player/ranged/receiver_extension/ma5_compact_extension_14
04:06:34.636 [Lua] [MOD][extended_weapon_customization][INFO] kitbashing item content/items/weapons/player/ranged/receiver_extension/ma5_compact_extension_15
04:06:34.636 [Lua] [MOD][extended_weapon_customization][INFO] kitbashing item content/items/weapons/player/ranged/flashlights/owo_flashlight_andy_narrow_01
04:06:34.636 [Lua] [MOD][extended_weapon_customization][INFO] kitbashing item content/items/weapons/player/ranged/receiver_extension/ma5_compact_extension_17
04:06:34.636 [Lua] [MOD][extended_weapon_customization][INFO] kitbashing item content/items/weapons/player/ranged/receiver_extension/ma5_compact_extension_18
04:06:34.636 [Lua] [MOD][extended_weapon_customization][INFO] kitbashing item content/items/weapons/player/ranged/flashlights/owo_flashlight_andy_narrow_02
04:06:34.636 [Lua] [MOD][extended_weapon_customization][INFO] kitbashing item content/items/weapons/player/ranged/receiver_extension/ma5_compact_extension_20
04:06:34.636 [Lua] [MOD][extended_weapon_customization][INFO] kitbashing item content/items/weapons/player/ranged/receiver_extension/ma5_compact_extension_21
04:06:34.636 [Lua] [MOD][extended_weapon_customization][INFO] kitbashing item content/items/weapons/player/ranged/flashlights/owo_flashlight_andy_narrow_03
04:06:34.636 [Lua] [MOD][extended_weapon_customization][INFO] kitbashing item content/items/weapons/player/ranged/sights/syn_lasgun_rifle_elysian_sight_02
04:06:34.636 [Lua] [MOD][extended_weapon_customization][INFO] kitbashing item content/items/weapons/player/ranged/sights/syn_lasgun_rifle_elysian_sight_03
04:06:34.636 [Lua] [MOD][extended_weapon_customization][INFO] kitbashing item content/items/weapons/player/ranged/flashlights/owo_flashlight_andy_narrow_04
04:06:34.636 [Lua] [MOD][extended_weapon_customization][INFO] kitbashing item content/items/weapons/player/ranged/receivers/syn_stub_pistol_receiver_las_02
04:06:34.636 [Lua] [MOD][extended_weapon_customization][INFO] kitbashing item content/items/weapons/player/ranged/receivers/syn_stub_pistol_receiver_las_deluxe01
04:06:34.636 [Lua] [MOD][extended_weapon_customization][INFO] kitbashing item content/items/weapons/player/ranged/flashlights/owo_flashlight_andy_narrow_05
04:06:34.636 [Lua] [MOD][extended_weapon_customization][INFO] kitbashing item content/items/weapons/player/ranged/receivers/syn_stub_pistol_receiver_las_ml01
04:06:34.636 [Lua] [MOD][extended_weapon_customization][INFO] kitbashing item content/items/weapons/player/ranged/receivers/syn_stub_pistol_receiver_las_ml02
04:06:34.636 [Lua] [MOD][extended_weapon_customization][INFO] kitbashing item content/items/weapons/player/ranged/flashlights/owo_flashlight_andy_narrow_invisible
04:06:34.636 [Lua] [MOD][extended_weapon_customization][INFO] kitbashing item content/items/weapons/player/ranged/grips/syn_stub_pistol_grip_01a
04:06:34.636 [Lua] [MOD][extended_weapon_customization][INFO] kitbashing item content/items/weapons/player/ranged/grips/syn_stub_pistol_grip_deluxe01
04:06:34.636 [Lua] [MOD][extended_weapon_customization][INFO] kitbashing item content/items/weapons/player/ranged/grips/syn_stub_pistol_grip_deluxe01a
04:06:34.636 [Lua] [MOD][extended_weapon_customization][INFO] kitbashing item content/items/weapons/player/ranged/grips/syn_stub_pistol_grip_ml01
04:06:34.636 [Lua] [MOD][extended_weapon_customization][INFO] kitbashing item content/items/weapons/player/ranged/grips/syn_stub_pistol_grip_ml01a
04:06:34.636 [Lua] [MOD][extended_weapon_customization][INFO] kitbashing item content/items/weapons/player/ranged/flashlights/owo_flashlight_leyley_narrow_cool_01
04:06:34.636 [Lua] [MOD][extended_weapon_customization][INFO] kitbashing item content/items/weapons/player/ranged/magwell/syn_vector_magwell_01_laspistol
04:06:34.636 [Lua] [MOD][extended_weapon_customization][INFO] kitbashing item content/items/weapons/player/ranged/magwell/syn_vector_magwell_02_laspistol
04:06:34.636 [Lua] [MOD][extended_weapon_customization][INFO] kitbashing item content/items/weapons/player/ranged/flashlights/owo_flashlight_leyley_narrow_cool_02
04:06:34.636 [Lua] [MOD][extended_weapon_customization][INFO] kitbashing item content/items/weapons/player/ranged/magwell/syn_m41a_magwell_02_laspistol
04:06:34.636 [Lua] [MOD][extended_weapon_customization][INFO] kitbashing item content/items/weapons/player/ranged/magwell/syn_m41a_magwell_03_laspistol
04:06:34.636 [Lua] [MOD][extended_weapon_customization][INFO] kitbashing item content/items/weapons/player/ranged/flashlights/owo_flashlight_leyley_narrow_cool_03
04:06:34.636 [Lua] [MOD][extended_weapon_customization][INFO] kitbashing item content/items/weapons/player/melee/blades/falchion_blade_06_syn
04:06:34.636 [Lua] [MOD][extended_weapon_customization][INFO] kitbashing item content/items/weapons/player/melee/heads/syn_axe_head_01
04:06:34.637 [Lua] [MOD][extended_weapon_customization][INFO] kitbashing item content/items/weapons/player/ranged/flashlights/owo_flashlight_leyley_narrow_cool_04
04:06:34.637 [Lua] [MOD][extended_weapon_customization][INFO] kitbashing item content/items/weapons/player/melee/heads/syn_axe_head_03
04:06:34.637 [Lua] [MOD][extended_weapon_customization][INFO] kitbashing item content/items/weapons/player/melee/heads/syn_axe_head_04
04:06:34.637 [Lua] [MOD][extended_weapon_customization][INFO] kitbashing item content/items/weapons/player/ranged/flashlights/owo_flashlight_leyley_narrow_cool_05
04:06:34.637 [Lua] [MOD][extended_weapon_customization][INFO] kitbashing item content/items/weapons/player/melee/heads/syn_axe_head_ml01
04:06:34.637 [Lua] [MOD][extended_weapon_customization][INFO] kitbashing item content/items/weapons/player/melee/heads/syn_hatchet_head_01
04:06:34.637 [Lua] [MOD][extended_weapon_customization][INFO] kitbashing item content/items/weapons/player/ranged/flashlights/owo_flashlight_leyley_narrow_cool_invisible
04:06:34.637 [Lua] [MOD][extended_weapon_customization][INFO] kitbashing item content/items/weapons/player/melee/heads/syn_hatchet_head_03
04:06:34.637 [Lua] [MOD][extended_weapon_customization][INFO] kitbashing item content/items/weapons/player/melee/heads/syn_hatchet_head_04
04:06:34.637 [Lua] [MOD][extended_weapon_customization][INFO] kitbashing item content/items/weapons/player/melee/heads/syn_hatchet_head_05
04:06:34.637 [Lua] [MOD][extended_weapon_customization][INFO] kitbashing item content/items/weapons/player/melee/heads/syn_hatchet_head_06
04:06:34.637 [Lua] [MOD][extended_weapon_customization][INFO] kitbashing item content/items/weapons/player/melee/heads/syn_hatchet_head_ml01
04:06:34.637 [Lua] [MOD][extended_weapon_customization][INFO] kitbashing item content/items/weapons/player/ranged/flashlights/owo_flashlight_leyley_weak_01
04:06:34.637 [Lua] [MOD][extended_weapon_customization][INFO] kitbashing item content/items/weapons/player/ranged/grips/syn_stubber_handle_01
04:06:34.637 [Lua] [MOD][extended_weapon_customization][INFO] kitbashing item content/items/weapons/player/ranged/grips/syn_stubber_handle_02
04:06:34.637 [Lua] [MOD][extended_weapon_customization][INFO] kitbashing item content/items/weapons/player/ranged/flashlights/owo_flashlight_leyley_weak_02
04:06:34.637 [Lua] [MOD][extended_weapon_customization][INFO] kitbashing item content/items/weapons/player/ranged/grips/syn_stubber_handle_04
04:06:34.637 [Lua] [MOD][extended_weapon_customization][INFO] kitbashing item content/items/weapons/player/ranged/grips/syn_stubber_handle_05
04:06:34.637 [Lua] [MOD][extended_weapon_customization][INFO] kitbashing item content/items/weapons/player/ranged/flashlights/owo_flashlight_leyley_weak_03
04:06:34.637 [Lua] [MOD][extended_weapon_customization][INFO] kitbashing item content/items/weapons/player/ranged/grips/syn_stubber_handle_07
04:06:34.637 [Lua] [MOD][extended_weapon_customization][INFO] kitbashing item content/items/weapons/player/ranged/grips/syn_stubber_handle_08
04:06:34.637 [Lua] [MOD][extended_weapon_customization][INFO] kitbashing item content/items/weapons/player/ranged/flashlights/owo_flashlight_leyley_weak_04
04:06:34.637 [Lua] [MOD][extended_weapon_customization][INFO] kitbashing item content/items/weapons/player/ranged/receivers/syn_multilaser_receiver_01
04:06:34.637 [Lua] [MOD][extended_weapon_customization][INFO] kitbashing item content/items/weapons/player/ranged/receivers/syn_multilaser_receiver_ml01
04:06:34.637 [Lua] [MOD][extended_weapon_customization][INFO] kitbashing item content/items/weapons/player/ranged/flashlights/owo_flashlight_leyley_weak_05
04:06:34.637 [Lua] [MOD][extended_weapon_customization][INFO] kitbashing item content/items/weapons/player/ranged/receivers/syn_arc_cannon_receiver_ml01
04:06:34.637 [Lua] [MOD][extended_weapon_customization][INFO] kitbashing item content/items/weapons/player/ranged/receivers/syn_arc_cannon_receiver_deluxe01
04:06:34.637 [Lua] [MOD][extended_weapon_customization][INFO] kitbashing item content/items/weapons/player/ranged/flashlights/owo_flashlight_leyley_weak_invisible
04:06:34.637 [Lua] [MOD][extended_weapon_customization][INFO] kitbashing item content/items/weapons/player/ranged/receivers/syn_arc_stubgun_ogryn_receiver_02
04:06:34.637 [Lua] [MOD][extended_weapon_customization][INFO] kitbashing item content/items/weapons/player/ranged/receivers/syn_arc_stubgun_ogryn_receiver_03
04:06:34.637 [Lua] [MOD][extended_weapon_customization][INFO] kitbashing item content/items/weapons/player/ranged/receivers/syn_stubgun_ogryn_receiver_01
04:06:34.637 [Lua] [MOD][extended_weapon_customization][INFO] kitbashing item content/items/weapons/player/ranged/receivers/syn_stubgun_ogryn_receiver_02
04:06:34.637 [Lua] [MOD][extended_weapon_customization][INFO] kitbashing item content/items/weapons/player/ranged/receivers/syn_stubgun_ogryn_receiver_03
04:06:34.637 [Lua] [MOD][extended_weapon_customization][INFO] kitbashing item content/items/weapons/player/ranged/flashlights/owo_flashlight_leyley_default_01
04:06:34.637 [Lua] [MOD][extended_weapon_customization][INFO] kitbashing item content/items/weapons/player/ranged/receivers/syn_stubgun_ogryn_receiver_ml02
04:06:34.637 [Lua] [MOD][extended_weapon_customization][INFO] kitbashing item content/items/weapons/player/ranged/receivers/syn_ogryn_thompson_receiver_01
04:06:34.637 [Lua] [MOD][extended_weapon_customization][INFO] kitbashing item content/items/weapons/player/ranged/flashlights/owo_flashlight_leyley_default_02
04:06:34.637 [Lua] [MOD][extended_weapon_customization][INFO] kitbashing item content/items/weapons/player/ranged/barrels/syn_multilaser_ml01
04:06:34.637 [Lua] [MOD][extended_weapon_customization][INFO] kitbashing item content/items/weapons/player/ranged/barrels/syn_multilaser_02
04:06:34.637 [Lua] [MOD][extended_weapon_customization][INFO] kitbashing item content/items/weapons/player/ranged/flashlights/owo_flashlight_leyley_default_03
04:06:34.637 [Lua] [MOD][extended_weapon_customization][INFO] kitbashing item content/items/weapons/player/ranged/barrels/syn_stubgun_barrel_01
04:06:34.637 [Lua] [MOD][extended_weapon_customization][INFO] kitbashing item content/items/weapons/player/ranged/barrels/syn_stubgun_barrel_02
04:06:34.637 [Lua] [MOD][extended_weapon_customization][INFO] kitbashing item content/items/weapons/player/ranged/flashlights/owo_flashlight_leyley_default_04
04:06:34.637 [Lua] [MOD][extended_weapon_customization][INFO] kitbashing item content/items/weapons/player/ranged/barrels/syn_stubgun_barrel_04
04:06:34.637 [Lua] [MOD][extended_weapon_customization][INFO] kitbashing item content/items/weapons/player/ranged/barrels/syn_stubgun_barrel_05
04:06:34.637 [Lua] [MOD][extended_weapon_customization][INFO] kitbashing item content/items/weapons/player/ranged/flashlights/owo_flashlight_leyley_default_05
04:06:34.637 [Lua] [MOD][extended_weapon_customization][INFO] kitbashing item content/items/weapons/player/ranged/barrels/syn_stubgun_barrel_07
04:06:34.637 [Lua] [MOD][extended_weapon_customization][INFO] kitbashing item content/items/weapons/player/ranged/barrels/syn_arc_cannon_01
04:06:34.637 [Lua] [MOD][extended_weapon_customization][INFO] kitbashing item content/items/weapons/player/ranged/flashlights/owo_flashlight_leyley_default_invisible
04:06:34.637 [Lua] [MOD][extended_weapon_customization][INFO] kitbashing item content/items/weapons/player/ranged/barrels/syn_arc_cannon_deluxe01
04:06:34.637 [Lua] [MOD][extended_weapon_customization][INFO] kitbashing item content/items/weapons/player/ranged/barrels/syn_arc_cannon_02
04:06:34.637 [Lua] [MOD][extended_weapon_customization][INFO] kitbashing item content/items/weapons/player/ranged/barrels/syn_arc_cannon_ml02
04:06:34.637 [Lua] [MOD][extended_weapon_customization][INFO] kitbashing item content/items/weapons/player/ranged/barrels/syn_arc_cannon_deluxe02
04:06:34.637 [Lua] [MOD][extended_weapon_customization][INFO] kitbashing item content/items/weapons/player/ranged/barrels/syn_ogryn_thompson_barrel_01
04:06:34.637 [Lua] [MOD][extended_weapon_customization][INFO] kitbashing item content/items/weapons/player/ranged/flashlights/owo_flashlight_leyley_narrow_01
04:06:34.637 [Lua] [MOD][extended_weapon_customization][INFO] kitbashing item content/items/weapons/player/ranged/barrels/syn_ogryn_thompson_barrel_03
04:06:34.637 [Lua] [MOD][extended_weapon_customization][INFO] kitbashing item content/items/weapons/player/ranged/barrels/syn_combatshotgun_barrel_01_twinheavystubber
04:06:34.637 [Lua] [MOD][extended_weapon_customization][INFO] kitbashing item content/items/weapons/player/ranged/flashlights/owo_flashlight_leyley_narrow_02
04:06:34.637 [Lua] [MOD][extended_weapon_customization][INFO] kitbashing item content/items/weapons/player/ranged/barrels/syn_combatshotgun_barrel_05_twinheavystubber
04:06:34.637 [Lua] [MOD][extended_weapon_customization][INFO] kitbashing item content/items/weapons/player/ranged/barrels/syn_combatshotgun_barrel_06_twinheavystubber
04:06:34.637 [Lua] [MOD][extended_weapon_customization][INFO] kitbashing item content/items/weapons/player/ranged/flashlights/owo_flashlight_leyley_narrow_03
04:06:34.637 [Lua] [MOD][extended_weapon_customization][INFO] kitbashing item content/items/weapons/player/ranged/barrels/syn_combatshotgun_barrel_08_twinheavystubber
04:06:34.637 [Lua] [MOD][extended_weapon_customization][INFO] kitbashing item content/items/weapons/player/ranged/barrels/syn_combatshotgun_barrel_09_twinheavystubber
04:06:34.637 [Lua] [MOD][extended_weapon_customization][INFO] kitbashing item content/items/weapons/player/ranged/flashlights/owo_flashlight_leyley_narrow_04
04:06:34.637 [Lua] [MOD][extended_weapon_customization][INFO] kitbashing item content/items/weapons/player/ranged/barrels/syn_combatshotgun_barrel_ml01_twinheavystubber
04:06:34.637 [Lua] [MOD][extended_weapon_customization][INFO] kitbashing item content/items/weapons/player/ranged/barrels/syn_autogun_barrel_01_twinheavystubber
04:06:34.637 [Lua] [MOD][extended_weapon_customization][INFO] kitbashing item content/items/weapons/player/ranged/flashlights/owo_flashlight_leyley_narrow_05
04:06:34.637 [Lua] [MOD][extended_weapon_customization][INFO] kitbashing item content/items/weapons/player/ranged/barrels/syn_autogun_barrel_03_twinheavystubber
04:06:34.637 [Lua] [MOD][extended_weapon_customization][INFO] kitbashing item content/items/weapons/player/ranged/barrels/syn_autogun_barrel_04_twinheavystubber
04:06:34.637 [Lua] [MOD][extended_weapon_customization][INFO] kitbashing item content/items/weapons/player/ranged/flashlights/owo_flashlight_leyley_narrow_invisible
04:06:34.637 [Lua] [MOD][extended_weapon_customization][INFO] kitbashing item content/items/weapons/player/ranged/barrels/syn_autogun_barrel_06_twinheavystubber
04:06:34.637 [Lua] [MOD][extended_weapon_customization][INFO] kitbashing item content/items/weapons/player/ranged/barrels/syn_autogun_barrel_07_twinheavystubber
04:06:34.637 [Lua] [MOD][extended_weapon_customization][INFO] kitbashing item content/items/weapons/player/ranged/barrels/syn_autogun_barrel_08_twinheavystubber
04:06:34.637 [Lua] [MOD][extended_weapon_customization][INFO] kitbashing item content/items/weapons/player/ranged/barrels/syn_autogun_barrel_09_twinheavystubber
04:06:34.637 [Lua] [MOD][extended_weapon_customization][INFO] kitbashing item content/items/weapons/player/ranged/barrels/syn_autogun_barrel_10_twinheavystubber
04:06:34.637 [Lua] [MOD][extended_weapon_customization][INFO] kitbashing item content/items/weapons/player/ranged/flashlights/owo_flashlight_blue_narrow_cool_01
04:06:34.637 [Lua] [MOD][extended_weapon_customization][INFO] kitbashing item content/items/weapons/player/ranged/barrels/syn_autogun_barrel_12_twinheavystubber
04:06:34.637 [Lua] [MOD][extended_weapon_customization][INFO] kitbashing item content/items/weapons/player/ranged/barrels/syn_autogun_barrel_13_twinheavystubber
04:06:34.637 [Lua] [MOD][extended_weapon_customization][INFO] kitbashing item content/items/weapons/player/ranged/flashlights/owo_flashlight_blue_narrow_cool_02
04:06:34.637 [Lua] [MOD][extended_weapon_customization][INFO] kitbashing item content/items/weapons/player/ranged/barrels/syn_autogun_barrel_15_twinheavystubber
04:06:34.637 [Lua] [MOD][extended_weapon_customization][INFO] kitbashing item content/items/weapons/player/ranged/barrels/syn_autogun_barrel_16_twinheavystubber
04:06:34.638 [Lua] [MOD][extended_weapon_customization][INFO] kitbashing item content/items/weapons/player/ranged/flashlights/owo_flashlight_blue_narrow_cool_03
04:06:34.638 [Lua] [MOD][extended_weapon_customization][INFO] kitbashing item content/items/weapons/player/ranged/barrels/syn_autogun_barrel_18_twinheavystubber
04:06:34.638 [Lua] [MOD][extended_weapon_customization][INFO] kitbashing item content/items/weapons/player/ranged/barrels/syn_autogun_barrel_19_twinheavystubber
04:06:34.638 [Lua] [MOD][extended_weapon_customization][INFO] kitbashing item content/items/weapons/player/ranged/flashlights/owo_flashlight_blue_narrow_cool_04
04:06:34.638 [Lua] [MOD][extended_weapon_customization][INFO] kitbashing item content/items/weapons/player/ranged/barrels/syn_autogun_barrel_21_twinheavystubber
04:06:34.638 [Lua] [MOD][extended_weapon_customization][INFO] kitbashing item content/items/weapons/player/ranged/magazines/syn_multilasercable_00
04:06:34.638 [Lua] [MOD][extended_weapon_customization][INFO] kitbashing item content/items/weapons/player/ranged/flashlights/owo_flashlight_blue_narrow_cool_05
04:06:34.638 [Lua] [MOD][extended_weapon_customization][INFO] kitbashing item content/items/weapons/player/ranged/magazines/syn_multilasercable_ml01
04:06:34.638 [Lua] [MOD][extended_weapon_customization][INFO] kitbashing item content/items/weapons/player/ranged/magwell/syn_m41a_filler
04:06:34.638 [Lua] [MOD][extended_weapon_customization][INFO] kitbashing item content/items/weapons/player/ranged/flashlights/owo_flashlight_blue_narrow_cool_invisible
04:06:34.638 [Lua] [MOD][extended_weapon_customization][INFO] kitbashing item content/items/weapons/player/ranged/magazines/syn_multilaser_magazine_01
04:06:34.638 [Lua] [MOD][extended_weapon_customization][INFO] kitbashing item content/items/weapons/player/ranged/magazines/syn_multilaser_magazine_ml01
04:06:34.638 [Lua] [MOD][extended_weapon_customization][INFO] kitbashing item content/items/weapons/player/ranged/magazines/syn_arc_rifle_magazine_01_single_stubber
04:06:34.638 [Lua] [MOD][extended_weapon_customization][INFO] kitbashing item content/items/weapons/player/ranged/magazines/syn_arc_rifle_magazine_02_single_stubber
04:06:34.638 [Lua] [MOD][extended_weapon_customization][INFO] kitbashing item content/items/weapons/player/ranged/magazines/syn_arc_rifle_magazine_03_single_stubber
04:06:34.638 [Lua] [MOD][extended_weapon_customization][INFO] kitbashing item content/items/weapons/player/ranged/flashlights/owo_flashlight_blue_weak_01
04:06:34.638 [Lua] [MOD][extended_weapon_customization][INFO] kitbashing item content/items/weapons/player/ranged/magazines/syn_arc_rifle_magazine_02_single_stubber_low_voltage
04:06:34.638 [Lua] [MOD][extended_weapon_customization][INFO] kitbashing item content/items/weapons/player/ranged/magazines/syn_arc_rifle_magazine_03_single_stubber_low_voltage
04:06:34.638 [Lua] [MOD][extended_weapon_customization][INFO] kitbashing item content/items/weapons/player/ranged/flashlights/owo_flashlight_blue_weak_02
04:06:34.638 [Lua] [MOD][extended_weapon_customization][INFO] kitbashing item content/items/weapons/player/ranged/lenses/aquilon_lense_01
04:06:34.638 [Lua] [MOD][extended_weapon_customization][INFO] kitbashing item content/items/weapons/player/ranged/scope_bodies/aquilon_scope_front_01
04:06:34.638 [Lua] [MOD][extended_weapon_customization][INFO] kitbashing item content/items/weapons/player/ranged/flashlights/owo_flashlight_blue_weak_03
04:06:34.638 [Lua] [MOD][extended_weapon_customization][INFO] kitbashing item content/items/weapons/player/ranged/scope_bodies/aquilon_scope_front_02
04:06:34.638 [Lua] [MOD][extended_weapon_customization][INFO] kitbashing item content/items/weapons/player/ranged/scope_bodies/aquilon_scope_front_03
04:06:34.638 [Lua] [MOD][extended_weapon_customization][INFO] kitbashing item content/items/weapons/player/ranged/flashlights/owo_flashlight_blue_weak_04
04:06:34.638 [Lua] [MOD][extended_weapon_customization][INFO] kitbashing item content/items/weapons/player/ranged/scope_bodies/aquilon_scope_front_05
04:06:34.638 [Lua] [MOD][extended_weapon_customization][INFO] kitbashing item content/items/weapons/player/ranged/scope_bodies/aquilon_scope_back_01
04:06:34.638 [Lua] [MOD][extended_weapon_customization][INFO] kitbashing item content/items/weapons/player/ranged/scope_bodies/aquilon_scope_back_01a
04:06:34.638 [Lua] [MOD][extended_weapon_customization][INFO] kitbashing item content/items/weapons/player/ranged/scope_bodies/aquilon_scope_back_02
04:06:34.638 [Lua] [MOD][extended_weapon_customization][INFO] kitbashing item content/items/weapons/player/ranged/scope_bodies/aquilon_scope_back_03
04:06:34.638 [Lua] [MOD][extended_weapon_customization][INFO] kitbashing item content/items/weapons/player/ranged/flashlights/owo_flashlight_blue_weak_invisible
04:06:34.638 [Lua] [MOD][extended_weapon_customization][INFO] kitbashing item content/items/weapons/player/ranged/scope_bodies/aquilon_scope_back_05
04:06:34.638 [Lua] [MOD][extended_weapon_customization][INFO] kitbashing item content/items/weapons/player/ranged/scope_bodies/aquilon_scope_gold_01
04:06:34.638 [Lua] [MOD][extended_weapon_customization][INFO] kitbashing item content/items/weapons/player/ranged/scope_bodies/aquilon_scope_main_01
04:06:34.638 [Lua] [MOD][extended_weapon_customization][INFO] kitbashing item content/items/weapons/player/ranged/syn_reflex/syn_reflex_01
04:06:34.638 [Lua] [MOD][extended_weapon_customization][INFO] kitbashing item content/items/weapons/player/ranged/syn_reflex/syn_reflex_03
04:06:34.638 [Lua] [MOD][extended_weapon_customization][INFO] kitbashing item content/items/weapons/player/ranged/flashlights/owo_flashlight_blue_default_01
04:06:34.638 [Lua] [MOD][extended_weapon_customization][INFO] kitbashing item content/items/weapons/player/ranged/scope_bodies/aquilon_scope_outer_alt_01
04:06:34.638 [Lua] [MOD][extended_weapon_customization][INFO] kitbashing item content/items/weapons/player/ranged/scope_bodies/aquilon_scope_outer_02
04:06:34.638 [Lua] [MOD][extended_weapon_customization][INFO] kitbashing item content/items/weapons/player/ranged/flashlights/owo_flashlight_blue_default_02
04:06:34.638 [Lua] [MOD][extended_weapon_customization][INFO] kitbashing item content/items/weapons/player/ranged/scope_bodies/aquilon_scope_outer_03
04:06:34.638 [Lua] [MOD][extended_weapon_customization][INFO] kitbashing item content/items/weapons/player/ranged/scope_bodies/aquilon_scope_outer_04
04:06:34.638 [Lua] [MOD][extended_weapon_customization][INFO] kitbashing item content/items/weapons/player/ranged/receiver_extension/ma5_main_01
04:06:34.638 [Lua] [MOD][extended_weapon_customization][INFO] kitbashing item content/items/weapons/player/ranged/barrels/syn_combatshotgun_barrel_05_heavystubber
04:06:34.638 [Lua] [MOD][extended_weapon_customization][INFO] kitbashing item content/items/weapons/player/ranged/syn_van_saar_symbol
04:06:34.638 [Lua] [MOD][extended_weapon_customization][INFO] kitbashing item content/items/weapons/player/ranged/flashlights/owo_flashlight_blue_default_04
04:06:34.638 [Lua] [MOD][extended_weapon_customization][INFO] kitbashing item content/items/weapons/player/ranged/syn_hpr_arms
04:06:34.638 [Lua] [MOD][extended_weapon_customization][INFO] kitbashing item content/items/weapons/player/ranged/barrels/syn_combatshotgun_barrel_09_heavystubber
04:06:34.638 [Lua] [MOD][extended_weapon_customization][INFO] kitbashing item content/items/weapons/player/ranged/flashlights/owo_flashlight_blue_default_05
04:06:34.638 [Lua] [MOD][extended_weapon_customization][INFO] kitbashing item content/items/weapons/player/ranged/barrels/syn_combatshotgun_barrel_ml01_heavystubber
04:06:34.638 [Lua] [MOD][extended_weapon_customization][INFO] kitbashing item content/items/weapons/player/ranged/barrels/syn_autogun_barrel_01_heavystubber
04:06:34.638 [Lua] [MOD][extended_weapon_customization][INFO] kitbashing item content/items/weapons/player/ranged/flashlights/owo_flashlight_blue_default_invisible
04:06:34.638 [Lua] [MOD][extended_weapon_customization][INFO] kitbashing item content/items/weapons/player/ranged/receiver_extension/ma5_ironsight_01
04:06:34.638 [Lua] [MOD][extended_weapon_customization][INFO] kitbashing item content/items/weapons/player/ranged/receiver_extension/ma5_main_02
04:06:34.638 [Lua] [MOD][extended_weapon_customization][INFO] kitbashing item content/items/weapons/player/ranged/receiver_extension/ma5_body_01
04:06:34.638 [Lua] [MOD][extended_weapon_customization][INFO] kitbashing item content/items/weapons/player/ranged/receiver_extension/ma5_body_02
04:06:34.638 [Lua] [MOD][extended_weapon_customization][INFO] kitbashing item content/items/weapons/player/ranged/receiver_extension/ma5_body_03
04:06:34.638 [Lua] [MOD][extended_weapon_customization][INFO] kitbashing item content/items/weapons/player/ranged/flashlights/owo_flashlight_blue_narrow_01
04:06:34.638 [Lua] [MOD][extended_weapon_customization][INFO] kitbashing item content/items/weapons/player/ranged/receiver_extension/ma5_body_05
04:06:34.638 [Lua] [MOD][extended_weapon_customization][INFO] kitbashing item content/items/weapons/player/melee/blades/laser_blade_combat_knife_p1_01
04:06:34.638 [Lua] [MOD][extended_weapon_customization][INFO] kitbashing item content/items/weapons/player/ranged/flashlights/owo_flashlight_blue_narrow_02
04:06:34.638 [Lua] [MOD][extended_weapon_customization][INFO] kitbashing item content/items/weapons/player/ranged/receiver_extension/ma5_body_08
04:06:34.638 [Lua] [MOD][extended_weapon_customization][INFO] kitbashing item content/items/weapons/player/melee/blades/laser_blade_green_combat_knife_p1_02
04:06:34.638 [Lua] [MOD][extended_weapon_customization][INFO] kitbashing item content/items/weapons/player/ranged/flashlights/owo_flashlight_blue_narrow_03
04:06:34.638 [Lua] [MOD][extended_weapon_customization][INFO] kitbashing item content/items/weapons/player/ranged/receiver_extension/ma5_body_11
04:06:34.638 [Lua] [MOD][extended_weapon_customization][INFO] kitbashing item content/items/weapons/player/ranged/receiver_extension/ma5_body_12
04:06:34.638 [Lua] [MOD][extended_weapon_customization][INFO] kitbashing item content/items/weapons/player/ranged/flashlights/owo_flashlight_blue_narrow_04
04:06:34.638 [Lua] [MOD][extended_weapon_customization][INFO] kitbashing item content/items/weapons/player/ranged/receiver_extension/ma5_body_14
04:06:34.638 [Lua] [MOD][extended_weapon_customization][INFO] kitbashing item content/items/weapons/player/ranged/receiver_extension/ma5_body_15
04:06:34.638 [Lua] [MOD][extended_weapon_customization][INFO] kitbashing item content/items/weapons/player/ranged/flashlights/owo_flashlight_blue_narrow_05
04:06:34.638 [Lua] [MOD][extended_weapon_customization][INFO] kitbashing item content/items/weapons/player/ranged/receiver_extension/ma5_body_17
04:06:34.638 [Lua] [MOD][extended_weapon_customization][INFO] kitbashing item content/items/weapons/player/ranged/receiver_extension/ma5_body_18
04:06:34.638 [Lua] [MOD][extended_weapon_customization][INFO] kitbashing item content/items/weapons/player/ranged/flashlights/owo_flashlight_blue_narrow_invisible
04:06:34.638 [Lua] [MOD][extended_weapon_customization][INFO] kitbashing item content/items/weapons/player/ranged/receiver_extension/ma5_body_20
04:06:34.638 [Lua] [MOD][extended_weapon_customization][INFO] kitbashing item content/items/weapons/player/ranged/receiver_extension/ma5_body_21
04:06:34.638 [Lua] [MOD][extended_weapon_customization][INFO] kitbashing item content/items/weapons/player/melee/pommel/syn_pickaxe_transonic_01
04:06:34.638 [Lua] [MOD][extended_weapon_customization][INFO] kitbashing item content/items/weapons/player/melee/pommel/syn_pickaxe_transonic_01_alt
04:06:34.638 [Lua] [MOD][extended_weapon_customization][INFO] kitbashing item content/items/weapons/player/melee/pommel/syn_pickaxe_transonic_02
04:06:34.638 [Lua] [MOD][extended_weapon_customization][INFO] kitbashing item content/items/weapons/player/melee/pommel/syn_pickaxe_transonic_03
04:06:34.638 [Lua] [MOD][extended_weapon_customization][INFO] kitbashing item content/items/weapons/player/melee/pommel/syn_pickaxe_knife_01
04:06:34.638 [Lua] [MOD][extended_weapon_customization][INFO] kitbashing item content/items/weapons/player/melee/pommel/syn_pickaxe_knife_02
04:06:34.638 [Lua] [MOD][extended_weapon_customization][INFO] kitbashing item content/items/weapons/player/melee/pommel/syn_pickaxe_knife_03
04:06:34.638 [Lua] [MOD][extended_weapon_customization][INFO] kitbashing item content/items/weapons/player/melee/pommel/syn_pickaxe_knife_04
04:06:34.638 [Lua] [MOD][extended_weapon_customization][INFO] kitbashing item content/items/weapons/player/melee/pommel/syn_pickaxe_knife_05
04:06:34.638 [Lua] [MOD][extended_weapon_customization][INFO] kitbashing item content/items/weapons/player/melee/ogryn/syn_custodes_shaft_01
04:06:34.638 [Lua] [MOD][extended_weapon_customization][INFO] kitbashing item content/items/weapons/player/melee/ogryn/syn_custodes_shaft_02
04:06:34.638 [Lua] [MOD][extended_weapon_customization][INFO] kitbashing item content/items/weapons/player/melee/ogryn/syn_custodes_shaft_03
04:06:34.639 [Lua] [MOD][extended_weapon_customization][INFO] kitbashing item content/items/weapons/player/ranged/flashlights/owo_flashlight_red_narrow_cool_04
04:06:34.639 [Lua] [MOD][extended_weapon_customization][INFO] kitbashing item content/items/weapons/player/melee/ogryn/syn_thunderhammer_shaft_02
04:06:34.639 [Lua] [MOD][extended_weapon_customization][INFO] kitbashing item content/items/weapons/player/melee/ogryn/syn_thunderhammer_shaft_03
04:06:34.639 [Lua] [MOD][extended_weapon_customization][INFO] kitbashing item content/items/weapons/player/melee/ogryn/syn_thunderhammer_shaft_04
04:06:34.639 [Lua] [MOD][extended_weapon_customization][INFO] kitbashing item content/items/weapons/player/melee/ogryn/syn_thunderhammer_shaft_05
04:06:34.639 [Lua] [MOD][extended_weapon_customization][INFO] kitbashing item content/items/weapons/player/melee/ogryn/syn_thunderhammer_shaft_06
04:06:34.639 [Lua] [MOD][extended_weapon_customization][INFO] kitbashing item content/items/weapons/player/ranged/flashlights/owo_flashlight_red_narrow_cool_invisible
04:06:34.639 [Lua] [MOD][extended_weapon_customization][INFO] kitbashing item content/items/weapons/player/melee/ogryn/syn_2h_powermaul_shaft_01
04:06:34.639 [Lua] [MOD][extended_weapon_customization][INFO] kitbashing item content/items/weapons/player/melee/ogryn/syn_2h_powermaul_shaft_02
04:06:34.639 [Lua] [MOD][extended_weapon_customization][INFO] kitbashing item content/items/weapons/player/melee/ogryn/syn_2h_powermaul_shaft_03
04:06:34.639 [Lua] [MOD][extended_weapon_customization][INFO] kitbashing item content/items/weapons/player/melee/ogryn/syn_2h_powermaul_shaft_04
04:06:34.639 [Lua] [MOD][extended_weapon_customization][INFO] kitbashing item content/items/weapons/player/melee/ogryn/syn_2h_powermaul_shaft_05
04:06:34.639 [Lua] [MOD][extended_weapon_customization][INFO] kitbashing item content/items/weapons/player/ranged/flashlights/owo_flashlight_red_weak_01
04:06:34.639 [Lua] [MOD][extended_weapon_customization][INFO] kitbashing item content/items/weapons/player/melee/ogryn/syn_2h_powermaul_shaft_07
04:06:34.639 [Lua] [MOD][extended_weapon_customization][INFO] kitbashing item content/items/weapons/player/melee/ogryn/syn_2h_powermaul_shaft_ml01
04:06:34.639 [Lua] [MOD][extended_weapon_customization][INFO] kitbashing item content/items/weapons/player/ranged/flashlights/owo_flashlight_red_weak_02
04:06:34.639 [Lua] [MOD][extended_weapon_customization][INFO] kitbashing item content/items/weapons/player/melee/pickaxe/syn_battle_axe_head_02
04:06:34.639 [Lua] [MOD][extended_weapon_customization][INFO] kitbashing item content/items/weapons/player/melee/pickaxe/syn_battle_axe_head_03
04:06:34.639 [Lua] [MOD][extended_weapon_customization][INFO] kitbashing item content/items/weapons/player/ranged/flashlights/owo_flashlight_red_weak_03
04:06:34.639 [Lua] [MOD][extended_weapon_customization][INFO] kitbashing item content/items/weapons/player/melee/pickaxe/syn_battle_axe_head_05
04:06:34.639 [Lua] [MOD][extended_weapon_customization][INFO] kitbashing item content/items/weapons/player/melee/pickaxe/syn_battle_axe_head_06
04:06:34.639 [Lua] [MOD][extended_weapon_customization][INFO] kitbashing item content/items/weapons/player/ranged/flashlights/owo_flashlight_red_weak_04
04:06:34.639 [Lua] [MOD][extended_weapon_customization][INFO] kitbashing item content/items/weapons/player/melee/blades/laser_blade_power_sword_p2_01
04:06:34.639 [Lua] [MOD][extended_weapon_customization][INFO] kitbashing item content/items/weapons/player/melee/blades/laser_blade_power_sword_p2_02
04:06:34.639 [Lua] [MOD][extended_weapon_customization][INFO] kitbashing item content/items/weapons/player/melee/blades/laser_blade_green_power_sword_p2_01
04:06:34.639 [Lua] [MOD][extended_weapon_customization][INFO] kitbashing item content/items/weapons/player/melee/blades/laser_blade_green_power_sword_p2_02
04:06:34.639 [Lua] [MOD][extended_weapon_customization][INFO] kitbashing item content/items/weapons/player/melee/pickaxe/syn_battle_axe_head_12
04:06:34.639 [Lua] [MOD][extended_weapon_customization][INFO] kitbashing item content/items/weapons/player/ranged/flashlights/owo_flashlight_red_weak_invisible
04:06:34.639 [Lua] [MOD][extended_weapon_customization][INFO] kitbashing item content/items/weapons/player/melee/pickaxe/syn_axe_head_01
04:06:34.639 [Lua] [MOD][extended_weapon_customization][INFO] kitbashing item content/items/weapons/player/melee/pickaxe/syn_axe_head_02
04:06:34.639 [Lua] [MOD][extended_weapon_customization][INFO] kitbashing item content/items/weapons/player/melee/pickaxe/syn_axe_head_03
04:06:34.639 [Lua] [MOD][extended_weapon_customization][INFO] kitbashing item content/items/weapons/player/melee/pickaxe/syn_axe_head_04
04:06:34.639 [Lua] [MOD][extended_weapon_customization][INFO] kitbashing item content/items/weapons/player/melee/pickaxe/syn_axe_head_05
04:06:34.639 [Lua] [MOD][extended_weapon_customization][INFO] kitbashing item content/items/weapons/player/ranged/flashlights/owo_flashlight_red_default_01
04:06:34.639 [Lua] [MOD][extended_weapon_customization][INFO] kitbashing item content/items/weapons/player/ranged/stocks/syn_reinforced_stock_main_07
04:06:34.639 [Lua] [MOD][extended_weapon_customization][INFO] kitbashing item content/items/weapons/player/ranged/stocks/syn_reinforced_stock_main_08
04:06:34.639 [Lua] [MOD][extended_weapon_customization][INFO] kitbashing item content/items/weapons/player/ranged/flashlights/owo_flashlight_red_default_02
04:06:34.639 [Lua] [MOD][extended_weapon_customization][INFO] kitbashing item content/items/weapons/player/ranged/stocks/syn_reinforced_stock_main_10
04:06:34.639 [Lua] [MOD][extended_weapon_customization][INFO] kitbashing item content/items/weapons/player/ranged/stocks/syn_reinforced_stock_main_13
04:06:34.639 [Lua] [MOD][extended_weapon_customization][INFO] kitbashing item content/items/weapons/player/ranged/flashlights/owo_flashlight_red_default_03
04:06:34.639 [Lua] [MOD][extended_weapon_customization][INFO] kitbashing item content/items/weapons/player/ranged/stocks/syn_reinforced_stock_block_ml01
04:06:34.639 [Lua] [MOD][extended_weapon_customization][INFO] kitbashing item content/items/weapons/player/ranged/stocks/syn_reinforced_stock_cover_01
04:06:34.639 [Lua] [MOD][extended_weapon_customization][INFO] kitbashing item content/items/weapons/player/ranged/flashlights/owo_flashlight_red_default_04
04:06:34.639 [Lua] [MOD][extended_weapon_customization][INFO] kitbashing item content/items/weapons/player/melee/heads/syn_pickaxe_shovel_head_03
04:06:34.639 [Lua] [MOD][extended_weapon_customization][INFO] kitbashing item content/items/weapons/player/melee/heads/syn_pickaxe_shovel_head_04
04:06:34.639 [Lua] [MOD][extended_weapon_customization][INFO] kitbashing item content/items/weapons/player/ranged/magazines/boltgun_pistol_magazine_01_double
04:06:34.639 [Lua] [MOD][extended_weapon_customization][INFO] kitbashing item content/items/weapons/player/melee/heads/syn_pickaxe_shovel_head_06
04:06:34.639 [Lua] [MOD][extended_weapon_customization][INFO] kitbashing item content/items/weapons/player/melee/heads/syn_pickaxe_shovel_head_07
04:06:34.639 [Lua] [MOD][extended_weapon_customization][INFO] kitbashing item content/items/weapons/player/ranged/flashlights/owo_flashlight_red_default_invisible
04:06:34.639 [Lua] [MOD][extended_weapon_customization][INFO] kitbashing item content/items/weapons/player/ranged/stocks/syn_reinforced_stock_10_ripper
04:06:34.639 [Lua] [MOD][extended_weapon_customization][INFO] kitbashing item content/items/weapons/player/ranged/stocks/syn_reinforced_stock_11_ripper
04:06:34.639 [Lua] [MOD][extended_weapon_customization][INFO] kitbashing item content/items/weapons/player/ranged/stocks/syn_reinforced_stock_12_ripper
04:06:34.639 [Lua] [MOD][extended_weapon_customization][INFO] kitbashing item content/items/weapons/player/ranged/stocks/syn_reinforced_stock_13_ripper
04:06:34.639 [Lua] [MOD][extended_weapon_customization][INFO] kitbashing item content/items/weapons/player/ranged/stocks/syn_reinforced_stock_14_ripper
04:06:34.639 [Lua] [MOD][extended_weapon_customization][INFO] kitbashing item content/items/weapons/player/ranged/flashlights/owo_flashlight_red_narrow_01
04:06:34.639 [Lua] [MOD][extended_weapon_customization][INFO] kitbashing item content/items/weapons/player/ranged/syn_stock_extension_01
04:06:34.639 [Lua] [MOD][extended_weapon_customization][INFO] kitbashing item content/items/weapons/player/melee/heads/syn_ogryn_halberd_03
04:06:34.639 [Lua] [MOD][extended_weapon_customization][INFO] kitbashing item content/items/weapons/player/ranged/flashlights/owo_flashlight_red_narrow_02
04:06:34.639 [Lua] [MOD][extended_weapon_customization][INFO] kitbashing item content/items/weapons/player/melee/heads/syn_ogryn_powersword_01
04:06:34.639 [Lua] [MOD][extended_weapon_customization][INFO] kitbashing item content/items/weapons/player/ranged/stocks/syn_shotgun_rifle_underbarrel_04
04:06:34.639 [Lua] [MOD][extended_weapon_customization][INFO] kitbashing item content/items/weapons/player/ranged/flashlights/owo_flashlight_red_narrow_03
04:06:34.639 [Lua] [MOD][extended_weapon_customization][INFO] kitbashing item content/items/weapons/player/ranged/magazines/syn_ammobelt_magazine_01
04:06:34.639 [Lua] [MOD][extended_weapon_customization][INFO] kitbashing item content/items/weapons/player/ranged/magazines/syn_ammobelt_magazine_02
04:06:34.639 [Lua] [MOD][extended_weapon_customization][INFO] kitbashing item content/items/weapons/player/ranged/flashlights/owo_flashlight_red_narrow_04
04:06:34.639 [Lua] [MOD][extended_weapon_customization][INFO] kitbashing item content/items/weapons/player/ranged/syn_ammobelt
04:06:34.639 [Lua] [MOD][extended_weapon_customization][INFO] kitbashing item content/items/weapons/player/ranged/magazines/syn_arc_magazine_01
04:06:34.639 [Lua] [MOD][extended_weapon_customization][INFO] kitbashing item content/items/weapons/player/ranged/flashlights/owo_flashlight_red_narrow_05
04:06:34.639 [Lua] [MOD][extended_weapon_customization][INFO] kitbashing item content/items/weapons/player/ranged/magazines/syn_arc_magazine_deluxe01
04:06:34.639 [Lua] [MOD][extended_weapon_customization][INFO] kitbashing item content/items/weapons/player/melee/head/syn_ogryn_flail_maul_01
04:06:34.639 [Lua] [MOD][extended_weapon_customization][INFO] kitbashing item content/items/weapons/player/ranged/flashlights/owo_flashlight_red_narrow_invisible
04:06:34.639 [Lua] [MOD][extended_weapon_customization][INFO] kitbashing item content/items/weapons/player/melee/head/syn_ogryn_flail_maul_03
04:06:34.639 [Lua] [MOD][extended_weapon_customization][INFO] kitbashing item content/items/weapons/player/melee/head/syn_ogryn_flail_maul_04
04:06:34.639 [Lua] [MOD][extended_weapon_customization][INFO] kitbashing item content/items/weapons/player/melee/head/syn_ogryn_flail_maul_05
04:06:34.639 [Lua] [MOD][extended_weapon_customization][INFO] kitbashing item content/items/weapons/player/ranged/magazines/boltgun_rifle_magazine_01_double
04:06:34.639 [Lua] [MOD][extended_weapon_customization][INFO] kitbashing item content/items/weapons/player/ranged/magazines/boltgun_rifle_magazine_02_double
04:06:34.639 [Lua] [MOD][extended_weapon_customization][INFO] kitbashing item content/items/weapons/player/ranged/flashlights/owo_flashlight_cyan_narrow_cool_01
04:06:34.639 [Lua] [MOD][extended_weapon_customization][INFO] kitbashing item content/items/weapons/player/ranged/magazines/autopistol_laser_magazine_02
04:06:34.639 [Lua] [MOD][extended_weapon_customization][INFO] kitbashing item content/items/weapons/player/ranged/magazines/autopistol_laser_magazine_03
04:06:34.639 [Lua] [MOD][extended_weapon_customization][INFO] kitbashing item content/items/weapons/player/ranged/flashlights/owo_flashlight_cyan_narrow_cool_02
04:06:34.639 [Lua] [MOD][extended_weapon_customization][INFO] kitbashing item content/items/weapons/player/melee/head/syn_ogryn_flail_crusher_06
04:06:34.639 [Lua] [MOD][extended_weapon_customization][INFO] kitbashing item content/items/weapons/player/melee/head/syn_ogryn_flail_crusher_ml01
04:06:34.639 [Lua] [MOD][extended_weapon_customization][INFO] kitbashing item content/items/weapons/player/ranged/flashlights/owo_flashlight_cyan_narrow_cool_03
04:06:34.639 [Lua] [MOD][extended_weapon_customization][INFO] kitbashing item content/items/weapons/player/ranged/magazines/syn_heavy_plasmamagazine_01
04:06:34.639 [Lua] [MOD][extended_weapon_customization][INFO] kitbashing item content/items/weapons/player/melee/shields/syn_ogryn_shield_crusader_01b
04:06:34.639 [Lua] [MOD][extended_weapon_customization][INFO] kitbashing item content/items/weapons/player/ranged/flashlights/owo_flashlight_cyan_narrow_cool_04
04:06:34.639 [Lua] [MOD][extended_weapon_customization][INFO] kitbashing item content/items/weapons/player/melee/shields/syn_ogryn_shield_crusader_02a
04:06:34.640 [Lua] [MOD][extended_weapon_customization][INFO] kitbashing item content/items/weapons/player/ranged/magazines/syn_heavy_plasmamagazine_03
04:06:34.640 [Lua] [MOD][extended_weapon_customization][INFO] kitbashing item content/items/weapons/player/ranged/flashlights/owo_flashlight_cyan_narrow_cool_05
04:06:34.640 [Lua] [MOD][extended_weapon_customization][INFO] kitbashing item content/items/weapons/player/ranged/magazines/syn_heavy_plasmamagazine_04
04:06:34.640 [Lua] [MOD][extended_weapon_customization][INFO] kitbashing item content/items/weapons/player/melee/shields/syn_shield_doomguy_03_ogryn
04:06:34.640 [Lua] [MOD][extended_weapon_customization][INFO] kitbashing item content/items/weapons/player/ranged/flashlights/owo_flashlight_cyan_narrow_cool_invisible
04:06:34.640 [Lua] [MOD][extended_weapon_customization][INFO] kitbashing item content/items/weapons/player/melee/ogryn/syn_battle_axe_head_01
04:06:34.640 [Lua] [MOD][extended_weapon_customization][INFO] kitbashing item content/items/weapons/player/ranged/magazines/syn_heavy_plasmamagazine_ml01
04:06:34.640 [Lua] [MOD][extended_weapon_customization][INFO] kitbashing item content/items/weapons/player/melee/ogryn/syn_battle_axe_head_03
04:06:34.640 [Lua] [MOD][extended_weapon_customization][INFO] kitbashing item content/items/weapons/player/melee/ogryn/syn_battle_axe_head_04
04:06:34.640 [Lua] [MOD][extended_weapon_customization][INFO] kitbashing item content/items/weapons/player/melee/ogryn/syn_battle_axe_head_05
04:06:34.640 [Lua] [MOD][extended_weapon_customization][INFO] kitbashing item content/items/weapons/player/ranged/flashlights/owo_flashlight_cyan_weak_01
04:06:34.640 [Lua] [MOD][extended_weapon_customization][INFO] kitbashing item content/items/weapons/player/melee/ogryn/syn_battle_axe_head_07
04:06:34.640 [Lua] [MOD][extended_weapon_customization][INFO] kitbashing item content/items/weapons/player/melee/ogryn/syn_battle_axe_head_08
04:06:34.640 [Lua] [MOD][extended_weapon_customization][INFO] kitbashing item content/items/weapons/player/ranged/flashlights/owo_flashlight_cyan_weak_02
04:06:34.640 [Lua] [MOD][extended_weapon_customization][INFO] kitbashing item content/items/weapons/player/melee/ogryn/syn_battle_axe_head_10
04:06:34.640 [Lua] [MOD][extended_weapon_customization][INFO] kitbashing item content/items/weapons/player/melee/ogryn/syn_battle_axe_head_11
04:06:34.640 [Lua] [MOD][extended_weapon_customization][INFO] kitbashing item content/items/weapons/player/ranged/flashlights/owo_flashlight_cyan_weak_03
04:06:34.640 [Lua] [MOD][extended_weapon_customization][INFO] kitbashing item content/items/weapons/player/melee/ogryn/syn_battle_axe_head_13
04:06:34.640 [Lua] [MOD][extended_weapon_customization][INFO] kitbashing item content/items/weapons/player/ranged/magazines/syn_hellgun_magazine_01_drum_double
04:06:34.640 [Lua] [MOD][extended_weapon_customization][INFO] kitbashing item content/items/weapons/player/ranged/flashlights/owo_flashlight_cyan_weak_04
04:06:34.640 [Lua] [MOD][extended_weapon_customization][INFO] kitbashing item content/items/weapons/player/melee/ogryn/syn_axe_head_03
04:06:34.640 [Lua] [MOD][extended_weapon_customization][INFO] kitbashing item content/items/weapons/player/melee/ogryn/syn_axe_head_04
04:06:34.640 [Lua] [MOD][extended_weapon_customization][INFO] kitbashing item content/items/weapons/player/ranged/flashlights/owo_flashlight_cyan_weak_05
04:06:34.640 [Lua] [MOD][extended_weapon_customization][INFO] kitbashing item content/items/weapons/player/ranged/magazines/syn_dual_lasgun_pistol_magazine_03
04:06:34.640 [Lua] [MOD][extended_weapon_customization][INFO] kitbashing item content/items/weapons/player/ranged/magazines/syn_dual_lasgun_pistol_magazine_05
04:06:34.640 [Lua] [MOD][extended_weapon_customization][INFO] kitbashing item content/items/weapons/player/ranged/flashlights/owo_flashlight_cyan_weak_invisible
04:06:34.640 [Lua] [MOD][extended_weapon_customization][INFO] kitbashing item content/items/weapons/player/ranged/magazines/syn_aquilon_magdrum_01
04:06:34.640 [Lua] [MOD][extended_weapon_customization][INFO] kitbashing item content/items/weapons/player/ranged/magazines/syn_aquilon_magdrum_09
04:06:34.640 [Lua] [MOD][extended_weapon_customization][INFO] kitbashing item content/items/weapons/player/ranged/magazines/syn_aquilon_magdrum_double
04:06:34.640 [Lua] [MOD][extended_weapon_customization][INFO] kitbashing item content/items/weapons/player/melee/ogryn/syn_axe_head_12
04:06:34.640 [Lua] [MOD][extended_weapon_customization][INFO] kitbashing item content/items/weapons/player/ranged/magazines/syn_aquilon_magdrum_double_m41a
04:06:34.640 [Lua] [MOD][extended_weapon_customization][INFO] kitbashing item content/items/weapons/player/ranged/flashlights/owo_flashlight_cyan_default_01
04:06:34.640 [Lua] [MOD][extended_weapon_customization][INFO] kitbashing item content/items/weapons/player/ranged/barrels/syn_ripper_primaris_barrel_02
04:06:34.640 [Lua] [MOD][extended_weapon_customization][INFO] kitbashing item content/items/weapons/player/ranged/barrels/syn_ripper_primaris_barrel_03
04:06:34.640 [Lua] [MOD][extended_weapon_customization][INFO] kitbashing item content/items/weapons/player/ranged/flashlights/owo_flashlight_cyan_default_02
04:06:34.640 [Lua] [MOD][extended_weapon_customization][INFO] kitbashing item content/items/weapons/player/ranged/barrels/syn_ripper_primaris_barrel_05
04:06:34.640 [Lua] [MOD][extended_weapon_customization][INFO] kitbashing item content/items/weapons/player/ranged/barrels/syn_ripper_primaris_barrel_06
04:06:34.640 [Lua] [MOD][extended_weapon_customization][INFO] kitbashing item content/items/weapons/player/ranged/flashlights/owo_flashlight_cyan_default_03
04:06:34.640 [Lua] [MOD][extended_weapon_customization][INFO] kitbashing item content/items/weapons/player/ranged/magazines/syn_aquilon_magdrum_09_helbore_vec
04:06:34.640 [Lua] [MOD][extended_weapon_customization][INFO] kitbashing item content/items/weapons/player/ranged/magazines/syn_multilaser_cable_01
04:06:34.640 [Lua] [MOD][extended_weapon_customization][INFO] kitbashing item content/items/weapons/player/ranged/magwell/syn_vector_01
04:06:34.640 [Lua] [MOD][extended_weapon_customization][INFO] kitbashing item content/items/weapons/player/ranged/magwell/syn_vector_02
04:06:34.640 [Lua] [MOD][extended_weapon_customization][INFO] kitbashing item content/items/weapons/player/ranged/magwell/syn_vector_03
04:06:34.640 [Lua] [MOD][extended_weapon_customization][INFO] kitbashing item content/items/weapons/player/ranged/flashlights/owo_flashlight_cyan_default_05
04:06:34.640 [Lua] [MOD][extended_weapon_customization][INFO] kitbashing item content/items/weapons/player/ranged/magazines/syn_vectormag_auto_01a
04:06:34.640 [Lua] [MOD][extended_weapon_customization][INFO] kitbashing item content/items/weapons/player/ranged/magazines/syn_vectormag_auto_01b
04:06:34.640 [Lua] [MOD][extended_weapon_customization][INFO] kitbashing item content/items/weapons/player/ranged/flashlights/owo_flashlight_cyan_default_invisible
04:06:34.640 [Lua] [MOD][extended_weapon_customization][INFO] kitbashing item content/items/weapons/player/ranged/magazines/syn_vectormag_auto_02b
04:06:34.640 [Lua] [MOD][extended_weapon_customization][INFO] kitbashing item content/items/weapons/player/ranged/magazines/syn_vectormag_auto_03a
04:06:34.640 [Lua] [MOD][extended_weapon_customization][INFO] kitbashing item content/items/weapons/player/ranged/magazines/syn_vectormag_auto_03b
04:06:34.640 [Lua] [MOD][extended_weapon_customization][INFO] kitbashing item content/items/weapons/player/ranged/magazines/syn_vectormag_auto_04a
04:06:34.640 [Lua] [MOD][extended_weapon_customization][INFO] kitbashing item content/items/weapons/player/ranged/magazines/syn_vectormag_auto_04b
04:06:34.640 [Lua] [MOD][extended_weapon_customization][INFO] kitbashing item content/items/weapons/player/ranged/flashlights/owo_flashlight_cyan_narrow_01
04:06:34.640 [Lua] [MOD][extended_weapon_customization][INFO] kitbashing item content/items/weapons/player/ranged/magazines/syn_vectormag_auto_05b
04:06:34.640 [Lua] [MOD][extended_weapon_customization][INFO] kitbashing item content/items/weapons/player/ranged/barrels/syn_ripper_stubgun_barrel_07
04:06:34.640 [Lua] [MOD][extended_weapon_customization][INFO] kitbashing item content/items/weapons/player/ranged/flashlights/owo_flashlight_cyan_narrow_02
04:06:34.640 [Lua] [MOD][extended_weapon_customization][INFO] kitbashing item content/items/weapons/player/ranged/barrels/syn_ripper_autogun_barrel_02
04:06:34.640 [Lua] [MOD][extended_weapon_customization][INFO] kitbashing item content/items/weapons/player/ranged/barrels/syn_ripper_autogun_barrel_03
04:06:34.640 [Lua] [MOD][extended_weapon_customization][INFO] kitbashing item content/items/weapons/player/ranged/flashlights/owo_flashlight_cyan_narrow_03
04:06:34.640 [Lua] [MOD][extended_weapon_customization][INFO] kitbashing item content/items/weapons/player/ranged/barrels/syn_ripper_autogun_barrel_05
04:06:34.640 [Lua] [MOD][extended_weapon_customization][INFO] kitbashing item content/items/weapons/player/ranged/barrels/syn_ripper_autogun_barrel_06
04:06:34.640 [Lua] [MOD][extended_weapon_customization][INFO] kitbashing item content/items/weapons/player/ranged/flashlights/owo_flashlight_cyan_narrow_04
04:06:34.640 [Lua] [MOD][extended_weapon_customization][INFO] kitbashing item content/items/weapons/player/ranged/barrels/syn_ripper_autogun_barrel_08
04:06:34.640 [Lua] [MOD][extended_weapon_customization][INFO] kitbashing item content/items/weapons/player/ranged/barrels/syn_ripper_autogun_barrel_09
04:06:34.640 [Lua] [MOD][extended_weapon_customization][INFO] kitbashing item content/items/weapons/player/ranged/flashlights/owo_flashlight_cyan_narrow_05
04:06:34.640 [Lua] [MOD][extended_weapon_customization][INFO] kitbashing item content/items/weapons/player/ranged/barrels/syn_ripper_autogun_barrel_11
04:06:34.640 [Lua] [MOD][extended_weapon_customization][INFO] kitbashing item content/items/weapons/player/ranged/barrels/syn_ripper_autogun_barrel_12
04:06:34.640 [Lua] [MOD][extended_weapon_customization][INFO] kitbashing item content/items/weapons/player/ranged/flashlights/owo_flashlight_cyan_narrow_invisible
04:06:34.640 [Lua] [MOD][extended_weapon_customization][INFO] kitbashing item content/items/weapons/player/ranged/barrels/syn_ripper_autogun_barrel_14
04:06:34.640 [Lua] [MOD][extended_weapon_customization][INFO] kitbashing item content/items/weapons/player/ranged/magacc/syn_shellrack_shell_01
04:06:34.640 [Lua] [MOD][extended_weapon_customization][INFO] kitbashing item content/items/weapons/player/ranged/magacc/syn_shellrack_shell_02
04:06:34.640 [Lua] [MOD][extended_weapon_customization][INFO] kitbashing item content/items/weapons/player/ranged/barrels/syn_ripper_autogun_barrel_17
04:06:34.640 [Lua] [MOD][extended_weapon_customization][INFO] kitbashing item content/items/weapons/player/ranged/syn_shotgun_magdrum_1
04:06:34.640 [Lua] [MOD][extended_weapon_customization][INFO] kitbashing item content/items/weapons/player/ranged/syn_shotgun_magdrum_2
04:06:34.640 [Lua] [MOD][extended_weapon_customization][INFO] kitbashing item content/items/weapons/player/ranged/syn_shotgun_magdrum_3
04:06:34.640 [Lua] [MOD][extended_weapon_customization][INFO] kitbashing item content/items/weapons/player/ranged/syn_shotgun_magdrum_4
04:06:34.640 [Lua] [MOD][extended_weapon_customization][INFO] kitbashing item content/items/weapons/player/ranged/stocks/syn_reinforced_stock_01_ripper
04:06:34.640 [Lua] [MOD][extended_weapon_customization][INFO] kitbashing item content/items/weapons/player/ranged/stocks/syn_reinforced_stock_02_ripper
04:06:34.640 [Lua] [MOD][extended_weapon_customization][INFO] kitbashing item content/items/weapons/player/ranged/stocks/syn_reinforced_stock_03_ripper
04:06:34.640 [Lua] [MOD][extended_weapon_customization][INFO] kitbashing item content/items/weapons/player/ranged/stocks/syn_reinforced_stock_04_ripper
04:06:34.640 [Lua] [MOD][extended_weapon_customization][INFO] kitbashing item content/items/weapons/player/ranged/stocks/syn_reinforced_stock_05_ripper
04:06:34.640 [Lua] [MOD][extended_weapon_customization][INFO] kitbashing item content/items/weapons/player/ranged/stocks/syn_reinforced_stock_06_ripper
04:06:34.640 [Lua] [MOD][extended_weapon_customization][INFO] kitbashing item content/items/weapons/player/ranged/stocks/syn_reinforced_stock_07_ripper
04:06:34.640 [Lua] [MOD][extended_weapon_customization][INFO] kitbashing item content/items/weapons/player/ranged/stocks/syn_reinforced_stock_08_ripper
04:06:34.640 [Lua] [MOD][extended_weapon_customization][INFO] kitbashing item content/items/weapons/player/ranged/stocks/syn_reinforced_stock_09_ripper
04:06:34.640 [Lua] [MOD][extended_weapon_customization][INFO] kitbashing item content/items/weapons/player/ranged/stocks/syn_reinforced_stock_16_ripper
04:06:34.640 [Lua] [MOD][extended_weapon_customization][INFO] kitbashing item content/items/weapons/player/ranged/stocks/syn_reinforced_stock_17_ripper
04:06:34.641 [Lua] [MOD][extended_weapon_customization][INFO] kitbashing item content/items/weapons/player/ranged/stocks/syn_reinforced_stock_18_ripper
04:06:34.641 [Lua] [MOD][extended_weapon_customization][INFO] kitbashing item content/items/weapons/player/ranged/receiver_extension/recon_extension_01_reversed
04:06:34.641 [Lua] [MOD][extended_weapon_customization][INFO] kitbashing item content/items/weapons/player/ranged/receiver_extension/recon_extension_02_reversed
04:06:34.641 [Lua] [MOD][extended_weapon_customization][INFO] kitbashing item content/items/weapons/player/ranged/receiver_extension/recon_extension_03_reversed
04:06:34.641 [Lua] [MOD][extended_weapon_customization][INFO] kitbashing item content/items/weapons/player/ranged/receiver_extension/recon_extension_04_reversed
04:06:34.641 [Lua] [MOD][extended_weapon_customization][INFO] kitbashing item content/items/weapons/player/ranged/receiver_extension/recon_extension_05_reversed
04:06:34.641 [Lua] [MOD][extended_weapon_customization][INFO] kitbashing item content/items/weapons/player/ranged/receiver_extension/recon_extension_06_reversed
04:06:34.641 [Lua] [MOD][extended_weapon_customization][INFO] kitbashing item content/items/weapons/player/ranged/receiver_extension/recon_extension_07_reversed
04:06:34.641 [Lua] [MOD][extended_weapon_customization][INFO] kitbashing item content/items/weapons/player/ranged/receiver_extension/recon_extension_08_reversed
04:06:34.641 [Lua] [MOD][extended_weapon_customization][INFO] kitbashing item content/items/weapons/player/ranged/receiver_extension/recon_extension_09_reversed
04:06:34.641 [Lua] [MOD][extended_weapon_customization][INFO] kitbashing item content/items/weapons/player/ranged/sights/aquilon_scope_04_ripper
04:06:34.641 [Lua] [MOD][extended_weapon_customization][INFO] kitbashing item content/items/weapons/player/ranged/sights/aquilon_scope_04a_ripper
04:06:34.641 [Lua] [MOD][extended_weapon_customization][INFO] kitbashing item content/items/weapons/player/ranged/flashlights/owo_flashlight_ac1_grip1
04:06:34.641 [Lua] [MOD][extended_weapon_customization][INFO] kitbashing item content/items/weapons/player/ranged/flashlights/owo_flashlight_ac1_dclaw_grip5
04:06:34.641 [Lua] [MOD][extended_weapon_customization][INFO] kitbashing item content/items/weapons/player/ranged/flashlights/owo_flashlight_ac1_grip4
04:06:34.641 [Lua] [MOD][extended_weapon_customization][INFO] kitbashing item content/items/weapons/player/ranged/flashlights/owo_flashlight_ac2_attacher_stock3
04:06:34.641 [Lua] [MOD][extended_weapon_customization][INFO] kitbashing item content/items/weapons/player/ranged/flashlights/owo_flashlight_ac2_attacher_ap_muzzle1
04:06:34.641 [Lua] [MOD][extended_weapon_customization][INFO] kitbashing item content/items/weapons/player/ranged/sights/aquilon_scope_05e_ripper
04:06:34.641 [Lua] [MOD][extended_weapon_customization][INFO] kitbashing item content/items/weapons/player/ranged/flashlights/owo_flashlight_green_narrow_cool_tactical_light_01
04:06:34.641 [Lua] [MOD][extended_weapon_customization][INFO] kitbashing item content/items/weapons/player/ranged/sights/syn_reflex_sight_01a_ripper
04:06:34.641 [Lua] [MOD][extended_weapon_customization][INFO] kitbashing item content/items/weapons/player/ranged/sights/syn_reflex_sight_02_ripper
04:06:34.641 [Lua] [MOD][extended_weapon_customization][INFO] kitbashing item content/items/weapons/player/ranged/flashlights/owo_flashlight_green_narrow_cool_mp5_light_01
04:06:34.641 [Lua] [MOD][extended_weapon_customization][INFO] kitbashing item content/items/weapons/player/ranged/sights/syn_reflex_sight_03_ripper
04:06:34.641 [Lua] [MOD][extended_weapon_customization][INFO] kitbashing item content/items/weapons/player/ranged/sights/syn_reflex_sight_03a_ripper
04:06:34.641 [Lua] [MOD][extended_weapon_customization][INFO] kitbashing item content/items/weapons/player/ranged/flashlights/owo_flashlight_green_narrow_cool_mp5_light_02
04:06:34.641 [Lua] [MOD][extended_weapon_customization][INFO] kitbashing item content/items/weapons/player/ranged/sights/syn_vs_hpr_1x_02_ripper
04:06:34.641 [Lua] [MOD][extended_weapon_customization][INFO] kitbashing item content/items/weapons/player/ranged/barrels/syn_rotary_rifle_barrel_05
04:06:34.641 [Lua] [MOD][extended_weapon_customization][INFO] kitbashing item content/items/weapons/player/ranged/flashlights/owo_flashlight_green_weak_tactical_light_01
04:06:34.641 [Lua] [MOD][extended_weapon_customization][INFO] kitbashing item content/items/weapons/player/ranged/syn_rotary_shroud_01
04:06:34.641 [Lua] [MOD][extended_weapon_customization][INFO] kitbashing item content/items/weapons/player/ranged/syn_rotary_motor_01
04:06:34.641 [Lua] [MOD][extended_weapon_customization][INFO] kitbashing item content/items/weapons/player/ranged/flashlights/owo_flashlight_green_weak_mp5_light_01
04:06:34.641 [Lua] [MOD][extended_weapon_customization][INFO] kitbashing item content/items/weapons/player/ranged/syn_rotary_motor_03
04:06:34.641 [Lua] [MOD][extended_weapon_customization][INFO] kitbashing item content/items/weapons/player/ranged/syn_rotary_drive_01
04:06:34.641 [Lua] [MOD][extended_weapon_customization][INFO] kitbashing item content/items/weapons/player/ranged/flashlights/owo_flashlight_green_weak_mp5_light_02
04:06:34.641 [Lua] [MOD][extended_weapon_customization][INFO] kitbashing item content/items/weapons/player/ranged/bayonets/syn_kickback_shotgun_bayonet_08
04:06:34.641 [Lua] [MOD][extended_weapon_customization][INFO] kitbashing item content/items/weapons/player/ranged/recievers/syn_kickback_shotgun_01
04:06:34.641 [Lua] [MOD][extended_weapon_customization][INFO] kitbashing item content/items/weapons/player/ranged/recievers/syn_kickback_shotgun_02
04:06:34.641 [Lua] [MOD][extended_weapon_customization][INFO] kitbashing item content/items/weapons/player/ranged/barrels/syn_assaultpistol_barrel_01_shotgun
04:06:34.641 [Lua] [MOD][extended_weapon_customization][INFO] kitbashing item content/items/weapons/player/ranged/recievers/syn_kickback_shotgun_04
04:06:34.641 [Lua] [MOD][extended_weapon_customization][INFO] kitbashing item content/items/weapons/player/ranged/recievers/syn_kickback_shotgun_05
04:06:34.641 [Lua] [MOD][extended_weapon_customization][INFO] kitbashing item content/items/weapons/player/ranged/barrels/syn_flamer_barrel_07
04:06:34.641 [Lua] [MOD][extended_weapon_customization][INFO] kitbashing item content/items/weapons/player/ranged/bullets/syn_kickback_shotgun_bullet
04:06:34.641 [Lua] [MOD][extended_weapon_customization][INFO] kitbashing item content/items/weapons/player/ranged/bullets/syn_bullet_empty
04:06:34.641 [Lua] [MOD][extended_weapon_customization][INFO] kitbashing item content/items/weapons/player/ranged/bullets/syn_kickback_shotgun_bullet_used
04:06:34.641 [Lua] [MOD][extended_weapon_customization][INFO] kitbashing item content/items/weapons/player/ranged/bullets/syn_bullet_empty_used
04:06:34.641 [Lua] [MOD][extended_weapon_customization][INFO] kitbashing item content/items/weapons/player/ranged/flashlights/owo_flashlight_green_narrow_tactical_light_01
04:06:34.641 [Lua] [MOD][extended_weapon_customization][INFO] kitbashing item content/items/weapons/player/ranged/recievers/syn_phosphor_shotpistol_02
04:06:34.641 [Lua] [MOD][extended_weapon_customization][INFO] kitbashing item content/items/weapons/player/ranged/recievers/syn_phosphor_shotpistol_03
04:06:34.641 [Lua] [MOD][extended_weapon_customization][INFO] kitbashing item content/items/weapons/player/ranged/flashlights/owo_flashlight_green_narrow_mp5_light_01
04:06:34.641 [Lua] [MOD][extended_weapon_customization][INFO] kitbashing item content/items/weapons/player/ranged/recievers/syn_phosphor_stubrevolver_02
04:06:34.641 [Lua] [MOD][extended_weapon_customization][INFO] kitbashing item content/items/weapons/player/ranged/barrels/syn_multilaser_barrel_01
04:06:34.641 [Lua] [MOD][extended_weapon_customization][INFO] kitbashing item content/items/weapons/player/ranged/flashlights/owo_flashlight_green_narrow_mp5_light_02
04:06:34.641 [Lua] [MOD][extended_weapon_customization][INFO] kitbashing item content/items/weapons/player/ranged/barrels/syn_stubrevolver_barrel_01_phosphor
04:06:34.641 [Lua] [MOD][extended_weapon_customization][INFO] kitbashing item content/items/weapons/player/ranged/barrels/syn_stubrevolver_barrel_02_phosphor
04:06:34.641 [Lua] [MOD][extended_weapon_customization][INFO] kitbashing item content/items/weapons/player/ranged/flashlights/owo_flashlight_custom_narrow_cool_tactical_light_01
04:06:34.641 [Lua] [MOD][extended_weapon_customization][INFO] kitbashing item content/items/weapons/player/ranged/barrels/syn_stubrevolver_barrel_04_phosphor
04:06:34.641 [Lua] [MOD][extended_weapon_customization][INFO] kitbashing item content/items/weapons/player/ranged/barrels/syn_stubrevolver_barrel_05_phosphor
04:06:34.641 [Lua] [MOD][extended_weapon_customization][INFO] kitbashing item content/items/weapons/player/ranged/flashlights/owo_flashlight_custom_narrow_cool_mp5_light_01
04:06:34.641 [Lua] [MOD][extended_weapon_customization][INFO] kitbashing item content/items/weapons/player/ranged/barrels/syn_stubrevolver_barrel_ml01_phosphor
04:06:34.641 [Lua] [MOD][extended_weapon_customization][INFO] kitbashing item content/items/weapons/player/ranged/barrels/syn_shotpistol_barrel_01_phosphor
04:06:34.641 [Lua] [MOD][extended_weapon_customization][INFO] kitbashing item content/items/weapons/player/ranged/flashlights/owo_flashlight_custom_narrow_cool_mp5_light_02
04:06:34.641 [Lua] [MOD][extended_weapon_customization][INFO] kitbashing item content/items/weapons/player/ranged/barrels/syn_shotpistol_barrel_deluxe01_phosphor
04:06:34.641 [Lua] [MOD][extended_weapon_customization][INFO] kitbashing item content/items/weapons/player/ranged/muzzles/syn_silencer_01_arbites
04:06:34.641 [Lua] [MOD][extended_weapon_customization][INFO] kitbashing item content/items/weapons/player/ranged/flashlights/owo_flashlight_custom_weak_tactical_light_01
04:06:34.641 [Lua] [MOD][extended_weapon_customization][INFO] kitbashing item content/items/weapons/player/melee/blades/laser_blade_chain_axe_p1_01
04:06:34.641 [Lua] [MOD][extended_weapon_customization][INFO] kitbashing item content/items/weapons/player/ranged/stocks/syn_phosphor_stock_02
04:06:34.641 [Lua] [MOD][extended_weapon_customization][INFO] kitbashing item content/items/weapons/player/ranged/flashlights/owo_flashlight_custom_weak_mp5_light_01
04:06:34.641 [Lua] [MOD][extended_weapon_customization][INFO] kitbashing item content/items/weapons/player/melee/blades/laser_blade_chain_axe_green_p1_02
04:06:34.641 [Lua] [MOD][extended_weapon_customization][INFO] kitbashing item content/items/weapons/player/ranged/stocks/syn_phosphor_stock_05
04:06:34.641 [Lua] [MOD][extended_weapon_customization][INFO] kitbashing item content/items/weapons/player/ranged/flashlights/owo_flashlight_custom_weak_mp5_light_02
04:06:34.641 [Lua] [MOD][extended_weapon_customization][INFO] kitbashing item content/items/weapons/player/ranged/stocks/syn_phosphor_stock_07
04:06:34.641 [Lua] [MOD][extended_weapon_customization][INFO] kitbashing item content/items/weapons/player/ranged/stocks/syn_phosphor_stock_08
04:06:34.641 [Lua] [MOD][extended_weapon_customization][INFO] kitbashing item content/items/weapons/player/ranged/flashlights/owo_flashlight_custom_default_tactical_light_01
04:06:34.641 [Lua] [MOD][extended_weapon_customization][INFO] kitbashing item content/items/weapons/player/ranged/stocks/syn_phosphor_stock_10
04:06:34.641 [Lua] [MOD][extended_weapon_customization][INFO] kitbashing item content/items/weapons/player/ranged/stocks/syn_phosphor_stock_11
04:06:34.641 [Lua] [MOD][extended_weapon_customization][INFO] kitbashing item content/items/weapons/player/ranged/flashlights/owo_flashlight_custom_default_mp5_light_01
04:06:34.641 [Lua] [MOD][extended_weapon_customization][INFO] kitbashing item content/items/weapons/player/ranged/stocks/syn_phosphor_stock_13
04:06:34.641 [Lua] [MOD][extended_weapon_customization][INFO] kitbashing item content/items/weapons/player/ranged/stocks/syn_phosphor_stock_14
04:06:34.641 [Lua] [MOD][extended_weapon_customization][INFO] kitbashing item content/items/weapons/player/ranged/flashlights/owo_flashlight_custom_default_mp5_light_02
04:06:34.641 [Lua] [MOD][extended_weapon_customization][INFO] kitbashing item content/items/weapons/player/ranged/stocks/syn_phosphor_stock_16
04:06:34.641 [Lua] [MOD][extended_weapon_customization][INFO] kitbashing item content/items/weapons/player/ranged/stocks/syn_phosphor_stock_17
04:06:34.642 [Lua] [MOD][extended_weapon_customization][INFO] kitbashing item content/items/weapons/player/ranged/flashlights/owo_flashlight_custom_narrow_tactical_light_01
04:06:34.642 [Lua] [MOD][extended_weapon_customization][INFO] kitbashing item content/items/weapons/player/ranged/stocks/syn_phosphor_stock_19
04:06:34.642 [Lua] [MOD][extended_weapon_customization][INFO] kitbashing item content/items/weapons/player/ranged/stocks/syn_phosphor_stock_20
04:06:34.642 [Lua] [MOD][extended_weapon_customization][INFO] kitbashing item content/items/weapons/player/ranged/flashlights/owo_flashlight_custom_narrow_mp5_light_01
04:06:34.642 [Lua] [MOD][extended_weapon_customization][INFO] kitbashing item content/items/weapons/player/ranged/stocks/syn_phosphor_stock_22
04:06:34.642 [Lua] [MOD][extended_weapon_customization][INFO] kitbashing item content/items/weapons/player/ranged/stocks/syn_phosphor_stock_23
04:06:34.642 [Lua] [MOD][extended_weapon_customization][INFO] kitbashing item content/items/weapons/player/ranged/flashlights/owo_flashlight_custom_narrow_mp5_light_02
04:06:34.642 [Lua] [MOD][extended_weapon_customization][INFO] kitbashing item content/items/weapons/player/ranged/stocks/syn_phosphor_stock_25
04:06:34.642 [Lua] [MOD][extended_weapon_customization][INFO] kitbashing item content/items/weapons/player/ranged/stocks/syn_phosphor_stock_26
04:06:34.642 [Lua] [MOD][extended_weapon_customization][INFO] kitbashing item content/items/weapons/player/ranged/flashlights/owo_flashlight_pink_narrow_cool_tactical_light_01
04:06:34.642 [Lua] [MOD][extended_weapon_customization][INFO] kitbashing item content/items/weapons/player/ranged/stocks/syn_phosphor_stock_28
04:06:34.642 [Lua] [MOD][extended_weapon_customization][INFO] kitbashing item content/items/weapons/player/ranged/stocks/syn_phosphor_stock_29
04:06:34.642 [Lua] [MOD][extended_weapon_customization][INFO] kitbashing item content/items/weapons/player/ranged/flashlights/owo_flashlight_pink_narrow_cool_mp5_light_01
04:06:34.642 [Lua] [MOD][extended_weapon_customization][INFO] kitbashing item content/items/weapons/player/ranged/stocks/syn_phosphor_stock_32
04:06:34.642 [Lua] [MOD][extended_weapon_customization][INFO] kitbashing item content/items/weapons/player/ranged/stocks/syn_phosphor_stock_33
04:06:34.642 [Lua] [MOD][extended_weapon_customization][INFO] kitbashing item content/items/weapons/player/ranged/flashlights/owo_flashlight_pink_narrow_cool_mp5_light_02
04:06:34.642 [Lua] [MOD][extended_weapon_customization][INFO] kitbashing item content/items/weapons/player/ranged/stocks/syn_phosphor_stock_35
04:06:34.642 [Lua] [MOD][extended_weapon_customization][INFO] kitbashing item content/items/weapons/player/ranged/sights/syn_lascannon_filler
04:06:34.642 [Lua] [MOD][extended_weapon_customization][INFO] kitbashing item content/items/weapons/player/ranged/flashlights/owo_flashlight_pink_weak_tactical_light_01
04:06:34.642 [Lua] [MOD][extended_weapon_customization][INFO] kitbashing item content/items/weapons/player/ranged/stocks/syn_slim_plasma_rifle_stock_02
04:06:34.642 [Lua] [MOD][extended_weapon_customization][INFO] kitbashing item content/items/weapons/player/ranged/stocks/syn_slim_plasma_rifle_stock_03
04:06:34.642 [Lua] [MOD][extended_weapon_customization][INFO] kitbashing item content/items/weapons/player/ranged/flashlights/owo_flashlight_pink_weak_mp5_light_01
04:06:34.642 [Lua] [MOD][extended_weapon_customization][INFO] kitbashing item content/items/weapons/player/ranged/stocks/syn_slim_plasma_rifle_stock_05
04:06:34.642 [Lua] [MOD][extended_weapon_customization][INFO] kitbashing item content/items/weapons/player/ranged/stocks/syn_slim_plasma_rifle_stock_07
04:06:34.642 [Lua] [MOD][extended_weapon_customization][INFO] kitbashing item content/items/weapons/player/ranged/flashlights/owo_flashlight_pink_weak_mp5_light_02
04:06:34.642 [Lua] [MOD][extended_weapon_customization][INFO] kitbashing item content/items/weapons/player/ranged/stocks/syn_slim_plasma_rifle_stock_ml01
04:06:34.642 [Lua] [MOD][extended_weapon_customization][INFO] kitbashing item content/items/weapons/player/ranged/magazines/syn_lascannon_magazine_01
04:06:34.642 [Lua] [MOD][extended_weapon_customization][INFO] kitbashing item content/items/weapons/player/ranged/flashlights/owo_flashlight_pink_default_tactical_light_01
04:06:34.642 [Lua] [MOD][extended_weapon_customization][INFO] kitbashing item content/items/weapons/player/ranged/magazines/syn_lascannon_magazine_02
04:06:34.642 [Lua] [MOD][extended_weapon_customization][INFO] kitbashing item content/items/weapons/player/ranged/magazines/syn_lascannon_magazine_03
04:06:34.642 [Lua] [MOD][extended_weapon_customization][INFO] kitbashing item content/items/weapons/player/ranged/flashlights/owo_flashlight_pink_default_mp5_light_01
04:06:34.642 [Lua] [MOD][extended_weapon_customization][INFO] kitbashing item content/items/weapons/player/ranged/magazines/syn_lascannon_magazine_05
04:06:34.642 [Lua] [MOD][extended_weapon_customization][INFO] kitbashing item content/items/weapons/player/ranged/magazines/syn_hag_magazine_01
04:06:34.642 [Lua] [MOD][extended_weapon_customization][INFO] kitbashing item content/items/weapons/player/ranged/flashlights/owo_flashlight_pink_default_mp5_light_02
04:06:34.642 [Lua] [MOD][extended_weapon_customization][INFO] kitbashing item content/items/weapons/player/ranged/magazines/syn_hag_magazine_03
04:06:34.642 [Lua] [MOD][extended_weapon_customization][INFO] kitbashing item content/items/weapons/player/ranged/magazines/syn_hag_magazine_04
04:06:34.642 [Lua] [MOD][extended_weapon_customization][INFO] kitbashing item content/items/weapons/player/ranged/flashlights/owo_flashlight_pink_narrow_tactical_light_01
04:06:34.642 [Lua] [MOD][extended_weapon_customization][INFO] kitbashing item content/items/weapons/player/ranged/magazines/syn_hag_magazine_06
04:06:34.642 [Lua] [MOD][extended_weapon_customization][INFO] kitbashing item content/items/weapons/player/ranged/magazines/syn_hag_magazine_07
04:06:34.642 [Lua] [MOD][extended_weapon_customization][INFO] kitbashing item content/items/weapons/player/ranged/magazines/syn_hag_magazine_08
04:06:34.642 [Lua] [MOD][extended_weapon_customization][INFO] kitbashing item content/items/weapons/player/ranged/magazines/syn_hag_magazine_09
04:06:34.642 [Lua] [MOD][extended_weapon_customization][INFO] kitbashing item content/items/weapons/player/ranged/barrels/syn_plasma_heavy_barrel_01
04:06:34.642 [Lua] [MOD][extended_weapon_customization][INFO] kitbashing item content/items/weapons/player/ranged/flashlights/owo_flashlight_pink_narrow_mp5_light_02
04:06:34.642 [Lua] [MOD][extended_weapon_customization][INFO] kitbashing item content/items/weapons/player/ranged/barrels/syn_plasma_heavy_barrel_03
04:06:34.642 [Lua] [MOD][extended_weapon_customization][INFO] kitbashing item content/items/weapons/player/ranged/barrels/syn_plasma_heavy_barrel_04
04:06:34.642 [Lua] [MOD][extended_weapon_customization][INFO] kitbashing item content/items/weapons/player/ranged/flashlights/owo_flashlight_yellow_narrow_cool_tactical_light_01
04:06:34.642 [Lua] [MOD][extended_weapon_customization][INFO] kitbashing item content/items/weapons/player/ranged/barrels/syn_plasma_heavy_barrel_07
04:06:34.642 [Lua] [MOD][extended_weapon_customization][INFO] kitbashing item content/items/weapons/player/ranged/barrels/syn_plasma_heavy_barrel_08
04:06:34.642 [Lua] [MOD][extended_weapon_customization][INFO] kitbashing item content/items/weapons/player/ranged/flashlights/owo_flashlight_yellow_narrow_cool_mp5_light_01
04:06:34.642 [Lua] [MOD][extended_weapon_customization][INFO] kitbashing item content/items/weapons/player/ranged/barrels/syn_plasma_bfg_barrel_01
04:06:34.642 [Lua] [MOD][extended_weapon_customization][INFO] kitbashing item content/items/weapons/player/ranged/barrels/syn_plasma_bfg_barrel_02
04:06:34.642 [Lua] [MOD][extended_weapon_customization][INFO] kitbashing item content/items/weapons/player/ranged/flashlights/owo_flashlight_yellow_narrow_cool_mp5_light_02
04:06:34.642 [Lua] [MOD][extended_weapon_customization][INFO] kitbashing item content/items/weapons/player/ranged/barrels/syn_plasma_bfg_barrel_04
04:06:34.642 [Lua] [MOD][extended_weapon_customization][INFO] kitbashing item content/items/weapons/player/ranged/barrels/syn_plasma_bfg_barrel_05
04:06:34.642 [Lua] [MOD][extended_weapon_customization][INFO] kitbashing item content/items/weapons/player/ranged/flashlights/owo_flashlight_yellow_weak_tactical_light_01
04:06:34.642 [Lua] [MOD][extended_weapon_customization][INFO] kitbashing item content/items/weapons/player/ranged/barrels/syn_plasma_bfg_barrel_08
04:06:34.642 [Lua] [MOD][extended_weapon_customization][INFO] kitbashing item content/items/weapons/player/ranged/barrels/syn_plasma_bfg_barrel_ml01
04:06:34.642 [Lua] [MOD][extended_weapon_customization][INFO] kitbashing item content/items/weapons/player/ranged/flashlights/owo_flashlight_yellow_weak_mp5_light_01
04:06:34.642 [Lua] [MOD][extended_weapon_customization][INFO] kitbashing item content/items/weapons/player/ranged/barrels/syn_lascannon_barrel_02
04:06:34.642 [Lua] [MOD][extended_weapon_customization][INFO] kitbashing item content/items/weapons/player/ranged/barrels/syn_lascannon_barrel_04
04:06:34.642 [Lua] [MOD][extended_weapon_customization][INFO] kitbashing item content/items/weapons/player/ranged/flashlights/owo_flashlight_yellow_weak_mp5_light_02
04:06:34.642 [Lua] [MOD][extended_weapon_customization][INFO] kitbashing item content/items/weapons/player/ranged/barrels/syn_lascannon_barrel_06
04:06:34.642 [Lua] [MOD][extended_weapon_customization][INFO] kitbashing item content/items/weapons/player/ranged/barrels/syn_lascannon_barrel_08
04:06:34.642 [Lua] [MOD][extended_weapon_customization][INFO] kitbashing item content/items/weapons/player/ranged/flashlights/owo_flashlight_yellow_default_tactical_light_01
04:06:34.642 [Lua] [MOD][extended_weapon_customization][INFO] kitbashing item content/items/weapons/player/ranged/barrels/syn_gk8gauss_barrel_plasma_01
04:06:34.642 [Lua] [MOD][extended_weapon_customization][INFO] kitbashing item content/items/weapons/player/ranged/barrels/syn_gk8gauss_barrel_plasma_02
04:06:34.642 [Lua] [MOD][extended_weapon_customization][INFO] kitbashing item content/items/weapons/player/ranged/flashlights/owo_flashlight_yellow_default_mp5_light_01
04:06:34.642 [Lua] [MOD][extended_weapon_customization][INFO] kitbashing item content/items/weapons/player/ranged/barrels/syn_gk8gauss_barrel_plasma_04
04:06:34.642 [Lua] [MOD][extended_weapon_customization][INFO] kitbashing item content/items/weapons/player/ranged/barrels/syn_gk8gauss_barrel_plasma_01alt
04:06:34.642 [Lua] [MOD][extended_weapon_customization][INFO] kitbashing item content/items/weapons/player/ranged/flashlights/owo_flashlight_yellow_default_mp5_light_02
04:06:34.642 [Lua] [MOD][extended_weapon_customization][INFO] kitbashing item content/items/weapons/player/ranged/barrels/syn_gk8gauss_barrel_plasma_03alt
04:06:34.642 [Lua] [MOD][extended_weapon_customization][INFO] kitbashing item content/items/weapons/player/ranged/barrels/syn_gk8gauss_barrel_plasma_04alt
04:06:34.642 [Lua] [MOD][extended_weapon_customization][INFO] kitbashing item content/items/weapons/player/ranged/flashlights/owo_flashlight_yellow_narrow_tactical_light_01
04:06:34.642 [Lua] [MOD][extended_weapon_customization][INFO] kitbashing item content/items/weapons/player/ranged/bipod/syn_bipod_leg_combatsword_03
04:06:34.642 [Lua] [MOD][extended_weapon_customization][INFO] kitbashing item content/items/weapons/player/ranged/bipod/syn_bipod_leg_combatsword_04
04:06:34.642 [Lua] [MOD][extended_weapon_customization][INFO] kitbashing item content/items/weapons/player/ranged/flashlights/owo_flashlight_yellow_narrow_mp5_light_01
04:06:34.642 [Lua] [MOD][extended_weapon_customization][INFO] kitbashing item content/items/weapons/player/ranged/bipod/syn_bipod_leg_combatsword_06
04:06:34.642 [Lua] [MOD][extended_weapon_customization][INFO] kitbashing item content/items/weapons/player/ranged/bipod/syn_bipod_leg_combatsword_ml01
04:06:34.642 [Lua] [MOD][extended_weapon_customization][INFO] kitbashing item content/items/weapons/player/ranged/flashlights/owo_flashlight_yellow_narrow_mp5_light_02
04:06:34.642 [Lua] [MOD][extended_weapon_customization][INFO] kitbashing item content/items/weapons/player/ranged/bipod/syn_bipod_leg_combataxe_02
04:06:34.642 [Lua] [MOD][extended_weapon_customization][INFO] kitbashing item content/items/weapons/player/ranged/bipod/syn_bipod_leg_combataxe_03
04:06:34.642 [Lua] [MOD][extended_weapon_customization][INFO] kitbashing item content/items/weapons/player/ranged/flashlights/owo_flashlight_magenta_narrow_cool_tactical_light_01
04:06:34.642 [Lua] [MOD][extended_weapon_customization][INFO] kitbashing item content/items/weapons/player/ranged/bipod/syn_bipod_leg_combataxe_05
04:06:34.642 [Lua] [MOD][extended_weapon_customization][INFO] kitbashing item content/items/weapons/player/ranged/bipod/syn_bipod_leg_combataxe_06
04:06:34.642 [Lua] [MOD][extended_weapon_customization][INFO] kitbashing item content/items/weapons/player/ranged/flashlights/owo_flashlight_magenta_narrow_cool_mp5_light_01
04:06:34.643 [Lua] [MOD][extended_weapon_customization][INFO] kitbashing item content/items/weapons/player/ranged/bipod/syn_bipod_leg_pickaxe_02
04:06:34.643 [Lua] [MOD][extended_weapon_customization][INFO] kitbashing item content/items/weapons/player/ranged/bipod/syn_bipod_leg_pickaxe_03
04:06:34.643 [Lua] [MOD][extended_weapon_customization][INFO] kitbashing item content/items/weapons/player/ranged/flashlights/owo_flashlight_magenta_narrow_cool_mp5_light_02
04:06:34.643 [Lua] [MOD][extended_weapon_customization][INFO] kitbashing item content/items/weapons/player/ranged/syn_no_stock
04:06:34.643 [Lua] [MOD][extended_weapon_customization][INFO] kitbashing item content/items/weapons/player/ranged/stocks/syn_helbore_stock_01
04:06:34.643 [Lua] [MOD][extended_weapon_customization][INFO] kitbashing item content/items/weapons/player/ranged/flashlights/owo_flashlight_magenta_weak_tactical_light_01
04:06:34.643 [Lua] [MOD][extended_weapon_customization][INFO] kitbashing item content/items/weapons/player/ranged/stocks/syn_helbore_stock_04
04:06:34.643 [Lua] [MOD][extended_weapon_customization][INFO] kitbashing item content/items/weapons/player/ranged/stocks/syn_helbore_stock_05
04:06:34.643 [Lua] [MOD][extended_weapon_customization][INFO] kitbashing item content/items/weapons/player/ranged/flashlights/owo_flashlight_magenta_weak_mp5_light_01
04:06:34.643 [Lua] [MOD][extended_weapon_customization][INFO] kitbashing item content/items/weapons/player/ranged/bayonets/syn_scythe_03
04:06:34.643 [Lua] [MOD][extended_weapon_customization][INFO] kitbashing item content/items/weapons/player/melee/thunderhammer/syn_battle_axe_head_01
04:06:34.643 [Lua] [MOD][extended_weapon_customization][INFO] kitbashing item content/items/weapons/player/ranged/flashlights/owo_flashlight_magenta_weak_mp5_light_02
04:06:34.643 [Lua] [MOD][extended_weapon_customization][INFO] kitbashing item content/items/weapons/player/melee/thunderhammer/syn_battle_axe_head_03
04:06:34.643 [Lua] [MOD][extended_weapon_customization][INFO] kitbashing item content/items/weapons/player/melee/thunderhammer/syn_battle_axe_head_04
04:06:34.643 [Lua] [MOD][extended_weapon_customization][INFO] kitbashing item content/items/weapons/player/ranged/flashlights/owo_flashlight_magenta_default_tactical_light_01
04:06:34.643 [Lua] [MOD][extended_weapon_customization][INFO] kitbashing item content/items/weapons/player/melee/thunderhammer/syn_battle_axe_head_06
04:06:34.643 [Lua] [MOD][extended_weapon_customization][INFO] kitbashing item content/items/weapons/player/melee/thunderhammer/syn_battle_axe_head_07
04:06:34.643 [Lua] [MOD][extended_weapon_customization][INFO] kitbashing item content/items/weapons/player/ranged/flashlights/owo_flashlight_magenta_default_mp5_light_01
04:06:34.643 [Lua] [MOD][extended_weapon_customization][INFO] kitbashing item content/items/weapons/player/melee/thunderhammer/syn_battle_axe_head_09
04:06:34.643 [Lua] [MOD][extended_weapon_customization][INFO] kitbashing item content/items/weapons/player/melee/thunderhammer/syn_battle_axe_head_10
04:06:34.643 [Lua] [MOD][extended_weapon_customization][INFO] kitbashing item content/items/weapons/player/ranged/flashlights/owo_flashlight_magenta_default_mp5_light_02
04:06:34.643 [Lua] [MOD][extended_weapon_customization][INFO] kitbashing item content/items/weapons/player/melee/thunderhammer/syn_battle_axe_head_12
04:06:34.643 [Lua] [MOD][extended_weapon_customization][INFO] kitbashing item content/items/weapons/player/melee/thunderhammer/syn_battle_axe_head_13
04:06:34.643 [Lua] [MOD][extended_weapon_customization][INFO] kitbashing item content/items/weapons/player/melee/head/syn_flail_maul_01
04:06:34.643 [Lua] [MOD][extended_weapon_customization][INFO] kitbashing item content/items/weapons/player/melee/head/syn_flail_maul_02
04:06:34.643 [Lua] [MOD][extended_weapon_customization][INFO] kitbashing item content/items/weapons/player/melee/head/syn_flail_maul_03
04:06:34.643 [Lua] [MOD][extended_weapon_customization][INFO] kitbashing item content/items/weapons/player/ranged/flashlights/owo_flashlight_magenta_narrow_mp5_light_01
04:06:34.643 [Lua] [MOD][extended_weapon_customization][INFO] kitbashing item content/items/weapons/player/melee/head/syn_flail_maul_05
04:06:34.643 [Lua] [MOD][extended_weapon_customization][INFO] kitbashing item content/items/weapons/player/melee/head/syn_flail_maul_ml01
04:06:34.643 [Lua] [MOD][extended_weapon_customization][INFO] kitbashing item content/items/weapons/player/ranged/flashlights/owo_flashlight_magenta_narrow_mp5_light_02
04:06:34.643 [Lua] [MOD][extended_weapon_customization][INFO] kitbashing item content/items/weapons/player/melee/head/syn_flail_crusher_02
04:06:34.643 [Lua] [MOD][extended_weapon_customization][INFO] kitbashing item content/items/weapons/player/melee/head/syn_flail_crusher_03
04:06:34.643 [Lua] [MOD][extended_weapon_customization][INFO] kitbashing item content/items/weapons/player/ranged/flashlights/owo_flashlight_andy_narrow_cool_tactical_light_01
04:06:34.643 [Lua] [MOD][extended_weapon_customization][INFO] kitbashing item content/items/weapons/player/melee/head/syn_flail_crusher_05
04:06:34.643 [Lua] [MOD][extended_weapon_customization][INFO] kitbashing item content/items/weapons/player/melee/head/syn_flail_crusher_06
04:06:34.643 [Lua] [MOD][extended_weapon_customization][INFO] kitbashing item content/items/weapons/player/ranged/flashlights/owo_flashlight_andy_narrow_cool_mp5_light_01
04:06:34.643 [Lua] [MOD][extended_weapon_customization][INFO] kitbashing item content/items/weapons/player/melee/heads/syn_crusher_shovel_ogryn_head_01
04:06:34.643 [Lua] [MOD][extended_weapon_customization][INFO] kitbashing item content/items/weapons/player/melee/heads/syn_crusher_shovel_ogryn_head_02
04:06:34.643 [Lua] [MOD][extended_weapon_customization][INFO] kitbashing item content/items/weapons/player/ranged/flashlights/owo_flashlight_andy_narrow_cool_mp5_light_02
04:06:34.643 [Lua] [MOD][extended_weapon_customization][INFO] kitbashing item content/items/weapons/player/melee/heads/syn_crusher_shovel_ogryn_head_04
04:06:34.643 [Lua] [MOD][extended_weapon_customization][INFO] kitbashing item content/items/weapons/player/melee/heads/syn_crusher_shovel_ogryn_head_05
04:06:34.643 [Lua] [MOD][extended_weapon_customization][INFO] kitbashing item content/items/weapons/player/ranged/flashlights/owo_flashlight_andy_weak_tactical_light_01
04:06:34.643 [Lua] [MOD][extended_weapon_customization][INFO] kitbashing item content/items/weapons/player/melee/syn_frostmourne_shaft
04:06:34.643 [Lua] [MOD][extended_weapon_customization][INFO] kitbashing item content/items/weapons/player/melee/syn_frostmourne_connector
04:06:34.643 [Lua] [MOD][extended_weapon_customization][INFO] kitbashing item content/items/weapons/player/ranged/flashlights/owo_flashlight_andy_weak_mp5_light_01
04:06:34.643 [Lua] [MOD][extended_weapon_customization][INFO] kitbashing item content/items/weapons/player/melee/syn_holymoonlight_connector
04:06:34.643 [Lua] [MOD][extended_weapon_customization][INFO] kitbashing item content/items/weapons/player/melee/syn_negotiator_connector
04:06:34.643 [Lua] [MOD][extended_weapon_customization][INFO] kitbashing item content/items/weapons/player/ranged/flashlights/owo_flashlight_andy_weak_mp5_light_02
04:06:34.643 [Lua] [MOD][extended_weapon_customization][INFO] kitbashing item content/items/weapons/player/melee/syn_eaglehead_connector
04:06:34.643 [Lua] [MOD][extended_weapon_customization][INFO] kitbashing item content/items/weapons/player/ranged/shaft/syn_arbite_combat_sword_grip_01
04:06:34.643 [Lua] [MOD][extended_weapon_customization][INFO] kitbashing item content/items/weapons/player/ranged/flashlights/owo_flashlight_andy_default_tactical_light_01
04:06:34.643 [Lua] [MOD][extended_weapon_customization][INFO] kitbashing item content/items/weapons/player/ranged/shaft/syn_arbite_combat_sword_grip_03
04:06:34.643 [Lua] [MOD][extended_weapon_customization][INFO] kitbashing item content/items/weapons/player/ranged/shaft/syn_arbite_combat_sword_grip_04
04:06:34.643 [Lua] [MOD][extended_weapon_customization][INFO] kitbashing item content/items/weapons/player/ranged/flashlights/owo_flashlight_andy_default_mp5_light_01
04:06:34.643 [Lua] [MOD][extended_weapon_customization][INFO] kitbashing item content/items/weapons/player/ranged/shaft/syn_arbite_combat_sword_grip_06
04:06:34.643 [Lua] [MOD][extended_weapon_customization][INFO] kitbashing item content/items/weapons/player/ranged/shaft/syn_arbite_combat_sword_grip_ml01
04:06:34.643 [Lua] [MOD][extended_weapon_customization][INFO] kitbashing item content/items/weapons/player/ranged/flashlights/owo_flashlight_andy_default_mp5_light_02
04:06:34.643 [Lua] [MOD][extended_weapon_customization][INFO] kitbashing item content/items/weapons/player/ranged/shaft/syn_arbite_falchion_grip_02
04:06:34.643 [Lua] [MOD][extended_weapon_customization][INFO] kitbashing item content/items/weapons/player/ranged/shaft/syn_arbite_falchion_grip_03
04:06:34.643 [Lua] [MOD][extended_weapon_customization][INFO] kitbashing item content/items/weapons/player/ranged/flashlights/owo_flashlight_andy_narrow_tactical_light_01
04:06:34.643 [Lua] [MOD][extended_weapon_customization][INFO] kitbashing item content/items/weapons/player/ranged/recievers/syn_kickback_shotgun_barrel_01
04:06:34.643 [Lua] [MOD][extended_weapon_customization][INFO] kitbashing item content/items/weapons/player/ranged/shaft/syn_arbite_falchion_grip_06
04:06:34.643 [Lua] [MOD][extended_weapon_customization][INFO] kitbashing item content/items/weapons/player/ranged/flashlights/owo_flashlight_andy_narrow_mp5_light_01
04:06:34.643 [Lua] [MOD][extended_weapon_customization][INFO] kitbashing item content/items/weapons/player/ranged/recievers/syn_kickback_shotgun_barrel_04
04:06:34.643 [Lua] [MOD][extended_weapon_customization][INFO] kitbashing item content/items/weapons/player/ranged/recievers/syn_kickback_shotgun_barrel_05
04:06:34.643 [Lua] [MOD][extended_weapon_customization][INFO] kitbashing item content/items/weapons/player/ranged/flashlights/owo_flashlight_andy_narrow_mp5_light_02
04:06:34.643 [Lua] [MOD][extended_weapon_customization][INFO] kitbashing item content/items/weapons/player/ranged/bullets/syn_kickback_shotgun_shell
04:06:34.643 [Lua] [MOD][extended_weapon_customization][INFO] kitbashing item content/items/weapons/player/ranged/bullets/syn_kickback_shotgun_shell_used
04:06:34.643 [Lua] [MOD][extended_weapon_customization][INFO] kitbashing item content/items/weapons/player/ranged/flashlights/owo_flashlight_leyley_narrow_cool_tactical_light_01
04:06:34.643 [Lua] [MOD][extended_weapon_customization][INFO] kitbashing item content/items/weapons/player/ranged/recievers/syn_kickback_shotgun_stock_02
04:06:34.643 [Lua] [MOD][extended_weapon_customization][INFO] kitbashing item content/items/weapons/player/ranged/recievers/syn_kickback_shotgun_stock_03
04:06:34.643 [Lua] [MOD][extended_weapon_customization][INFO] kitbashing item content/items/weapons/player/ranged/flashlights/owo_flashlight_leyley_narrow_cool_mp5_light_01
04:06:34.643 [Lua] [MOD][extended_weapon_customization][INFO] kitbashing item content/items/weapons/player/melee/power/syn_axe_head_02
04:06:34.643 [Lua] [MOD][extended_weapon_customization][INFO] kitbashing item content/items/weapons/player/melee/power/syn_axe_head_03
04:06:34.643 [Lua] [MOD][extended_weapon_customization][INFO] kitbashing item content/items/weapons/player/ranged/flashlights/owo_flashlight_leyley_narrow_cool_mp5_light_02
04:06:34.643 [Lua] [MOD][extended_weapon_customization][INFO] kitbashing item content/items/weapons/player/melee/power/syn_axe_head_05
04:06:34.643 [Lua] [MOD][extended_weapon_customization][INFO] kitbashing item content/items/weapons/player/melee/power/syn_axe_head_06
04:06:34.643 [Lua] [MOD][extended_weapon_customization][INFO] kitbashing item content/items/weapons/player/ranged/flashlights/owo_flashlight_leyley_weak_tactical_light_01
04:06:34.643 [Lua] [MOD][extended_weapon_customization][INFO] kitbashing item content/items/weapons/player/melee/power/syn_axe_head_08
04:06:34.643 [Lua] [MOD][extended_weapon_customization][INFO] kitbashing item content/items/weapons/player/melee/power/syn_axe_head_09
04:06:34.643 [Lua] [MOD][extended_weapon_customization][INFO] kitbashing item content/items/weapons/player/ranged/flashlights/owo_flashlight_leyley_weak_mp5_light_01
04:06:34.643 [Lua] [MOD][extended_weapon_customization][INFO] kitbashing item content/items/weapons/player/melee/power/syn_axe_head_11
04:06:34.644 [Lua] [MOD][extended_weapon_customization][INFO] kitbashing item content/items/weapons/player/melee/power/syn_axe_head_12
04:06:34.644 [Lua] [MOD][extended_weapon_customization][INFO] kitbashing item content/items/weapons/player/melee/power/syn_axe_head_13
04:06:34.644 [Lua] [MOD][extended_weapon_customization][INFO] kitbashing item content/items/weapons/player/ranged/recievers/syn_lasgun_pistol_receiver_ml01
04:06:34.644 [Lua] [MOD][extended_weapon_customization][INFO] kitbashing item content/items/weapons/player/melee/pommels/syn_power_falchion_pommel_01
04:06:34.644 [Lua] [MOD][extended_weapon_customization][INFO] kitbashing item content/items/weapons/player/ranged/flashlights/owo_flashlight_leyley_default_tactical_light_01
04:06:34.644 [Lua] [MOD][extended_weapon_customization][INFO] kitbashing item content/items/weapons/player/melee/heads/syn_human_power_maul_head_04
04:06:34.644 [Lua] [MOD][extended_weapon_customization][INFO] kitbashing item content/items/weapons/player/melee/heads/syn_human_power_maul_head_05
04:06:34.644 [Lua] [MOD][extended_weapon_customization][INFO] kitbashing item content/items/weapons/player/ranged/flashlights/owo_flashlight_leyley_default_mp5_light_01
04:06:34.644 [Lua] [MOD][extended_weapon_customization][INFO] kitbashing item content/items/weapons/player/melee/heads/syn_human_power_maul_head_ml01
04:06:34.644 [Lua] [MOD][extended_weapon_customization][INFO] kitbashing item content/items/weapons/player/melee/heads/syn_2h_power_maul_head_01
04:06:34.644 [Lua] [MOD][extended_weapon_customization][INFO] kitbashing item content/items/weapons/player/ranged/flashlights/owo_flashlight_leyley_default_mp5_light_02
04:06:34.644 [Lua] [MOD][extended_weapon_customization][INFO] kitbashing item content/items/weapons/player/melee/heads/syn_2h_power_maul_head_03
04:06:34.644 [Lua] [MOD][extended_weapon_customization][INFO] kitbashing item content/items/weapons/player/melee/heads/syn_2h_power_maul_head_04
04:06:34.644 [Lua] [MOD][extended_weapon_customization][INFO] kitbashing item content/items/weapons/player/ranged/flashlights/owo_flashlight_leyley_narrow_tactical_light_01
04:06:34.644 [Lua] [MOD][extended_weapon_customization][INFO] kitbashing item content/items/weapons/player/melee/heads/syn_2h_power_maul_head_06
04:06:34.644 [Lua] [MOD][extended_weapon_customization][INFO] kitbashing item content/items/weapons/player/melee/heads/syn_2h_power_maul_head_07
04:06:34.644 [Lua] [MOD][extended_weapon_customization][INFO] kitbashing item content/items/weapons/player/ranged/flashlights/owo_flashlight_leyley_narrow_mp5_light_01
04:06:34.644 [Lua] [MOD][extended_weapon_customization][INFO] kitbashing item content/items/weapons/player/melee/shields/syn_shield_bigtome
04:06:34.644 [Lua] [MOD][extended_weapon_customization][INFO] kitbashing item content/items/weapons/player/melee/shields/syn_shield_bigtome_gold
04:06:34.644 [Lua] [MOD][extended_weapon_customization][INFO] kitbashing item content/items/weapons/player/ranged/flashlights/owo_flashlight_leyley_narrow_mp5_light_02
04:06:34.644 [Lua] [MOD][extended_weapon_customization][INFO] kitbashing item content/items/weapons/player/melee/shields/syn_shield_bigtome_brass
04:06:34.644 [Lua] [MOD][extended_weapon_customization][INFO] kitbashing item content/items/weapons/player/melee/shields/syn_shield_tome
04:06:34.644 [Lua] [MOD][extended_weapon_customization][INFO] kitbashing item content/items/weapons/player/ranged/flashlights/owo_flashlight_blue_narrow_cool_tactical_light_01
04:06:34.644 [Lua] [MOD][extended_weapon_customization][INFO] kitbashing item content/items/weapons/player/melee/shields/syn_shield_crusader_01
04:06:34.644 [Lua] [MOD][extended_weapon_customization][INFO] kitbashing item content/items/weapons/player/melee/shields/syn_shield_crusader_01a
04:06:34.644 [Lua] [MOD][extended_weapon_customization][INFO] kitbashing item content/items/weapons/player/ranged/flashlights/owo_flashlight_blue_narrow_cool_mp5_light_01
04:06:34.644 [Lua] [MOD][extended_weapon_customization][INFO] kitbashing item content/items/weapons/player/melee/shields/syn_shield_crusader_02
04:06:34.644 [Lua] [MOD][extended_weapon_customization][INFO] kitbashing item content/items/weapons/player/melee/shields/syn_shield_crusader_02a
04:06:34.644 [Lua] [MOD][extended_weapon_customization][INFO] kitbashing item content/items/weapons/player/ranged/flashlights/owo_flashlight_blue_narrow_cool_mp5_light_02
04:06:34.644 [Lua] [MOD][extended_weapon_customization][INFO] kitbashing item content/items/weapons/player/melee/shields/syn_shield_doomguy_01
04:06:34.644 [Lua] [MOD][extended_weapon_customization][INFO] kitbashing item content/items/weapons/player/melee/shields/syn_shield_doomguy_02
04:06:34.644 [Lua] [MOD][extended_weapon_customization][INFO] kitbashing item content/items/weapons/player/ranged/flashlights/owo_flashlight_blue_weak_tactical_light_01
04:06:34.644 [Lua] [MOD][extended_weapon_customization][INFO] kitbashing item content/items/weapons/player/melee/shields/syn_shield_doomguy_04
04:06:34.644 [Lua] [MOD][extended_weapon_customization][INFO] kitbashing item content/items/weapons/player/ranged/flashlights/owo_flashlight_blue_weak_mp5_light_01
04:06:34.644 [Lua] [MOD][extended_weapon_customization][INFO] kitbashing item content/items/weapons/player/melee/power/syn_battle_axe_head_01
04:06:34.644 [Lua] [MOD][extended_weapon_customization][INFO] kitbashing item content/items/weapons/player/ranged/flashlights/owo_flashlight_blue_weak_mp5_light_02
04:06:34.644 [Lua] [MOD][extended_weapon_customization][INFO] kitbashing item content/items/weapons/player/melee/power/syn_battle_axe_head_03
04:06:34.644 [Lua] [MOD][extended_weapon_customization][INFO] kitbashing item content/items/weapons/player/melee/power/syn_battle_axe_head_04
04:06:34.644 [Lua] [MOD][extended_weapon_customization][INFO] kitbashing item content/items/weapons/player/ranged/flashlights/owo_flashlight_blue_default_tactical_light_01
04:06:34.644 [Lua] [MOD][extended_weapon_customization][INFO] kitbashing item content/items/weapons/player/melee/power/syn_battle_axe_head_06
04:06:34.644 [Lua] [MOD][extended_weapon_customization][INFO] kitbashing item content/items/weapons/player/melee/power/syn_battle_axe_head_07
04:06:34.644 [Lua] [MOD][extended_weapon_customization][INFO] kitbashing item content/items/weapons/player/ranged/flashlights/owo_flashlight_blue_default_mp5_light_01
04:06:34.644 [Lua] [MOD][extended_weapon_customization][INFO] kitbashing item content/items/weapons/player/melee/power/syn_battle_axe_head_09
04:06:34.644 [Lua] [MOD][extended_weapon_customization][INFO] kitbashing item content/items/weapons/player/melee/power/syn_battle_axe_head_10
04:06:34.644 [Lua] [MOD][extended_weapon_customization][INFO] kitbashing item content/items/weapons/player/ranged/flashlights/owo_flashlight_blue_default_mp5_light_02
04:06:34.644 [Lua] [MOD][extended_weapon_customization][INFO] kitbashing item content/items/weapons/player/melee/power/syn_battle_axe_head_12
04:06:34.644 [Lua] [MOD][extended_weapon_customization][INFO] kitbashing item content/items/weapons/player/melee/power/syn_battle_axe_head_13
04:06:34.644 [Lua] [MOD][extended_weapon_customization][INFO] kitbashing item content/items/weapons/player/ranged/flashlights/owo_flashlight_blue_narrow_tactical_light_01
04:06:34.644 [Lua] [MOD][extended_weapon_customization][INFO] kitbashing item content/items/weapons/player/melee/grips/syn_powerclaw_01
04:06:34.644 [Lua] [MOD][extended_weapon_customization][INFO] kitbashing item content/items/weapons/player/ranged/flashlights/owo_flashlight_blue_narrow_mp5_light_01
04:06:34.644 [Lua] [MOD][extended_weapon_customization][INFO] kitbashing item content/items/weapons/player/melee/blades/syn_bonesaw_poison_0
04:06:34.644 [Lua] [MOD][extended_weapon_customization][INFO] kitbashing item content/items/weapons/player/melee/blades/syn_bonesaw_poison_1
04:06:34.644 [Lua] [MOD][extended_weapon_customization][INFO] kitbashing item content/items/weapons/player/ranged/flashlights/owo_flashlight_blue_narrow_mp5_light_02
04:06:34.644 [Lua] [MOD][extended_weapon_customization][INFO] kitbashing item content/items/weapons/player/melee/body/syn_saw_body_combatsword_02
04:06:34.644 [Lua] [MOD][extended_weapon_customization][INFO] kitbashing item content/items/weapons/player/melee/body/syn_saw_body_combatsword_03
04:06:34.644 [Lua] [MOD][extended_weapon_customization][INFO] kitbashing item content/items/weapons/player/ranged/flashlights/owo_flashlight_red_narrow_cool_tactical_light_01
04:06:34.644 [Lua] [MOD][extended_weapon_customization][INFO] kitbashing item content/items/weapons/player/melee/body/syn_saw_body_combatsword_05
04:06:34.644 [Lua] [MOD][extended_weapon_customization][INFO] kitbashing item content/items/weapons/player/melee/body/syn_saw_body_combatsword_06
04:06:34.644 [Lua] [MOD][extended_weapon_customization][INFO] kitbashing item content/items/weapons/player/ranged/flashlights/owo_flashlight_red_narrow_cool_mp5_light_01
04:06:34.644 [Lua] [MOD][extended_weapon_customization][INFO] kitbashing item content/items/weapons/player/melee/body/syn_saw_body_falchion_01
04:06:34.644 [Lua] [MOD][extended_weapon_customization][INFO] kitbashing item content/items/weapons/player/melee/body/syn_saw_body_falchion_02
04:06:34.644 [Lua] [MOD][extended_weapon_customization][INFO] kitbashing item content/items/weapons/player/ranged/flashlights/owo_flashlight_red_narrow_cool_mp5_light_02
04:06:34.644 [Lua] [MOD][extended_weapon_customization][INFO] kitbashing item content/items/weapons/player/melee/body/syn_saw_body_falchion_04
04:06:34.644 [Lua] [MOD][extended_weapon_customization][INFO] kitbashing item content/items/weapons/player/melee/body/syn_saw_body_falchion_05
04:06:34.644 [Lua] [MOD][extended_weapon_customization][INFO] kitbashing item content/items/weapons/player/ranged/flashlights/owo_flashlight_red_weak_tactical_light_01
04:06:34.644 [Lua] [MOD][extended_weapon_customization][INFO] kitbashing item content/items/weapons/player/melee/body/syn_saw_body_falchion_ml01
04:06:34.644 [Lua] [MOD][extended_weapon_customization][INFO] kitbashing item content/items/weapons/player/melee/body/syn_saw_body_sabre_01
04:06:34.644 [Lua] [MOD][extended_weapon_customization][INFO] kitbashing item content/items/weapons/player/ranged/flashlights/owo_flashlight_red_weak_mp5_light_01
04:06:34.644 [Lua] [MOD][extended_weapon_customization][INFO] kitbashing item content/items/weapons/player/melee/body/syn_saw_body_sabre_03
04:06:34.644 [Lua] [MOD][extended_weapon_customization][INFO] kitbashing item content/items/weapons/player/melee/body/syn_saw_body_sabre_04
04:06:34.644 [Lua] [MOD][extended_weapon_customization][INFO] kitbashing item content/items/weapons/player/ranged/flashlights/owo_flashlight_red_weak_mp5_light_02
04:06:34.644 [Lua] [MOD][extended_weapon_customization][INFO] kitbashing item content/items/weapons/player/melee/body/syn_saw_body_sabre_06
04:06:34.644 [Lua] [MOD][extended_weapon_customization][INFO] kitbashing item content/items/weapons/player/melee/body/syn_saw_body_sabre_07
04:06:34.644 [Lua] [MOD][extended_weapon_customization][INFO] kitbashing item content/items/weapons/player/ranged/flashlights/owo_flashlight_red_default_tactical_light_01
04:06:34.644 [Lua] [MOD][extended_weapon_customization][INFO] kitbashing item content/items/weapons/player/melee/body/syn_saw_body_sabre_ml01
04:06:34.644 [Lua] [MOD][extended_weapon_customization][INFO] kitbashing item content/items/weapons/player/ranged/barrels/syn_assaultshotgun_barrel_01_shotgun
04:06:34.644 [Lua] [MOD][extended_weapon_customization][INFO] kitbashing item content/items/weapons/player/ranged/flashlights/owo_flashlight_red_default_mp5_light_01
04:06:34.644 [Lua] [MOD][extended_weapon_customization][INFO] kitbashing item content/items/weapons/player/ranged/barrels/syn_assaultshotgun_barrel_03_shotgun
04:06:34.644 [Lua] [MOD][extended_weapon_customization][INFO] kitbashing item content/items/weapons/player/ranged/barrels/syn_assaultshotgun_barrel_04_shotgun
04:06:34.644 [Lua] [MOD][extended_weapon_customization][INFO] kitbashing item content/items/weapons/player/ranged/flashlights/owo_flashlight_red_default_mp5_light_02
04:06:34.644 [Lua] [MOD][extended_weapon_customization][INFO] kitbashing item content/items/weapons/player/ranged/magazines/bolter_plasma_magazine_01
04:06:34.644 [Lua] [MOD][extended_weapon_customization][INFO] kitbashing item content/items/weapons/player/ranged/magazines/bolter_plasma_magazine_02
04:06:34.644 [Lua] [MOD][extended_weapon_customization][INFO] kitbashing item content/items/weapons/player/ranged/flashlights/owo_flashlight_red_narrow_tactical_light_01
04:06:34.644 [Lua] [MOD][extended_weapon_customization][INFO] kitbashing item content/items/weapons/player/ranged/barrels/syn_stubrevolver_barrel_04_shotgun
04:06:34.644 [Lua] [MOD][extended_weapon_customization][INFO] kitbashing item content/items/weapons/player/ranged/barrels/syn_stubrevolver_barrel_05_shotgun
04:06:34.644 [Lua] [MOD][extended_weapon_customization][INFO] kitbashing item content/items/weapons/player/ranged/flashlights/owo_flashlight_red_narrow_mp5_light_01
04:06:34.644 [Lua] [MOD][extended_weapon_customization][INFO] kitbashing item content/items/weapons/player/ranged/barrels/syn_stubrevolver_barrel_ml01_shotgun
04:06:34.644 [Lua] [MOD][extended_weapon_customization][INFO] kitbashing item content/items/weapons/player/ranged/barrels/syn_gk8gauss_barrel_shotgun_01
04:06:34.645 [Lua] [MOD][extended_weapon_customization][INFO] kitbashing item content/items/weapons/player/ranged/flashlights/owo_flashlight_red_narrow_mp5_light_02
04:06:34.645 [Lua] [MOD][extended_weapon_customization][INFO] kitbashing item content/items/weapons/player/ranged/barrels/syn_gk8gauss_barrel_shotgun_03
04:06:34.645 [Lua] [MOD][extended_weapon_customization][INFO] kitbashing item content/items/weapons/player/ranged/barrels/syn_gk8gauss_barrel_shotgun_04
04:06:34.645 [Lua] [MOD][extended_weapon_customization][INFO] kitbashing item content/items/weapons/player/ranged/flashlights/owo_flashlight_cyan_narrow_cool_tactical_light_01
04:06:34.645 [Lua] [MOD][extended_weapon_customization][INFO] kitbashing item content/items/weapons/player/ranged/magacc/syn_flamer_pipes_00
04:06:34.645 [Lua] [MOD][extended_weapon_customization][INFO] kitbashing item content/items/weapons/player/ranged/magacc/syn_flamer_pipes_01
04:06:34.645 [Lua] [MOD][extended_weapon_customization][INFO] kitbashing item content/items/weapons/player/ranged/flashlights/owo_flashlight_cyan_narrow_cool_mp5_light_01
04:06:34.645 [Lua] [MOD][extended_weapon_customization][INFO] kitbashing item content/items/weapons/player/ranged/magacc/syn_autogun_01
04:06:34.645 [Lua] [MOD][extended_weapon_customization][INFO] kitbashing item content/items/weapons/player/ranged/magacc/syn_autogun_02
04:06:34.645 [Lua] [MOD][extended_weapon_customization][INFO] kitbashing item content/items/weapons/player/ranged/flashlights/owo_flashlight_cyan_narrow_cool_mp5_light_02
04:06:34.645 [Lua] [MOD][extended_weapon_customization][INFO] kitbashing item content/items/weapons/player/ranged/magacc/syn_autogun_04
04:06:34.645 [Lua] [MOD][extended_weapon_customization][INFO] kitbashing item content/items/weapons/player/ranged/magacc/syn_boltgun_01
04:06:34.645 [Lua] [MOD][extended_weapon_customization][INFO] kitbashing item content/items/weapons/player/ranged/flashlights/owo_flashlight_cyan_weak_tactical_light_01
04:06:34.645 [Lua] [MOD][extended_weapon_customization][INFO] kitbashing item content/items/weapons/player/ranged/magacc/syn_ammodrum_01
04:06:34.645 [Lua] [MOD][extended_weapon_customization][INFO] kitbashing item content/items/weapons/player/ranged/magacc/syn_flamer_01
04:06:34.645 [Lua] [MOD][extended_weapon_customization][INFO] kitbashing item content/items/weapons/player/ranged/flashlights/owo_flashlight_cyan_weak_mp5_light_01
04:06:34.645 [Lua] [MOD][extended_weapon_customization][INFO] kitbashing item content/items/weapons/player/ranged/magacc/syn_flamer_03
04:06:34.645 [Lua] [MOD][extended_weapon_customization][INFO] kitbashing item content/items/weapons/player/ranged/magacc/syn_flamer_04
04:06:34.645 [Lua] [MOD][extended_weapon_customization][INFO] kitbashing item content/items/weapons/player/ranged/flashlights/owo_flashlight_cyan_weak_mp5_light_02
04:06:34.645 [Lua] [MOD][extended_weapon_customization][INFO] kitbashing item content/items/weapons/player/ranged/magacc/syn_flamer_06
04:06:34.645 [Lua] [MOD][extended_weapon_customization][INFO] kitbashing item content/items/weapons/player/ranged/magacc/syn_flamer_07
04:06:34.645 [Lua] [MOD][extended_weapon_customization][INFO] kitbashing item content/items/weapons/player/ranged/flashlights/owo_flashlight_cyan_default_tactical_light_01
04:06:34.645 [Lua] [MOD][extended_weapon_customization][INFO] kitbashing item content/items/weapons/player/ranged/magacc/syn_shellrack_02
04:06:34.645 [Lua] [MOD][extended_weapon_customization][INFO] kitbashing item content/items/weapons/player/ranged/magacc/syn_shellrack_03
04:06:34.645 [Lua] [MOD][extended_weapon_customization][INFO] kitbashing item content/items/weapons/player/ranged/flashlights/owo_flashlight_cyan_default_mp5_light_01
04:06:34.645 [Lua] [MOD][extended_weapon_customization][INFO] kitbashing item content/items/weapons/player/ranged/magacc/syn_shellrack_03_classic
04:06:34.645 [Lua] [MOD][extended_weapon_customization][INFO] kitbashing item content/items/weapons/player/ranged/magazines/syn_shotgun_magdrum_01
04:06:34.645 [Lua] [MOD][extended_weapon_customization][INFO] kitbashing item content/items/weapons/player/ranged/flashlights/owo_flashlight_cyan_default_mp5_light_02
04:06:34.645 [Lua] [MOD][extended_weapon_customization][INFO] kitbashing item content/items/weapons/player/ranged/magazines/syn_shotgun_magdrum_03
04:06:34.645 [Lua] [MOD][extended_weapon_customization][INFO] kitbashing item content/items/weapons/player/ranged/magazines/syn_shotgun_magdrum_04
04:06:34.645 [Lua] [MOD][extended_weapon_customization][INFO] kitbashing item content/items/weapons/player/ranged/flashlights/owo_flashlight_cyan_narrow_tactical_light_01
04:06:34.645 [Lua] [MOD][extended_weapon_customization][INFO] kitbashing item content/items/weapons/player/ranged/magazines/syn_shotgun_magdrum_06
04:06:34.645 [Lua] [MOD][extended_weapon_customization][INFO] kitbashing item content/items/weapons/player/ranged/magazines/syn_shotgun_magdrum_07
04:06:34.645 [Lua] [MOD][extended_weapon_customization][INFO] kitbashing item content/items/weapons/player/ranged/flashlights/owo_flashlight_cyan_narrow_mp5_light_01
04:06:34.645 [Lua] [MOD][extended_weapon_customization][INFO] kitbashing item content/items/weapons/player/ranged/magazines/syn_shotgun_magdrum_09
04:06:34.645 [Lua] [MOD][extended_weapon_customization][INFO] kitbashing item content/items/weapons/player/ranged/magazines/syn_hag_magazine_01_shotgun
04:06:34.645 [Lua] [MOD][extended_weapon_customization][INFO] kitbashing item content/items/weapons/player/ranged/flashlights/owo_flashlight_cyan_narrow_mp5_light_02
04:06:34.645 [Lua] [MOD][extended_weapon_customization][INFO] kitbashing item content/items/weapons/player/ranged/magazines/syn_hag_magazine_03_shotgun
04:06:34.645 [Lua] [MOD][extended_weapon_customization][INFO] kitbashing item content/items/weapons/player/ranged/magazines/syn_hag_magazine_04_shotgun
04:06:34.645 [Lua] [MOD][extended_weapon_customization][INFO] kitbashing item content/items/weapons/player/ranged/magazines/syn_hag_magazine_05_shotgun
04:06:34.645 [Lua] [MOD][extended_weapon_customization][INFO] kitbashing item content/items/weapons/player/ranged/magazines/syn_hag_magazine_06_shotgun
04:06:34.645 [Lua] [MOD][extended_weapon_customization][INFO] kitbashing item content/items/weapons/player/ranged/bayonets/owo_bayonet_vesa_helbore_01
04:06:34.645 [Lua] [MOD][extended_weapon_customization][INFO] kitbashing item content/items/weapons/player/ranged/magazines/syn_hag_magazine_08_shotgun
04:06:34.645 [Lua] [MOD][extended_weapon_customization][INFO] kitbashing item content/items/weapons/player/ranged/magazines/syn_hag_magazine_09_shotgun
04:06:34.645 [Lua] [MOD][extended_weapon_customization][INFO] kitbashing item content/items/weapons/player/ranged/stocks/syn_reinforced_stock_shotgun_01
04:06:34.645 [Lua] [MOD][extended_weapon_customization][INFO] kitbashing item content/items/weapons/player/ranged/bayonets/owo_bayonet_flip_helbore_01
04:06:34.645 [Lua] [MOD][extended_weapon_customization][INFO] kitbashing item content/items/weapons/player/ranged/stocks/syn_reinforced_stock_shotgun_02
04:06:34.645 [Lua] [MOD][extended_weapon_customization][INFO] kitbashing item content/items/weapons/player/ranged/stocks/syn_reinforced_stock_shotgun_02a
04:06:34.645 [Lua] [MOD][extended_weapon_customization][INFO] kitbashing item content/items/weapons/player/ranged/stocks/syn_gripstockcombo_01
04:06:34.645 [Lua] [MOD][extended_weapon_customization][INFO] kitbashing item content/items/weapons/player/ranged/stocks/syn_gripstockcombo_02
04:06:34.645 [Lua] [MOD][extended_weapon_customization][INFO] kitbashing item content/items/weapons/player/ranged/stocks/syn_gripstockcombo_03
04:06:34.645 [Lua] [MOD][extended_weapon_customization][INFO] kitbashing item content/items/weapons/player/ranged/stocks/syn_gripstockcombo_04
04:06:34.645 [Lua] [MOD][extended_weapon_customization][INFO] kitbashing item content/items/weapons/player/ranged/stocks/syn_gripstockcombo_05
04:06:34.645 [Lua] [MOD][extended_weapon_customization][INFO] kitbashing item content/items/weapons/player/ranged/stocks/syn_gripstockcombo_06
04:06:34.645 [Lua] [MOD][extended_weapon_customization][INFO] kitbashing item content/items/weapons/player/ranged/bayonets/owo_bayonet_vesa_helbore_02
04:06:34.645 [Lua] [MOD][extended_weapon_customization][INFO] kitbashing item content/items/weapons/player/ranged/stocks/syn_gripstockcombo_12
04:06:34.645 [Lua] [MOD][extended_weapon_customization][INFO] kitbashing item content/items/weapons/player/ranged/stocks/syn_gripstockcombo_07
04:06:34.645 [Lua] [MOD][extended_weapon_customization][INFO] kitbashing item content/items/weapons/player/ranged/stocks/syn_gripstockcombo_08
04:06:34.645 [Lua] [MOD][extended_weapon_customization][INFO] kitbashing item content/items/weapons/player/ranged/bayonets/owo_bayonet_flip_helbore_02
04:06:34.645 [Lua] [MOD][extended_weapon_customization][INFO] kitbashing item content/items/weapons/player/ranged/stocks/syn_gripstockcombo_10
04:06:34.645 [Lua] [MOD][extended_weapon_customization][INFO] kitbashing item content/items/weapons/player/ranged/grips/syn_assault_shotgun_grip_01
04:06:34.645 [Lua] [MOD][extended_weapon_customization][INFO] kitbashing item content/items/weapons/player/ranged/grips/syn_assault_shotgun_grip_deluxe01
04:06:34.645 [Lua] [MOD][extended_weapon_customization][INFO] kitbashing item content/items/weapons/player/ranged/grips/syn_assault_shotgun_grip_ml01
04:06:34.645 [Lua] [MOD][extended_weapon_customization][INFO] kitbashing item content/items/weapons/player/ranged/syn_arbite_rail_support_01
04:06:34.645 [Lua] [MOD][extended_weapon_customization][INFO] kitbashing item content/items/weapons/player/ranged/syn_arbite_rail_support_02
04:06:34.645 [Lua] [MOD][extended_weapon_customization][INFO] kitbashing item content/items/weapons/player/ranged/bayonets/owo_bayonet_vesa_helbore_04
04:06:34.645 [Lua] [MOD][extended_weapon_customization][INFO] kitbashing item content/items/weapons/player/ranged/receivers/syn_shotgun_classic_arbites02
04:06:34.645 [Lua] [MOD][extended_weapon_customization][INFO] kitbashing item content/items/weapons/player/ranged/receivers/syn_shotgun_classic_arbites03
04:06:34.645 [Lua] [MOD][extended_weapon_customization][INFO] kitbashing item content/items/weapons/player/ranged/stocks/syn_reinforced_stock_assaultshotgun_01
04:06:34.645 [Lua] [MOD][extended_weapon_customization][INFO] kitbashing item content/items/weapons/player/ranged/bayonets/owo_bayonet_flip_helbore_04
04:06:34.645 [Lua] [MOD][extended_weapon_customization][INFO] kitbashing item content/items/weapons/player/ranged/stocks/syn_reinforced_stock_assaultshotgun_02
04:06:34.645 [Lua] [MOD][extended_weapon_customization][INFO] kitbashing item content/items/weapons/player/ranged/stocks/syn_reinforced_stock_assaultshotgun_02a
04:06:34.645 [Lua] [MOD][extended_weapon_customization][INFO] kitbashing item content/items/weapons/player/ranged/barrels/syn_revolver_barrel_shotpistol_01
04:06:34.645 [Lua] [MOD][extended_weapon_customization][INFO] kitbashing item content/items/weapons/player/ranged/barrels/syn_revolver_barrel_shotpistol_02
04:06:34.645 [Lua] [MOD][extended_weapon_customization][INFO] kitbashing item content/items/weapons/player/ranged/barrels/syn_revolver_barrel_shotpistol_03
04:06:34.645 [Lua] [MOD][extended_weapon_customization][INFO] kitbashing item content/items/weapons/player/ranged/barrels/syn_revolver_barrel_shotpistol_04
04:06:34.645 [Lua] [MOD][extended_weapon_customization][INFO] kitbashing item content/items/weapons/player/ranged/bayonets/owo_bayonet_vesa_helbore_05
04:06:34.645 [Lua] [MOD][extended_weapon_customization][INFO] kitbashing item content/items/weapons/player/ranged/barrels/syn_revolver_barrel_shotpistol_06
04:06:34.645 [Lua] [MOD][extended_weapon_customization][INFO] kitbashing item content/items/weapons/player/ranged/barrels/syn_revolver_barrel_shotpistol_07
04:06:34.645 [Lua] [MOD][extended_weapon_customization][INFO] kitbashing item content/items/weapons/player/ranged/receivers/syn_shotpistol_body_01
04:06:34.645 [Lua] [MOD][extended_weapon_customization][INFO] kitbashing item content/items/weapons/player/ranged/bayonets/owo_bayonet_flip_helbore_05
04:06:34.645 [Lua] [MOD][extended_weapon_customization][INFO] kitbashing item content/items/weapons/player/ranged/receivers/syn_shotpistol_body_03
04:06:34.645 [Lua] [MOD][extended_weapon_customization][INFO] kitbashing item content/items/weapons/player/ranged/barrels/syn_shotpistol_revolver_barrel_01
04:06:34.646 [Lua] [MOD][extended_weapon_customization][INFO] kitbashing item content/items/weapons/player/ranged/barrels/syn_shotpistol_revolver_barrel_02
04:06:34.646 [Lua] [MOD][extended_weapon_customization][INFO] kitbashing item content/items/weapons/player/ranged/barrels/syn_shotpistol_revolver_barrel_03
04:06:34.646 [Lua] [MOD][extended_weapon_customization][INFO] kitbashing item content/items/weapons/player/melee/syn_transonic_powersword_left_01
04:06:34.646 [Lua] [MOD][extended_weapon_customization][INFO] kitbashing item content/items/weapons/player/melee/syn_transonic_powersword_left_02
04:06:34.646 [Lua] [MOD][extended_weapon_customization][INFO] kitbashing item content/items/weapons/player/melee/syn_transonic_powersword_left_03
04:06:34.646 [Lua] [MOD][extended_weapon_customization][INFO] kitbashing item content/items/weapons/player/melee/syn_transonic_powersword_left_05
04:06:34.646 [Lua] [MOD][extended_weapon_customization][INFO] kitbashing item content/items/weapons/player/melee/syn_transonic_powersword_left_06
04:06:34.646 [Lua] [MOD][extended_weapon_customization][INFO] kitbashing item content/items/weapons/player/melee/syn_transonic_powersword_left_ml01
04:06:34.646 [Lua] [MOD][extended_weapon_customization][INFO] kitbashing item content/items/weapons/player/melee/syn_transonic_powersword_left_07
04:06:34.646 [Lua] [MOD][extended_weapon_customization][INFO] kitbashing item content/items/weapons/player/melee/syn_transonic_powersword_left_08
04:06:34.646 [Lua] [MOD][extended_weapon_customization][INFO] kitbashing item content/items/weapons/player/melee/syn_transonic_powersword_left_08_ml01
04:06:34.646 [Lua] [MOD][extended_weapon_customization][INFO] kitbashing item content/items/weapons/player/melee/syn_transonic_powersword_left_deluxe01
04:06:34.646 [Lua] [MOD][extended_weapon_customization][INFO] kitbashing item content/items/weapons/player/melee/syn_transonic_powersword_right_01
04:06:34.646 [Lua] [MOD][extended_weapon_customization][INFO] kitbashing item content/items/weapons/player/melee/syn_transonic_powersword_right_02
04:06:34.646 [Lua] [MOD][extended_weapon_customization][INFO] kitbashing item content/items/weapons/player/melee/syn_transonic_powersword_right_03
04:06:34.646 [Lua] [MOD][extended_weapon_customization][INFO] kitbashing item content/items/weapons/player/melee/syn_transonic_powersword_right_05
04:06:34.646 [Lua] [MOD][extended_weapon_customization][INFO] kitbashing item content/items/weapons/player/melee/syn_transonic_powersword_right_06
04:06:34.646 [Lua] [MOD][extended_weapon_customization][INFO] kitbashing item content/items/weapons/player/melee/syn_transonic_powersword_right_ml01
04:06:34.646 [Lua] [MOD][extended_weapon_customization][INFO] kitbashing item content/items/weapons/player/melee/syn_transonic_powersword_right_07
04:06:34.646 [Lua] [MOD][extended_weapon_customization][INFO] kitbashing item content/items/weapons/player/melee/syn_transonic_powersword_right_08
04:06:34.646 [Lua] [MOD][extended_weapon_customization][INFO] kitbashing item content/items/weapons/player/melee/syn_transonic_powersword_right_08_ml01
04:06:34.646 [Lua] [MOD][extended_weapon_customization][INFO] kitbashing item content/items/weapons/player/melee/syn_transonic_powersword_right_deluxe01
04:06:34.646 [Lua] [MOD][extended_weapon_customization][INFO] kitbashing item content/items/weapons/player/ranged/muzzles/owo_supp_base
04:06:34.646 [Lua] [MOD][extended_weapon_customization][INFO] kitbashing item content/items/weapons/player/ranged/muzzles/supp_ac_ak_muzzle_03
04:06:34.646 [Lua] [MOD][extended_weapon_customization][INFO] kitbashing item content/items/weapons/player/ranged/muzzles/supp_ac_ak_muzzle_05
04:06:34.646 [Lua] [MOD][extended_weapon_customization][INFO] kitbashing item content/items/weapons/player/ranged/muzzles/pbs_ac1
04:06:34.646 [Lua] [MOD][extended_weapon_customization][INFO] kitbashing item content/items/weapons/player/ranged/muzzles/pbs_ac2
04:06:34.646 [Lua] [MOD][extended_weapon_customization][INFO] kitbashing item content/items/weapons/player/ranged/muzzles/supp_ac_hatchet_grip_03
04:06:34.646 [Lua] [MOD][extended_weapon_customization][INFO] kitbashing item content/items/weapons/player/ranged/muzzles/supp_ac_ak_muzzle_02
04:06:34.646 [Lua] [MOD][extended_weapon_customization][INFO] kitbashing item content/items/weapons/player/ranged/muzzles/chigurh_ac1
04:06:34.646 [Lua] [MOD][extended_weapon_customization][INFO] kitbashing item content/items/weapons/player/ranged/muzzles/wrapped_ac1
04:06:34.646 [Lua] [MOD][extended_weapon_customization][INFO] kitbashing item content/items/weapons/player/ranged/muzzles/owo_suppressor_01
04:06:34.646 [Lua] [MOD][extended_weapon_customization][INFO] kitbashing item content/items/weapons/player/ranged/muzzles/owo_suppressor_01_slim
04:06:34.646 [Lua] [MOD][extended_weapon_customization][INFO] kitbashing item content/items/weapons/player/ranged/muzzles/owo_suppressor_02
04:06:34.646 [Lua] [MOD][extended_weapon_customization][INFO] kitbashing item content/items/weapons/player/ranged/muzzles/owo_suppressor_02_slim
04:06:34.646 [Lua] [MOD][extended_weapon_customization][INFO] kitbashing item content/items/weapons/player/ranged/muzzles/owo_suppressor_03
04:06:34.646 [Lua] [MOD][extended_weapon_customization][INFO] kitbashing item content/items/weapons/player/ranged/muzzles/owo_suppressor_03_slim
04:06:34.646 [Lua] [MOD][extended_weapon_customization][INFO] kitbashing item content/items/weapons/player/ranged/muzzles/owo_suppressor_03_visible_base
04:06:34.646 [Lua] [MOD][extended_weapon_customization][INFO] kitbashing item content/items/weapons/player/ranged/muzzles/owo_suppressor_03_visible_base_slim
04:06:34.646 [Lua] [MOD][extended_weapon_customization][INFO] kitbashing item content/items/weapons/player/ranged/muzzles/owo_suppressor_04
04:06:34.646 [Lua] [MOD][extended_weapon_customization][INFO] kitbashing item content/items/weapons/player/ranged/muzzles/owo_suppressor_04_slim
04:06:34.646 [Lua] [MOD][extended_weapon_customization][INFO] kitbashing item content/items/weapons/player/ranged/muzzles/owo_suppressor_05
04:06:34.646 [Lua] [MOD][extended_weapon_customization][INFO] kitbashing item content/items/weapons/player/ranged/muzzles/owo_suppressor_05_slim
04:06:34.646 [Lua] [MOD][extended_weapon_customization][INFO] kitbashing item content/items/weapons/player/ranged/muzzles/owo_suppressor_wrapped_01
04:06:34.646 [Lua] [MOD][extended_weapon_customization][INFO] kitbashing item content/items/weapons/player/ranged/muzzles/owo_suppressor_wrapped_01_slim
04:06:34.646 [Lua] [MOD][extended_weapon_customization][INFO] kitbashing item content/items/weapons/player/ranged/recievers/syn_heavyflamer_receiver_09
04:06:34.646 [Lua] [MOD][extended_weapon_customization][INFO] kitbashing item content/items/weapons/player/melee/power/syn_axe_head_10
04:06:34.646 [Lua] [MOD][extended_weapon_customization][INFO] kitbashing item content/items/weapons/player/melee/power/syn_axe_head_07
04:06:34.646 [Lua] [MOD][extended_weapon_customization][INFO] kitbashing item content/items/weapons/player/ranged/recievers/syn_heavyflamer_receiver_06
04:06:34.646 [Lua] [MOD][extended_weapon_customization][INFO] kitbashing item content/items/weapons/player/melee/power/syn_axe_head_01
04:06:34.646 [Lua] [MOD][extended_weapon_customization][INFO] kitbashing item content/items/weapons/player/ranged/recievers/syn_kickback_shotgun_stock_01
04:06:34.646 [Lua] [MOD][extended_weapon_customization][INFO] kitbashing item content/items/weapons/player/ranged/recievers/syn_heavyflamer_receiver_03
04:06:34.646 [Lua] [MOD][extended_weapon_customization][INFO] kitbashing item content/items/weapons/player/ranged/recievers/syn_kickback_shotgun_barrel_03
04:06:34.646 [Lua] [MOD][extended_weapon_customization][INFO] kitbashing item content/items/weapons/player/ranged/shaft/syn_arbite_falchion_grip_04
04:06:34.646 [Lua] [MOD][extended_weapon_customization][INFO] kitbashing item content/items/weapons/player/ranged/barrels/syn_vindictor_barrel_19
04:06:34.646 [Lua] [MOD][extended_weapon_customization][INFO] kitbashing item content/items/weapons/player/ranged/shaft/syn_arbite_combat_sword_grip_05
04:06:34.646 [Lua] [MOD][extended_weapon_customization][INFO] kitbashing item content/items/weapons/player/ranged/shaft/syn_arbite_combat_sword_grip_02
04:06:34.646 [Lua] [MOD][extended_weapon_customization][INFO] kitbashing item content/items/weapons/player/ranged/barrels/syn_vindictor_barrel_16
04:06:34.646 [Lua] [MOD][extended_weapon_customization][INFO] kitbashing item content/items/weapons/player/melee/syn_frostmourne_connector_alt
04:06:34.646 [Lua] [MOD][extended_weapon_customization][INFO] kitbashing item content/items/weapons/player/melee/heads/syn_crusher_shovel_ogryn_head_ml01
04:06:34.646 [Lua] [MOD][extended_weapon_customization][INFO] kitbashing item content/items/weapons/player/ranged/barrels/syn_vindictor_barrel_13
04:06:34.646 [Lua] [MOD][extended_weapon_customization][INFO] kitbashing item content/items/weapons/player/ranged/barrels/owo_kalashnikov_barrel_helper_barrel_squish_01
04:06:34.646 [Lua] [MOD][extended_weapon_customization][INFO] kitbashing item content/items/weapons/player/melee/head/syn_flail_crusher_ml01
04:06:34.646 [Lua] [MOD][extended_weapon_customization][INFO] kitbashing item content/items/weapons/player/melee/head/syn_flail_crusher_04
04:06:34.646 [Lua] [MOD][extended_weapon_customization][INFO] kitbashing item content/items/weapons/player/ranged/barrels/owo_kalashnikov_barrel_short_01
04:06:34.646 [Lua] [MOD][extended_weapon_customization][INFO] kitbashing item content/items/weapons/player/melee/head/syn_flail_crusher_01
04:06:34.646 [Lua] [MOD][extended_weapon_customization][INFO] kitbashing item content/items/weapons/player/melee/head/syn_flail_maul_04
04:06:34.646 [Lua] [MOD][extended_weapon_customization][INFO] kitbashing item content/items/weapons/player/melee/thunderhammer/syn_battle_axe_head_11
04:06:34.646 [Lua] [MOD][extended_weapon_customization][INFO] kitbashing item content/items/weapons/player/ranged/barrels/syn_vindictor_barrel_07
04:06:34.646 [Lua] [MOD][extended_weapon_customization][INFO] kitbashing item content/items/weapons/player/melee/thunderhammer/syn_battle_axe_head_05
04:06:34.646 [Lua] [MOD][extended_weapon_customization][INFO] kitbashing item content/items/weapons/player/ranged/barrels/syn_vindictor_barrel_05
04:06:34.647 [Lua] [MOD][extended_weapon_customization][INFO] kitbashing item content/items/weapons/player/ranged/barrels/syn_vindictor_barrel_04
04:06:34.647 [Lua] [MOD][extended_weapon_customization][INFO] kitbashing item content/items/weapons/player/ranged/barrels/syn_vindictor_barrel_03
04:06:34.647 [Lua] [MOD][extended_weapon_customization][INFO] kitbashing item content/items/weapons/player/ranged/barrels/owo_kalashnikov_barrel_super_short_01
04:06:34.647 [Lua] [MOD][extended_weapon_customization][INFO] kitbashing item content/items/weapons/player/ranged/barrels/syn_vindictor_barrel_02
04:06:34.647 [Lua] [MOD][extended_weapon_customization][INFO] kitbashing item content/items/weapons/player/ranged/barrels/syn_vindictor_barrel_01
04:06:34.647 [Lua] [MOD][extended_weapon_customization][INFO] kitbashing item content/items/weapons/player/ranged/bipod/syn_bipod_leg_combataxe_04
04:06:34.647 [Lua] [MOD][extended_weapon_customization][INFO] kitbashing item content/items/weapons/player/ranged/bipod/syn_bipod_leg_combataxe_01
04:06:34.647 [Lua] [MOD][extended_weapon_customization][INFO] kitbashing item content/items/weapons/player/ranged/barrels/syn_secondary_barrel_flamer_08
04:06:34.647 [Lua] [MOD][extended_weapon_customization][INFO] kitbashing item content/items/weapons/player/ranged/barrels/owo_kalashnikov_barrel_helper_barrel_squish_02
04:06:34.647 [Lua] [MOD][extended_weapon_customization][INFO] kitbashing item content/items/weapons/player/ranged/bipod/syn_bipod_leg_combatsword_02
04:06:34.647 [Lua] [MOD][extended_weapon_customization][INFO] kitbashing item content/items/weapons/player/ranged/barrels/syn_gk8gauss_barrel_plasma_02alt
04:06:34.647 [Lua] [MOD][extended_weapon_customization][INFO] kitbashing item content/items/weapons/player/ranged/barrels/owo_kalashnikov_barrel_short_02
04:06:34.647 [Lua] [MOD][extended_weapon_customization][INFO] kitbashing item content/items/weapons/player/ranged/barrels/syn_secondary_barrel_flamer_05
04:06:34.647 [Lua] [MOD][extended_weapon_customization][INFO] kitbashing item content/items/weapons/player/ranged/barrels/syn_lascannon_barrel_ml01
04:06:34.647 [Lua] [MOD][extended_weapon_customization][INFO] kitbashing item content/items/weapons/player/ranged/barrels/syn_lascannon_barrel_05
04:06:34.647 [Lua] [MOD][extended_weapon_customization][INFO] kitbashing item content/items/weapons/player/ranged/barrels/owo_kalashnikov_barrel_super_short_02
04:06:34.647 [Lua] [MOD][extended_weapon_customization][INFO] kitbashing item content/items/weapons/player/ranged/barrels/syn_secondary_barrel_flamer_02
04:06:34.647 [Lua] [MOD][extended_weapon_customization][INFO] kitbashing item content/items/weapons/player/ranged/barrels/syn_plasma_bfg_barrel_07
04:06:34.647 [Lua] [MOD][extended_weapon_customization][INFO] kitbashing item content/items/weapons/player/ranged/barrels/owo_kalashnikov_barrel_helper_barrel_squish_05
04:06:34.647 [Lua] [MOD][extended_weapon_customization][INFO] kitbashing item content/items/weapons/player/ranged/barrels/syn_plasma_bfg_barrel_03
04:06:34.647 [Lua] [MOD][extended_weapon_customization][INFO] kitbashing item content/items/weapons/player/ranged/barrels/syn_plasma_heavy_barrel_ml01
04:06:34.647 [Lua] [MOD][extended_weapon_customization][INFO] kitbashing item content/items/weapons/player/ranged/barrels/owo_kalashnikov_barrel_short_05
04:06:34.647 [Lua] [MOD][extended_weapon_customization][INFO] kitbashing item content/items/weapons/player/ranged/barrels/syn_plasma_heavy_barrel_05
04:06:34.647 [Lua] [MOD][extended_weapon_customization][INFO] kitbashing item content/items/weapons/player/ranged/barrels/syn_plasma_heavy_barrel_02
04:06:34.647 [Lua] [MOD][extended_weapon_customization][INFO] kitbashing item content/items/weapons/player/ranged/receivers/syn_dual_laspistol_08_right
04:06:34.647 [Lua] [MOD][extended_weapon_customization][INFO] kitbashing item content/items/weapons/player/ranged/barrels/owo_kalashnikov_barrel_super_short_05
04:06:34.647 [Lua] [MOD][extended_weapon_customization][INFO] kitbashing item content/items/weapons/player/ranged/magazines/syn_hag_magazine_02
04:06:34.647 [Lua] [MOD][extended_weapon_customization][INFO] kitbashing item content/items/weapons/player/ranged/magazines/syn_lascannon_magazine_04
04:06:34.647 [Lua] [MOD][extended_weapon_customization][INFO] kitbashing item content/items/weapons/player/ranged/receivers/syn_dual_laspistol_05_right
04:06:34.647 [Lua] [MOD][extended_weapon_customization][INFO] kitbashing item content/items/weapons/player/ranged/barrels/owo_kalashnikov_barrel_helper_barrel_squish_06
04:06:34.647 [Lua] [MOD][extended_weapon_customization][INFO] kitbashing item content/items/weapons/player/ranged/stocks/syn_slim_plasma_rifle_stock_08
04:06:34.647 [Lua] [MOD][extended_weapon_customization][INFO] kitbashing item content/items/weapons/player/ranged/stocks/syn_slim_plasma_rifle_stock_04
04:06:34.647 [Lua] [MOD][extended_weapon_customization][INFO] kitbashing item content/items/weapons/player/ranged/barrels/owo_kalashnikov_barrel_short_06
04:06:34.647 [Lua] [MOD][extended_weapon_customization][INFO] kitbashing item content/items/weapons/player/ranged/receivers/syn_dual_laspistol_02_right
04:06:34.647 [Lua] [MOD][extended_weapon_customization][INFO] kitbashing item content/items/weapons/player/ranged/stocks/syn_phosphor_stock_34
04:06:34.647 [Lua] [MOD][extended_weapon_customization][INFO] kitbashing item content/items/weapons/player/ranged/stocks/syn_phosphor_stock_30
04:06:34.647 [Lua] [MOD][extended_weapon_customization][INFO] kitbashing item content/items/weapons/player/ranged/barrels/owo_kalashnikov_barrel_super_short_06
04:06:34.647 [Lua] [MOD][extended_weapon_customization][INFO] kitbashing item content/items/weapons/player/ranged/receivers/syn_dual_laspistol_10_left
04:06:34.647 [Lua] [MOD][extended_weapon_customization][INFO] kitbashing item content/items/weapons/player/ranged/stocks/syn_phosphor_stock_24
04:06:34.647 [Lua] [MOD][extended_weapon_customization][INFO] kitbashing item content/items/weapons/player/ranged/stocks/syn_phosphor_stock_21
04:06:34.647 [Lua] [MOD][extended_weapon_customization][INFO] kitbashing item content/items/weapons/player/ranged/barrels/owo_kalashnikov_barrel_helper_barrel_squish_07
04:06:34.647 [Lua] [MOD][extended_weapon_customization][INFO] kitbashing item content/items/weapons/player/ranged/receivers/syn_dual_laspistol_07_left
04:06:34.647 [Lua] [MOD][extended_weapon_customization][INFO] kitbashing item content/items/weapons/player/ranged/stocks/syn_phosphor_stock_15
04:06:34.647 [Lua] [MOD][extended_weapon_customization][INFO] kitbashing item content/items/weapons/player/ranged/barrels/owo_kalashnikov_barrel_short_07
04:06:34.647 [Lua] [MOD][extended_weapon_customization][INFO] kitbashing item content/items/weapons/player/ranged/stocks/syn_phosphor_stock_12
04:06:34.647 [Lua] [MOD][extended_weapon_customization][INFO] kitbashing item content/items/weapons/player/ranged/receivers/syn_dual_laspistol_04_left
04:06:34.647 [Lua] [MOD][extended_weapon_customization][INFO] kitbashing item content/items/weapons/player/ranged/stocks/syn_phosphor_stock_06
04:06:34.647 [Lua] [MOD][extended_weapon_customization][INFO] kitbashing item content/items/weapons/player/ranged/barrels/owo_kalashnikov_barrel_super_short_07
04:06:34.647 [Lua] [MOD][extended_weapon_customization][INFO] kitbashing item content/items/weapons/player/ranged/stocks/syn_phosphor_stock_04
04:06:34.647 [Lua] [MOD][extended_weapon_customization][INFO] kitbashing item content/items/weapons/player/ranged/stocks/syn_phosphor_stock_03
04:06:34.647 [Lua] [MOD][extended_weapon_customization][INFO] kitbashing item content/items/weapons/player/ranged/barrels/owo_kalashnikov_barrel_helper_barrel_squish_08
04:06:34.647 [Lua] [MOD][extended_weapon_customization][INFO] kitbashing item content/items/weapons/player/ranged/stocks/syn_phosphor_stock_01
04:06:34.647 [Lua] [MOD][extended_weapon_customization][INFO] kitbashing item content/items/weapons/player/ranged/rails/syn_stubgun_pistol_rail_off
04:06:34.647 [Lua] [MOD][extended_weapon_customization][INFO] kitbashing item content/items/weapons/player/ranged/barrels/owo_kalashnikov_barrel_short_08
04:06:34.647 [Lua] [MOD][extended_weapon_customization][INFO] kitbashing item content/items/weapons/player/ranged/rails/syn_assault_shotgun_rail_02
04:06:34.647 [Lua] [MOD][extended_weapon_customization][INFO] kitbashing item content/items/weapons/player/ranged/sights/syn_lasgun_rifle_krieg_sight_01
04:06:34.647 [Lua] [MOD][extended_weapon_customization][INFO] kitbashing item content/items/weapons/player/ranged/underbarrels/syn_boltgun_rifle_underbarrel_02
04:06:34.647 [Lua] [MOD][extended_weapon_customization][INFO] kitbashing item content/items/weapons/player/ranged/barrels/owo_kalashnikov_barrel_super_short_08
04:06:34.647 [Lua] [MOD][extended_weapon_customization][INFO] kitbashing item content/items/weapons/player/ranged/underbarrels/syn_boltgun_rifle_underbarrel_ml01
04:06:34.647 [Lua] [MOD][extended_weapon_customization][INFO] kitbashing item content/items/weapons/player/ranged/underbarrels/syn_assault_shotgun_underbarrel_02
04:06:34.647 [Lua] [MOD][extended_weapon_customization][INFO] kitbashing item content/items/weapons/player/ranged/barrels/owo_kalashnikov_barrel_helper_barrel_squish_ml01
04:06:34.647 [Lua] [MOD][extended_weapon_customization][INFO] kitbashing item content/items/weapons/player/ranged/decals/syn_decal_01
04:06:34.647 [Lua] [MOD][extended_weapon_customization][INFO] kitbashing item content/items/weapons/player/ranged/decals/syn_decal_02
04:06:34.647 [Lua] [MOD][extended_weapon_customization][INFO] kitbashing item content/items/weapons/player/ranged/barrels/owo_kalashnikov_barrel_short_ml01
04:06:34.647 [Lua] [MOD][extended_weapon_customization][INFO] kitbashing item content/items/weapons/player/ranged/emblems/syn_emblemright_08a
04:06:34.647 [Lua] [MOD][extended_weapon_customization][INFO] kitbashing item content/items/weapons/player/ranged/emblems/syn_emblemright_08b
04:06:34.647 [Lua] [MOD][extended_weapon_customization][INFO] kitbashing item content/items/weapons/player/ranged/emblems/syn_emblemright_08c
04:06:34.647 [Lua] [MOD][extended_weapon_customization][INFO] kitbashing item content/items/weapons/player/ranged/barrels/owo_kalashnikov_barrel_super_short_ml01
04:06:34.647 [Lua] [MOD][extended_weapon_customization][INFO] kitbashing item content/items/weapons/player/ranged/emblems/syn_emblemright_09b
04:06:34.647 [Lua] [MOD][extended_weapon_customization][INFO] kitbashing item content/items/weapons/player/ranged/emblems/syn_emblemright_09d
04:06:34.647 [Lua] [MOD][extended_weapon_customization][INFO] kitbashing item content/items/weapons/player/ranged/barrels/owo_kalashnikov_barrel_helper_barrel_squish_03
04:06:34.647 [Lua] [MOD][extended_weapon_customization][INFO] kitbashing item content/items/weapons/player/ranged/emblems/syn_emblemright_10
04:06:34.647 [Lua] [MOD][extended_weapon_customization][INFO] kitbashing item content/items/weapons/player/ranged/barrels/owo_kalashnikov_barrel_short_03
04:06:34.647 [Lua] [MOD][extended_weapon_customization][INFO] kitbashing item content/items/weapons/player/ranged/stocks/syn_lasgun_pistol_stock_03
04:06:34.647 [Lua] [MOD][extended_weapon_customization][INFO] kitbashing item content/items/weapons/player/ranged/stocks/syn_lasgun_pistol_stock_ml01
04:06:34.647 [Lua] [MOD][extended_weapon_customization][INFO] kitbashing item content/items/weapons/player/ranged/stocks/syn_lasgun_rifle_elysian_stock_02
04:06:34.647 [Lua] [MOD][extended_weapon_customization][INFO] kitbashing item content/items/weapons/player/ranged/barrels/owo_kalashnikov_barrel_super_short_03
04:06:34.647 [Lua] [MOD][extended_weapon_customization][INFO] kitbashing item content/items/weapons/player/ranged/stocks/syn_lasgun_rifle_elysian_stock_04
04:06:34.648 [Lua] [MOD][extended_weapon_customization][INFO] kitbashing item content/items/weapons/player/ranged/stocks/syn_lasgun_rifle_elysian_stock_ml01
04:06:34.648 [Lua] [MOD][extended_weapon_customization][INFO] kitbashing item content/items/weapons/player/ranged/barrels/syn_autogun_pistol_compact_barrel_01
04:06:34.648 [Lua] [MOD][extended_weapon_customization][INFO] kitbashing item content/items/weapons/player/ranged/barrels/syn_autogun_pistol_compact_barrel_deluxe01
04:06:34.648 [Lua] [MOD][extended_weapon_customization][INFO] kitbashing item content/items/weapons/player/ranged/barrels/syn_autogun_pistol_compact_barrel_deluxe02
04:06:34.648 [Lua] [MOD][extended_weapon_customization][INFO] kitbashing item content/items/weapons/player/ranged/barrels/syn_autogun_pistol_compact_barrel_ml01
04:06:34.648 [Lua] [MOD][extended_weapon_customization][INFO] kitbashing item content/items/weapons/player/ranged/barrels/syn_lasgun_rifle_barrel_03
04:06:34.648 [Lua] [MOD][extended_weapon_customization][INFO] kitbashing item content/items/weapons/player/ranged/barrels/syn_lasgun_rifle_barrel_04
04:06:34.648 [Lua] [MOD][extended_weapon_customization][INFO] kitbashing item content/items/weapons/player/ranged/barrels/syn_lasgun_rifle_barrel_05
04:06:34.648 [Lua] [MOD][extended_weapon_customization][INFO] kitbashing item content/items/weapons/player/ranged/barrels/syn_lasgun_rifle_barrel_07
04:06:34.648 [Lua] [MOD][extended_weapon_customization][INFO] kitbashing item content/items/weapons/player/ranged/barrels/syn_lasgun_rifle_barrel_08
04:06:34.648 [Lua] [MOD][extended_weapon_customization][INFO] kitbashing item content/items/weapons/player/ranged/barrels/syn_lasgun_rifle_barrel_09
04:06:34.648 [Lua] [MOD][extended_weapon_customization][INFO] kitbashing item content/items/weapons/player/ranged/barrels/syn_lasgun_rifle_barrel_10
04:06:34.648 [Lua] [MOD][extended_weapon_customization][INFO] kitbashing item content/items/weapons/player/ranged/barrels/syn_rippergun_rifle_barrel_02
04:06:34.648 [Lua] [MOD][extended_weapon_customization][INFO] kitbashing item content/items/weapons/player/ranged/barrels/syn_rippergun_rifle_barrel_04
04:06:34.648 [Lua] [MOD][extended_weapon_customization][INFO] kitbashing item content/items/weapons/player/ranged/barrels/syn_rippergun_rifle_barrel_05
04:06:34.648 [Lua] [MOD][extended_weapon_customization][INFO] kitbashing item content/items/weapons/player/ranged/barrels/syn_rippergun_rifle_barrel_06
04:06:34.648 [Lua] [MOD][extended_weapon_customization][INFO] kitbashing item content/items/weapons/player/ranged/recievers/syn_autogun_pistol_compact_receiver_deluxe01
04:06:34.648 [Lua] [MOD][extended_weapon_customization][INFO] kitbashing item content/items/weapons/player/ranged/recievers/syn_autogun_pistol_compact_receiver_ml01
04:06:34.648 [Lua] [MOD][extended_weapon_customization][INFO] kitbashing item content/items/weapons/player/ranged/recievers/syn_boltgun_pistol_receiver_01
04:06:34.648 [Lua] [MOD][extended_weapon_customization][INFO] kitbashing item content/items/weapons/player/ranged/recievers/syn_boltgun_pistol_receiver_02
04:06:34.648 [Lua] [MOD][extended_weapon_customization][INFO] kitbashing item content/items/weapons/player/ranged/recievers/syn_boltgun_pistol_receiver_03
04:06:34.648 [Lua] [MOD][extended_weapon_customization][INFO] kitbashing item content/items/weapons/player/ranged/recievers/syn_boltgun_pistol_receiver_05
04:06:34.648 [Lua] [MOD][extended_weapon_customization][INFO] kitbashing item content/items/weapons/player/ranged/recievers/syn_boltgun_pistol_receiver_06
04:06:34.648 [Lua] [MOD][extended_weapon_customization][INFO] kitbashing item content/items/weapons/player/ranged/recievers/syn_boltgun_pistol_receiver_07
04:06:34.648 [Lua] [MOD][extended_weapon_customization][INFO] kitbashing item content/items/weapons/player/ranged/recievers/syn_boltgun_pistol_receiver_08
04:06:34.648 [Lua] [MOD][extended_weapon_customization][INFO] kitbashing item content/items/weapons/player/ranged/recievers/syn_boltgun_pistol_receiver_ml01
04:06:34.648 [Lua] [MOD][extended_weapon_customization][INFO] kitbashing item content/items/weapons/player/ranged/syn_assault_shotgun_barrel_01
04:06:34.648 [Lua] [MOD][extended_weapon_customization][INFO] kitbashing item content/items/weapons/player/ranged/recievers/syn_needle_pistol_receiver_deluxe01
04:06:34.648 [Lua] [MOD][extended_weapon_customization][INFO] kitbashing item content/items/weapons/player/ranged/recievers/syn_needle_pistol_receiver_01
04:06:34.648 [Lua] [MOD][extended_weapon_customization][INFO] kitbashing item content/items/weapons/player/ranged/recievers/syn_needle_pistol_receiver_ml01
04:06:34.648 [Lua] [MOD][extended_weapon_customization][INFO] kitbashing item content/items/weapons/player/ranged/recievers/syn_assault_shotgun_receiver_01
04:06:34.648 [Lua] [MOD][extended_weapon_customization][INFO] kitbashing item content/items/weapons/player/ranged/recievers/syn_assault_shotgun_receiver_02
04:06:34.648 [Lua] [MOD][extended_weapon_customization][INFO] kitbashing item content/items/weapons/player/ranged/emblems/emblemleft_invisible
04:06:34.648 [Lua] [MOD][extended_weapon_customization][INFO] kitbashing item content/items/weapons/player/ranged/underbarrels/owo_underbarrel_weapon_vesa_bolt_pistol_01
04:06:34.648 [Lua] [MOD][extended_weapon_customization][INFO] kitbashing item content/items/weapons/player/ranged/underbarrels/owo_underbarrel_weapon_vesa_bolt_pistol_01_grip
04:06:34.648 [Lua] [MOD][extended_weapon_customization][INFO] kitbashing item content/items/weapons/player/ranged/underbarrels/owo_underbarrel_weapon_vesa_bolt_pistol_01_magazine
04:06:34.648 [Lua] [MOD][extended_weapon_customization][INFO] kitbashing item content/items/weapons/player/ranged/underbarrels/owo_underbarrel_weapon_vesa_bolt_pistol_01_barrel
04:06:34.648 [Lua] [MOD][extended_weapon_customization][INFO] kitbashing item content/items/weapons/player/ranged/magazines/syn_rippergun_rifle_magazine_01
04:06:34.648 [Lua] [MOD][extended_weapon_customization][INFO] kitbashing item content/items/weapons/player/ranged/magazines/syn_rippergun_rifle_magazine_08
04:06:34.648 [Lua] [MOD][extended_weapon_customization][INFO] kitbashing item content/items/weapons/player/ranged/magazines/syn_rippergun_rifle_magazine_ml01
04:06:34.648 [Lua] [MOD][extended_weapon_customization][INFO] kitbashing item content/items/weapons/player/ranged/underbarrels/owo_underbarrel_weapon_veteran_guardsman_laspistol_bolt_pistol_01
04:06:34.648 [Lua] [MOD][extended_weapon_customization][INFO] kitbashing item content/items/weapons/player/ranged/bayonets/syn_rippergun_rifle_bayonet_03
04:06:34.648 [Lua] [MOD][extended_weapon_customization][INFO] kitbashing item content/items/weapons/player/ranged/bayonets/syn_rippergun_rifle_bayonet_04
04:06:34.648 [Lua] [MOD][extended_weapon_customization][INFO] kitbashing item content/items/weapons/player/ranged/muzzles/syn_autogun_rifle_muzzle_02
04:06:34.648 [Lua] [MOD][extended_weapon_customization][INFO] kitbashing item content/items/weapons/player/ranged/muzzles/syn_autogun_rifle_muzzle_03
04:06:34.648 [Lua] [MOD][extended_weapon_customization][INFO] kitbashing item content/items/weapons/player/ranged/muzzles/syn_autogun_rifle_muzzle_04
04:06:34.648 [Lua] [MOD][extended_weapon_customization][INFO] kitbashing item content/items/weapons/player/ranged/muzzles/syn_autogun_rifle_muzzle_05
04:06:34.648 [Lua] [MOD][extended_weapon_customization][INFO] kitbashing item content/items/weapons/player/ranged/muzzles/syn_autogun_rifle_ak_muzzle_02
04:06:34.648 [Lua] [MOD][extended_weapon_customization][INFO] kitbashing item content/items/weapons/player/ranged/muzzles/syn_autogun_rifle_ak_muzzle_04
04:06:34.648 [Lua] [MOD][extended_weapon_customization][INFO] kitbashing item content/items/weapons/player/ranged/underbarrels/owo_underbarrel_weapon_vesa_bolt_pistol_02
04:06:34.648 [Lua] [MOD][extended_weapon_customization][INFO] kitbashing item content/items/weapons/player/ranged/muzzles/syn_autogun_rifle_killshot_muzzle_01
04:06:34.648 [Lua] [MOD][extended_weapon_customization][INFO] kitbashing item content/items/weapons/player/ranged/underbarrels/owo_underbarrel_weapon_vesa_bolt_pistol_02_grip
04:06:34.648 [Lua] [MOD][extended_weapon_customization][INFO] kitbashing item content/items/weapons/player/ranged/muzzles/syn_autogun_rifle_killshot_muzzle_04
04:06:34.648 [Lua] [MOD][extended_weapon_customization][INFO] kitbashing item content/items/weapons/player/ranged/underbarrels/owo_underbarrel_weapon_vesa_bolt_pistol_02_magazine
04:06:34.648 [Lua] [MOD][extended_weapon_customization][INFO] kitbashing item content/items/weapons/player/ranged/underbarrels/owo_underbarrel_weapon_vesa_bolt_pistol_02_barrel
04:06:34.648 [Lua] [MOD][extended_weapon_customization][INFO] kitbashing item content/items/weapons/player/ranged/muzzles/syn_lasgun_rifle_muzzle_02
04:06:34.648 [Lua] [MOD][extended_weapon_customization][INFO] kitbashing item content/items/weapons/player/ranged/muzzles/syn_lasgun_rifle_muzzle_03
04:06:34.648 [Lua] [MOD][extended_weapon_customization][INFO] kitbashing item content/items/weapons/player/ranged/muzzles/syn_lasgun_rifle_muzzle_04
04:06:34.648 [Lua] [MOD][extended_weapon_customization][INFO] kitbashing item content/items/weapons/player/ranged/underbarrels/owo_underbarrel_weapon_veteran_guardsman_laspistol_bolt_pistol_02
04:06:34.648 [Lua] [MOD][extended_weapon_customization][INFO] kitbashing item content/items/weapons/player/ranged/muzzles/syn_lasgun_pistol_muzzle_02
04:06:34.648 [Lua] [MOD][extended_weapon_customization][INFO] kitbashing item content/items/weapons/player/ranged/muzzles/syn_lasgun_pistol_muzzle_03
04:06:34.648 [Lua] [MOD][extended_weapon_customization][INFO] kitbashing item content/items/weapons/player/ranged/muzzles/syn_lasgun_pistol_muzzle_05
04:06:34.648 [Lua] [MOD][extended_weapon_customization][INFO] kitbashing item content/items/weapons/player/ranged/muzzles/syn_lasgun_pistol_muzzle_ml01
04:06:34.648 [Lua] [MOD][extended_weapon_customization][INFO] kitbashing item content/items/weapons/player/ranged/muzzles/syn_autogun_pistol_muzzle_02
04:06:34.648 [Lua] [MOD][extended_weapon_customization][INFO] kitbashing item content/items/weapons/player/ranged/muzzles/syn_autogun_pistol_muzzle_03
04:06:34.648 [Lua] [MOD][extended_weapon_customization][INFO] kitbashing item content/items/weapons/player/ranged/muzzles/syn_autogun_pistol_muzzle_04
04:06:34.648 [Lua] [MOD][extended_weapon_customization][INFO] kitbashing item content/items/weapons/player/ranged/underbarrels/owo_underbarrel_weapon_vesa_plasma_pistol__grip
04:06:34.648 [Lua] [MOD][extended_weapon_customization][INFO] kitbashing item content/items/weapons/player/ranged/underbarrels/owo_underbarrel_weapon_vesa_plasma_pistol__magazine
04:06:34.648 [Lua] [MOD][extended_weapon_customization][INFO] kitbashing item content/items/weapons/player/ranged/underbarrels/owo_underbarrel_weapon_vesa_plasma_pistol_01
04:06:34.648 [Lua] [MOD][extended_weapon_customization][INFO] kitbashing item content/items/weapons/player/ranged/underbarrels/owo_underbarrel_weapon_vesa_plasma_pistol_01_barrel_01
04:06:34.648 [Lua] [MOD][extended_weapon_customization][INFO] kitbashing item content/items/weapons/player/ranged/muzzles/syn_lasgun_rifle_krieg_muzzle_06
04:06:34.648 [Lua] [MOD][extended_weapon_customization][INFO] kitbashing item content/items/weapons/player/ranged/underbarrels/owo_underbarrel_weapon_vesa_plasma_pistol_01_stock_01
04:06:34.648 [Lua] [MOD][extended_weapon_customization][INFO] kitbashing item content/items/weapons/player/melee/grips/syn_transonic_blade_grip_01
04:06:34.648 [Lua] [MOD][extended_weapon_customization][INFO] kitbashing item content/items/weapons/player/melee/grips/syn_transonic_blade_grip_deluxe01
04:06:34.648 [Lua] [MOD][extended_weapon_customization][INFO] kitbashing item content/items/weapons/player/ranged/underbarrels/owo_underbarrel_weapon_veteran_guardsman_laspistol_plasma_pistol_01_01
04:06:34.648 [Lua] [MOD][extended_weapon_customization][INFO] kitbashing item content/items/weapons/player/melee/grips/syn_transonic_razor_grip_01
04:06:34.648 [Lua] [MOD][extended_weapon_customization][INFO] kitbashing item content/items/weapons/player/melee/grips/syn_transonic_razor_grip_deluxe01
04:06:34.648 [Lua] [MOD][extended_weapon_customization][INFO] kitbashing item content/items/weapons/player/melee/grips/syn_transonic_razor_grip_ml01
04:06:34.648 [Lua] [MOD][extended_weapon_customization][INFO] kitbashing item content/items/weapons/player/melee/grips/syn_chain_axe_grip_02
04:06:34.648 [Lua] [MOD][extended_weapon_customization][INFO] kitbashing item content/items/weapons/player/melee/grips/syn_chain_axe_grip_03
04:06:34.648 [Lua] [MOD][extended_weapon_customization][INFO] kitbashing item content/items/weapons/player/melee/grips/syn_chain_axe_grip_04
04:06:34.648 [Lua] [MOD][extended_weapon_customization][INFO] kitbashing item content/items/weapons/player/melee/grips/syn_chain_axe_grip_05
04:06:34.648 [Lua] [MOD][extended_weapon_customization][INFO] kitbashing item content/items/weapons/player/ranged/underbarrels/owo_underbarrel_weapon_vesa_plasma_pistol_01_barrel_02
04:06:34.648 [Lua] [MOD][extended_weapon_customization][INFO] kitbashing item content/items/weapons/player/melee/grips/syn_chain_axe_grip_ml01
04:06:34.648 [Lua] [MOD][extended_weapon_customization][INFO] kitbashing item content/items/weapons/player/ranged/underbarrels/owo_underbarrel_weapon_vesa_plasma_pistol_01_stock_02
04:06:34.648 [Lua] [MOD][extended_weapon_customization][INFO] kitbashing item content/items/weapons/player/melee/grips/syn_power_sword_grip_03
04:06:34.649 [Lua] [MOD][extended_weapon_customization][INFO] kitbashing item content/items/weapons/player/melee/grips/syn_power_sword_grip_05
04:06:34.649 [Lua] [MOD][extended_weapon_customization][INFO] kitbashing item content/items/weapons/player/ranged/underbarrels/owo_underbarrel_weapon_veteran_guardsman_laspistol_plasma_pistol_01_02
04:06:34.649 [Lua] [MOD][extended_weapon_customization][INFO] kitbashing item content/items/weapons/player/melee/grips/syn_power_sword_grip_ml01
04:06:34.649 [Lua] [MOD][extended_weapon_customization][INFO] kitbashing item content/items/weapons/player/melee/grips/syn_hatchet_grip_02
04:06:34.649 [Lua] [MOD][extended_weapon_customization][INFO] kitbashing item content/items/weapons/player/melee/grips/syn_hatchet_grip_04
04:06:34.649 [Lua] [MOD][extended_weapon_customization][INFO] kitbashing item content/items/weapons/player/melee/grips/syn_hatchet_grip_05
04:06:34.649 [Lua] [MOD][extended_weapon_customization][INFO] kitbashing item content/items/weapons/player/melee/grips/syn_hatchet_grip_06
04:06:34.649 [Lua] [MOD][extended_weapon_customization][INFO] kitbashing item content/items/weapons/player/melee/grips/syn_combat_blade_grip_08
04:06:34.649 [Lua] [MOD][extended_weapon_customization][INFO] kitbashing item content/items/weapons/player/melee/full/syn_force_staff_full_02
04:06:34.649 [Lua] [MOD][extended_weapon_customization][INFO] kitbashing item content/items/weapons/player/ranged/underbarrels/owo_underbarrel_weapon_vesa_plasma_pistol_01_barrel_03
04:06:34.649 [Lua] [MOD][extended_weapon_customization][INFO] kitbashing item content/items/weapons/player/melee/full/syn_force_staff_full_04
04:06:34.649 [Lua] [MOD][extended_weapon_customization][INFO] kitbashing item content/items/weapons/player/ranged/underbarrels/owo_underbarrel_weapon_vesa_plasma_pistol_01_stock_03
04:06:34.649 [Lua] [MOD][extended_weapon_customization][INFO] kitbashing item content/items/weapons/player/melee/full/syn_force_staff_full_ml01
04:06:34.649 [Lua] [MOD][extended_weapon_customization][INFO] kitbashing item content/items/weapons/player/melee/heads/syn_shovel_ogryn_head_01
04:06:34.649 [Lua] [MOD][extended_weapon_customization][INFO] kitbashing item content/items/weapons/player/melee/heads/syn_shovel_ogryn_head_02
04:06:34.649 [Lua] [MOD][extended_weapon_customization][INFO] kitbashing item content/items/weapons/player/ranged/underbarrels/owo_underbarrel_weapon_veteran_guardsman_laspistol_plasma_pistol_01_03
04:06:34.649 [Lua] [MOD][extended_weapon_customization][INFO] kitbashing item content/items/weapons/player/melee/heads/syn_shovel_ogryn_head_04
04:06:34.649 [Lua] [MOD][extended_weapon_customization][INFO] kitbashing item content/items/weapons/player/melee/heads/syn_shovel_ogryn_head_05
04:06:34.649 [Lua] [MOD][extended_weapon_customization][INFO] kitbashing item content/items/weapons/player/melee/heads/syn_shovel_ogryn_head_ml01
04:06:34.649 [Lua] [MOD][extended_weapon_customization][INFO] kitbashing item content/items/weapons/player/melee/heads/syn_human_power_maul_short_head_01
04:06:34.649 [Lua] [MOD][extended_weapon_customization][INFO] kitbashing item content/items/weapons/player/melee/heads/syn_human_power_maul_short_head_02
04:06:34.649 [Lua] [MOD][extended_weapon_customization][INFO] kitbashing item content/items/weapons/player/melee/heads/syn_human_power_maul_short_head_ml01
04:06:34.649 [Lua] [MOD][extended_weapon_customization][INFO] kitbashing item content/items/weapons/player/ranged/emblems/emblemright_invisible
04:06:34.649 [Lua] [MOD][extended_weapon_customization][INFO] kitbashing item content/items/weapons/player/ranged/underbarrels/owo_underbarrel_weapon_vesa_plasma_pistol_01_barrel_04
04:06:34.649 [Lua] [MOD][extended_weapon_customization][INFO] kitbashing item content/items/weapons/player/melee/heads/syn_human_power_maul_short_head_deluxe02
04:06:34.649 [Lua] [MOD][extended_weapon_customization][INFO] kitbashing item content/items/weapons/player/ranged/underbarrels/owo_underbarrel_weapon_vesa_plasma_pistol_01_stock_04
04:06:34.649 [Lua] [MOD][extended_weapon_customization][INFO] kitbashing item content/items/weapons/player/melee/heads/syn_force_staff_head_02
04:06:34.649 [Lua] [MOD][extended_weapon_customization][INFO] kitbashing item content/items/weapons/player/melee/heads/syn_force_staff_head_03
04:06:34.649 [Lua] [MOD][extended_weapon_customization][INFO] kitbashing item content/items/weapons/player/melee/heads/syn_force_staff_head_04
04:06:34.649 [Lua] [MOD][extended_weapon_customization][INFO] kitbashing item content/items/weapons/player/ranged/underbarrels/owo_underbarrel_weapon_veteran_guardsman_laspistol_plasma_pistol_01_04
04:06:34.649 [Lua] [MOD][extended_weapon_customization][INFO] kitbashing item content/items/weapons/player/melee/heads/syn_force_staff_head_06
04:06:34.649 [Lua] [MOD][extended_weapon_customization][INFO] kitbashing item content/items/weapons/player/melee/heads/syn_force_staff_head_07
04:06:34.649 [Lua] [MOD][extended_weapon_customization][INFO] kitbashing item content/items/weapons/player/melee/heads/syn_force_staff_head_08
04:06:34.649 [Lua] [MOD][extended_weapon_customization][INFO] kitbashing item content/items/weapons/player/melee/heads/syn_force_staff_head_09
04:06:34.649 [Lua] [MOD][extended_weapon_customization][INFO] kitbashing item content/items/weapons/player/melee/heads/syn_force_staff_head_10
04:06:34.649 [Lua] [MOD][extended_weapon_customization][INFO] kitbashing item content/items/weapons/player/melee/blades/syn_combat_knife_blade_05
04:06:34.649 [Lua] [MOD][extended_weapon_customization][INFO] kitbashing item content/items/weapons/player/melee/blades/syn_combat_knife_blade_06
04:06:34.649 [Lua] [MOD][extended_weapon_customization][INFO] kitbashing item content/items/weapons/player/ranged/underbarrels/owo_underbarrel_weapon_vesa_plasma_pistol_01_barrel_05
04:06:34.649 [Lua] [MOD][extended_weapon_customization][INFO] kitbashing item content/items/weapons/player/melee/blades/syn_combat_knife_blade_09
04:06:34.649 [Lua] [MOD][extended_weapon_customization][INFO] kitbashing item content/items/weapons/player/ranged/underbarrels/owo_underbarrel_weapon_vesa_plasma_pistol_01_stock_05
04:06:34.649 [Lua] [MOD][extended_weapon_customization][INFO] kitbashing item content/items/weapons/player/melee/blades/syn_combat_knife_blade_ml01
04:06:34.649 [Lua] [MOD][extended_weapon_customization][INFO] kitbashing item content/items/weapons/player/melee/blades/syn_power_falchion_blade_01
04:06:34.649 [Lua] [MOD][extended_weapon_customization][INFO] kitbashing item content/items/weapons/player/ranged/underbarrels/owo_underbarrel_weapon_veteran_guardsman_laspistol_plasma_pistol_01_05
04:06:34.649 [Lua] [MOD][extended_weapon_customization][INFO] kitbashing item content/items/weapons/player/melee/blades/syn_transonic_sword_blade_01_cinematic
04:06:34.649 [Lua] [MOD][extended_weapon_customization][INFO] kitbashing item content/items/weapons/player/melee/blades/syn_transonic_sword_blade_deluxe01
04:06:34.649 [Lua] [MOD][extended_weapon_customization][INFO] kitbashing item content/items/weapons/player/melee/blades/syn_transonic_sword_blade_ml01
04:06:34.649 [Lua] [MOD][extended_weapon_customization][INFO] kitbashing item content/items/weapons/player/melee/blades/syn_2h_power_sword_blade_01
04:06:34.649 [Lua] [MOD][extended_weapon_customization][INFO] kitbashing item content/items/weapons/player/melee/blades/syn_2h_power_sword_blade_02
04:06:34.649 [Lua] [MOD][extended_weapon_customization][INFO] kitbashing item content/items/weapons/player/melee/blades/syn_2h_power_sword_blade_ml01
04:06:34.649 [Lua] [MOD][extended_weapon_customization][INFO] kitbashing item content/items/weapons/player/melee/connectors/syn_2h_power_maul_connector_03
04:06:34.649 [Lua] [MOD][extended_weapon_customization][INFO] kitbashing item content/items/weapons/player/ranged/underbarrels/owo_underbarrel_weapon_vesa_plasma_pistol_01_barrel_06
04:06:34.649 [Lua] [MOD][extended_weapon_customization][INFO] kitbashing item content/items/weapons/player/melee/connectors/syn_thunder_hammer_connector_06
04:06:34.649 [Lua] [MOD][extended_weapon_customization][INFO] kitbashing item content/items/weapons/player/ranged/underbarrels/owo_underbarrel_weapon_vesa_plasma_pistol_01_stock_06
04:06:34.649 [Lua] [MOD][extended_weapon_customization][INFO] kitbashing item content/items/weapons/player/melee/connectors/syn_human_power_maul_connector_04
04:06:34.649 [Lua] [MOD][extended_weapon_customization][INFO] kitbashing item content/items/weapons/player/melee/shafts/syn_force_staff_shaft_upper_01
04:06:34.649 [Lua] [MOD][extended_weapon_customization][INFO] kitbashing item content/items/weapons/player/melee/grips/syn_right_shiv_riceflail_04
04:06:34.649 [Lua] [MOD][extended_weapon_customization][INFO] kitbashing item content/items/weapons/player/ranged/underbarrels/owo_underbarrel_weapon_veteran_guardsman_laspistol_plasma_pistol_01_06
04:06:34.649 [Lua] [MOD][extended_weapon_customization][INFO] kitbashing item content/items/weapons/player/ranged/barrels/syn_stubrevolver_barrel_06_phosphor
04:06:34.649 [Lua] [MOD][extended_weapon_customization][INFO] kitbashing item content/items/weapons/player/melee/shafts/syn_force_staff_shaft_upper_03
04:06:34.649 [Lua] [MOD][extended_weapon_customization][INFO] kitbashing item content/items/weapons/player/ranged/barrels/syn_stubrevolver_barrel_03_phosphor
04:06:34.649 [Lua] [MOD][extended_weapon_customization][INFO] kitbashing item content/items/weapons/player/melee/shafts/syn_force_staff_shaft_upper_04
04:06:34.649 [Lua] [MOD][extended_weapon_customization][INFO] kitbashing item content/items/weapons/player/melee/grips/syn_right_shiv_riceflail_01
04:06:34.649 [Lua] [MOD][extended_weapon_customization][INFO] kitbashing item content/items/weapons/player/melee/shafts/syn_force_staff_shaft_upper_05
04:06:34.649 [Lua] [MOD][extended_weapon_customization][INFO] kitbashing item content/items/weapons/player/ranged/recievers/syn_phosphor_stubrevolver_01
04:06:34.649 [Lua] [MOD][extended_weapon_customization][INFO] kitbashing item content/items/weapons/player/ranged/underbarrels/owo_underbarrel_weapon_vesa_plasma_pistol_01_barrel_07
04:06:34.649 [Lua] [MOD][extended_weapon_customization][INFO] kitbashing item content/items/weapons/player/ranged/recievers/syn_phosphor_shotpistol_01
04:06:34.649 [Lua] [MOD][extended_weapon_customization][INFO] kitbashing item content/items/weapons/player/ranged/underbarrels/owo_underbarrel_weapon_vesa_plasma_pistol_01_stock_07
04:06:34.649 [Lua] [MOD][extended_weapon_customization][INFO] kitbashing item content/items/weapons/player/melee/grips/syn_left_shiv_riceflail_03
04:06:34.649 [Lua] [MOD][extended_weapon_customization][INFO] kitbashing item content/items/weapons/player/melee/shafts/syn_force_staff_shaft_upper_08
04:06:34.649 [Lua] [MOD][extended_weapon_customization][INFO] kitbashing item content/items/weapons/player/ranged/syn_rotary_motor_02
04:06:34.649 [Lua] [MOD][extended_weapon_customization][INFO] kitbashing item content/items/weapons/player/ranged/underbarrels/owo_underbarrel_weapon_veteran_guardsman_laspistol_plasma_pistol_01_07
04:06:34.649 [Lua] [MOD][extended_weapon_customization][INFO] kitbashing item content/items/weapons/player/ranged/syn_rotary_joint_01
04:06:34.649 [Lua] [MOD][extended_weapon_customization][INFO] kitbashing item content/items/weapons/player/melee/shafts/syn_thunder_hammer_shaft_07
04:06:34.649 [Lua] [MOD][extended_weapon_customization][INFO] kitbashing item content/items/weapons/player/melee/shafts/syn_ogryn_pickaxe_shaft_01
04:06:34.649 [Lua] [MOD][extended_weapon_customization][INFO] kitbashing item content/items/weapons/player/melee/shafts/syn_ogryn_pickaxe_shaft_03
04:06:34.649 [Lua] [MOD][extended_weapon_customization][INFO] kitbashing item content/items/weapons/player/melee/shafts/syn_ogryn_pickaxe_shaft_04
04:06:34.649 [Lua] [MOD][extended_weapon_customization][INFO] kitbashing item content/items/weapons/player/melee/shafts/syn_ogryn_pickaxe_shaft_05
04:06:34.649 [Lua] [MOD][extended_weapon_customization][INFO] kitbashing item content/items/weapons/player/melee/shafts/syn_ogryn_pickaxe_shaft_06
04:06:34.649 [Lua] [MOD][extended_weapon_customization][INFO] kitbashing item content/items/weapons/player/ranged/underbarrels/owo_underbarrel_weapon_vesa_plasma_pistol_01_barrel_08
04:06:34.649 [Lua] [MOD][extended_weapon_customization][INFO] kitbashing item content/items/weapons/player/shields/ogryn_assault_shield_02
04:06:34.649 [Lua] [MOD][extended_weapon_customization][INFO] kitbashing item content/items/weapons/player/ranged/underbarrels/owo_underbarrel_weapon_vesa_plasma_pistol_01_stock_08
04:06:34.649 [Lua] [MOD][extended_weapon_customization][INFO] kitbashing item content/items/weapons/player/melee/pommels/syn_2h_power_sword_pommel_05
04:06:34.649 [Lua] [MOD][extended_weapon_customization][INFO] kitbashing item content/items/weapons/player/melee/pommels/syn_power_falchion_pommel_02
04:06:34.649 [Lua] [MOD][extended_weapon_customization][INFO] kitbashing item content/items/weapons/player/melee/pommels/syn_thunder_hammer_pommel_01
04:06:34.649 [Lua] [MOD][extended_weapon_customization][INFO] kitbashing item content/items/weapons/player/ranged/underbarrels/owo_underbarrel_weapon_veteran_guardsman_laspistol_plasma_pistol_01_08
04:06:34.649 [Lua] [MOD][extended_weapon_customization][INFO] kitbashing item content/items/weapons/player/melee/pommels/syn_thunder_hammer_pommel_03
04:06:34.650 [Lua] [MOD][extended_weapon_customization][INFO] kitbashing item content/items/weapons/player/melee/pommels/syn_thunder_hammer_pommel_ml01
04:06:34.650 [Lua] [MOD][extended_weapon_customization][INFO] kitbashing item content/items/weapons/player/melee/pommels/syn_2h_force_sword_pommel_01
04:06:34.650 [Lua] [MOD][extended_weapon_customization][INFO] kitbashing item content/items/weapons/player/melee/pommels/syn_2h_force_sword_pommel_05
04:06:34.650 [Lua] [MOD][extended_weapon_customization][INFO] kitbashing item content/items/weapons/player/melee/pommels/syn_2h_force_sword_pommel_ml01
04:06:34.650 [Lua] [MOD][extended_weapon_customization][INFO] kitbashing item content/items/weapons/player/melee/pommels/syn_2h_power_maul_pommel_02
04:06:34.650 [Lua] [MOD][extended_weapon_customization][INFO] kitbashing item content/items/weapons/player/melee/pommels/syn_2h_power_maul_pommel_04
04:06:34.650 [Lua] [MOD][extended_weapon_customization][INFO] kitbashing item content/items/weapons/player/ranged/underbarrels/owo_underbarrel_weapon_vesa_plasma_pistol_01_barrel_ml01
04:06:34.650 [Lua] [MOD][extended_weapon_customization][INFO] kitbashing item content/items/weapons/player/melee/pommels/syn_2h_power_maul_pommel_07
04:06:34.650 [Lua] [MOD][extended_weapon_customization][INFO] kitbashing item content/items/weapons/player/ranged/underbarrels/owo_underbarrel_weapon_vesa_plasma_pistol_01_stock_ml01
04:06:34.650 [Lua] [MOD][extended_weapon_customization][INFO] kitbashing item content/items/weapons/player/melee/pommels/syn_axe_pommel_04
04:06:34.650 [Lua] [MOD][extended_weapon_customization][INFO] kitbashing item content/items/weapons/player/melee/pommels/syn_axe_pommel_ml01
04:06:34.650 [Lua] [MOD][extended_weapon_customization][INFO] kitbashing item content/items/weapons/player/melee/pommels/syn_hatchet_pommel_03
04:06:34.650 [Lua] [MOD][extended_weapon_customization][INFO] kitbashing item content/items/weapons/player/ranged/underbarrels/owo_underbarrel_weapon_veteran_guardsman_laspistol_plasma_pistol_01_ml01
04:06:34.650 [Lua] [MOD][extended_weapon_customization][INFO] kitbashing item content/items/weapons/player/melee/pommels/syn_ogryn_pickaxe_2h_pommel_01
04:06:34.650 [Lua] [MOD][extended_weapon_customization][INFO] kitbashing item content/items/weapons/player/melee/pommels/syn_ogryn_pickaxe_2h_pommel_02
04:06:34.650 [Lua] [MOD][extended_weapon_customization][INFO] kitbashing item content/items/weapons/player/melee/pommels/syn_ogryn_pickaxe_2h_pommel_04
04:06:34.650 [Lua] [MOD][extended_weapon_customization][INFO] kitbashing item content/items/weapons/player/melee/pommels/syn_ogryn_pickaxe_2h_pommel_07
04:06:34.650 [Lua] [MOD][extended_weapon_customization][INFO] kitbashing item content/items/weapons/player/melee/pommels/syn_ogryn_pickaxe_2h_pommel_ml01
04:06:34.650 [Lua] [MOD][extended_weapon_customization][INFO] kitbashing item content/items/weapons/player/melee/pommels/syn_power_sword_pommel_01
04:06:34.650 [Lua] [MOD][extended_weapon_customization][INFO] kitbashing item content/items/weapons/player/melee/pommels/syn_power_sword_pommel_03
04:06:34.650 [Lua] [MOD][extended_weapon_customization][INFO] kitbashing item content/items/weapons/player/ranged/underbarrels/owo_underbarrel_weapon_vesa_plasma_pistol_02
04:06:34.650 [Lua] [MOD][extended_weapon_customization][INFO] kitbashing item content/items/weapons/player/melee/pommels/syn_power_sword_pommel_06
04:06:34.650 [Lua] [MOD][extended_weapon_customization][INFO] kitbashing item content/items/weapons/player/ranged/underbarrels/owo_underbarrel_weapon_vesa_plasma_pistol_02_barrel_01
04:06:34.650 [Lua] [MOD][extended_weapon_customization][INFO] kitbashing item content/items/weapons/player/ranged/underbarrels/owo_underbarrel_weapon_vesa_plasma_pistol_02_stock_01
04:06:34.650 [Lua] [MOD][extended_weapon_customization][INFO] kitbashing item content/items/weapons/player/melee/pommels/syn_power_maul_pommel_03
04:06:34.650 [Lua] [MOD][extended_weapon_customization][INFO] kitbashing item content/items/weapons/player/melee/pommels/syn_power_maul_pommel_04
04:06:34.650 [Lua] [MOD][extended_weapon_customization][INFO] kitbashing item content/items/weapons/player/ranged/underbarrels/owo_underbarrel_weapon_veteran_guardsman_laspistol_plasma_pistol_02_01
04:06:34.650 [Lua] [MOD][extended_weapon_customization][INFO] kitbashing item content/items/weapons/player/melee/pommels/syn_power_maul_pommel_06
04:06:34.650 [Lua] [MOD][extended_weapon_customization][INFO] kitbashing item content/items/weapons/player/melee/pommels/syn_force_sword_pommel_01
04:06:34.650 [Lua] [MOD][extended_weapon_customization][INFO] kitbashing item content/items/weapons/player/melee/pommels/syn_force_sword_pommel_02
04:06:34.650 [Lua] [MOD][extended_weapon_customization][INFO] kitbashing item content/items/weapons/player/melee/pommels/syn_force_sword_pommel_03
04:06:34.650 [Lua] [MOD][extended_weapon_customization][INFO] kitbashing item content/items/weapons/player/melee/pommels/syn_force_sword_pommel_05
04:06:34.650 [Lua] [MOD][extended_weapon_customization][INFO] kitbashing item content/items/weapons/player/melee/pommels/syn_force_sword_pommel_ml01
04:06:34.650 [Lua] [MOD][extended_weapon_customization][INFO] kitbashing item content/items/weapons/player/melee/chains/syn_chain_axe_chain_01
04:06:34.650 [Lua] [MOD][extended_weapon_customization][INFO] kitbashing item content/items/weapons/player/ranged/underbarrels/owo_underbarrel_weapon_vesa_plasma_pistol_02_barrel_02
04:06:34.650 [Lua] [MOD][extended_weapon_customization][INFO] kitbashing item content/items/weapons/player/ranged/underbarrels/owo_underbarrel_weapon_vesa_plasma_pistol_02_stock_02
04:06:34.650 [Lua] [MOD][extended_weapon_customization][INFO] kitbashing item content/items/weapons/player/melee/grips/syn_combatsword_ml01_shiv
04:06:34.650 [Lua] [MOD][extended_weapon_customization][INFO] kitbashing item content/items/weapons/player/ranged/sights/syn_reflex_sight_02a_ripper
04:06:34.650 [Lua] [MOD][extended_weapon_customization][INFO] kitbashing item content/items/weapons/player/ranged/underbarrels/owo_underbarrel_weapon_veteran_guardsman_laspistol_plasma_pistol_02_02
04:06:34.650 [Lua] [MOD][extended_weapon_customization][INFO] kitbashing item content/items/weapons/player/ranged/sights/syn_reflex_sight_01_ripper
04:06:34.650 [Lua] [MOD][extended_weapon_customization][INFO] kitbashing item content/items/weapons/player/melee/grips/syn_combatsword_05_shiv
04:06:34.650 [Lua] [MOD][extended_weapon_customization][INFO] kitbashing item content/items/weapons/player/ranged/sights/aquilon_scope_05c_ripper
04:06:34.650 [Lua] [MOD][extended_weapon_customization][INFO] kitbashing item content/items/weapons/player/ranged/sights/aquilon_scope_05b_ripper
04:06:34.650 [Lua] [MOD][extended_weapon_customization][INFO] kitbashing item content/items/weapons/player/melee/grips/syn_combatsword_02_shiv
04:06:34.650 [Lua] [MOD][extended_weapon_customization][INFO] kitbashing item content/items/weapons/player/ranged/sights/aquilon_scope_05_ripper
04:06:34.650 [Lua] [MOD][extended_weapon_customization][INFO] kitbashing item content/items/weapons/player/ranged/barrels/syn_ripper_autogun_barrel_13
04:06:34.650 [Lua] [MOD][extended_weapon_customization][INFO] kitbashing item content/items/weapons/player/ranged/underbarrels/owo_underbarrel_weapon_vesa_plasma_pistol_02_barrel_03
04:06:34.650 [Lua] [MOD][extended_weapon_customization][INFO] kitbashing item content/items/weapons/player/ranged/underbarrels/owo_underbarrel_weapon_vesa_plasma_pistol_02_stock_03
04:06:34.650 [Lua] [MOD][extended_weapon_customization][INFO] kitbashing item content/items/weapons/player/ranged/barrels/syn_ripper_autogun_barrel_10
04:06:34.650 [Lua] [MOD][extended_weapon_customization][INFO] kitbashing item content/items/weapons/player/ranged/barrels/syn_ripper_autogun_barrel_07
04:06:34.650 [Lua] [MOD][extended_weapon_customization][INFO] kitbashing item content/items/weapons/player/ranged/underbarrels/owo_underbarrel_weapon_veteran_guardsman_laspistol_plasma_pistol_02_03
04:06:34.650 [Lua] [MOD][extended_weapon_customization][INFO] kitbashing item content/items/weapons/player/ranged/barrels/syn_ripper_autogun_barrel_04
04:06:34.650 [Lua] [MOD][extended_weapon_customization][INFO] kitbashing item content/items/weapons/player/melee/grips/syn_combatknife_06_shiv
04:06:34.650 [Lua] [MOD][extended_weapon_customization][INFO] kitbashing item content/items/weapons/player/ranged/magazines/syn_vectormag_auto_05a
04:06:34.650 [Lua] [MOD][extended_weapon_customization][INFO] kitbashing item content/items/weapons/player/ranged/magazines/syn_vectormag_auto_02a
04:06:34.650 [Lua] [MOD][extended_weapon_customization][INFO] kitbashing item content/items/weapons/player/melee/grips/syn_combatknife_03_shiv
04:06:34.650 [Lua] [MOD][extended_weapon_customization][INFO] kitbashing item content/items/weapons/player/ranged/magazines/syn_aquilon_magdrum_01_helbore_vec
04:06:34.650 [Lua] [MOD][extended_weapon_customization][INFO] kitbashing item content/items/weapons/player/ranged/barrels/syn_ripper_primaris_barrel_04
04:06:34.650 [Lua] [MOD][extended_weapon_customization][INFO] kitbashing item content/items/weapons/player/ranged/underbarrels/owo_underbarrel_weapon_vesa_plasma_pistol_02_barrel_04
04:06:34.650 [Lua] [MOD][extended_weapon_customization][INFO] kitbashing item content/items/weapons/player/ranged/underbarrels/owo_underbarrel_weapon_vesa_plasma_pistol_02_stock_04
04:06:34.650 [Lua] [MOD][extended_weapon_customization][INFO] kitbashing item content/items/weapons/player/melee/grips/syn_ogryn_combatblade_grip_ml01_shiv
04:06:34.650 [Lua] [MOD][extended_weapon_customization][INFO] kitbashing item content/items/weapons/player/ranged/magazines/syn_dual_lasgun_pistol_magazine_ml01
04:06:34.650 [Lua] [MOD][extended_weapon_customization][INFO] kitbashing item content/items/weapons/player/ranged/underbarrels/owo_underbarrel_weapon_veteran_guardsman_laspistol_plasma_pistol_02_04
04:06:34.650 [Lua] [MOD][extended_weapon_customization][INFO] kitbashing item content/items/weapons/player/ranged/magazines/syn_dual_lasgun_pistol_magazine_base
04:06:34.650 [Lua] [MOD][extended_weapon_customization][INFO] kitbashing item content/items/weapons/player/ranged/receiver_extension/slim_ammo_counter_01
04:06:34.650 [Lua] [MOD][extended_weapon_customization][INFO] kitbashing item content/items/weapons/player/ranged/galvanic_filler
04:06:34.650 [Lua] [MOD][extended_weapon_customization][INFO] kitbashing item content/items/weapons/player/ranged/receiver_extension/slim_ammo_counter_01a
04:06:34.650 [Lua] [MOD][extended_weapon_customization][INFO] kitbashing item content/items/weapons/player/ranged/receiver_extension/halo_ammo_counter_01
04:06:34.650 [Lua] [MOD][extended_weapon_customization][INFO] kitbashing item content/items/weapons/player/ranged/sights/combat_shotgun_sight_02
04:06:34.650 [Lua] [MOD][extended_weapon_customization][INFO] kitbashing item content/items/weapons/player/melee/grips/syn_ogryn_combatblade_grip_07_shiv
04:06:34.650 [Lua] [MOD][extended_weapon_customization][INFO] kitbashing item content/items/weapons/player/ranged/underbarrels/owo_underbarrel_weapon_vesa_plasma_pistol_02_barrel_05
04:06:34.650 [Lua] [MOD][extended_weapon_customization][INFO] kitbashing item content/items/weapons/player/ranged/underbarrels/owo_underbarrel_weapon_vesa_plasma_pistol_02_stock_05
04:06:34.650 [Lua] [MOD][extended_weapon_customization][INFO] kitbashing item content/items/weapons/player/ranged/barrels/combat_shotgun_barrel_05
04:06:34.650 [Lua] [MOD][extended_weapon_customization][INFO] kitbashing item content/items/weapons/player/ranged/barrels/combat_shotgun_barrel_06
04:06:34.650 [Lua] [MOD][extended_weapon_customization][INFO] kitbashing item content/items/weapons/player/ranged/barrels/combat_shotgun_barrel_07
04:06:34.650 [Lua] [MOD][extended_weapon_customization][INFO] kitbashing item content/items/weapons/player/ranged/barrels/combat_shotgun_barrel_08
04:06:34.650 [Lua] [MOD][extended_weapon_customization][INFO] kitbashing item content/items/weapons/player/ranged/barrels/combat_shotgun_barrel_09
04:06:34.650 [Lua] [MOD][extended_weapon_customization][INFO] kitbashing item content/items/weapons/player/ranged/barrels/combat_shotgun_barrel_10
04:06:34.650 [Lua] [MOD][extended_weapon_customization][INFO] kitbashing item content/items/weapons/player/ranged/barrels/combat_shotgun_barrel_ml01
04:06:34.650 [Lua] [MOD][extended_weapon_customization][INFO] kitbashing item content/items/weapons/player/ranged/sights/simple_holosight_01
04:06:34.650 [Lua] [MOD][extended_weapon_customization][INFO] kitbashing item content/items/weapons/player/ranged/rails/stubrevolver_rail_01
04:06:34.651 [Lua] [MOD][extended_weapon_customization][INFO] kitbashing item content/items/weapons/player/ranged/grips/exterminator_shotgun_grip_deluxe01
04:06:34.651 [Lua] [MOD][extended_weapon_customization][INFO] kitbashing item content/items/weapons/player/ranged/grips/melta_gun_grip_01
04:06:34.651 [Lua] [MOD][extended_weapon_customization][INFO] kitbashing item content/items/weapons/player/ranged/grips/omnissiah_flamer_grip_01
04:06:34.651 [Lua] [MOD][extended_weapon_customization][INFO] kitbashing item content/items/weapons/player/ranged/grips/fancy_grip_01
04:06:34.651 [Lua] [MOD][extended_weapon_customization][INFO] kitbashing item content/items/weapons/player/ranged/stocks/folding_stock_05
04:06:34.651 [Lua] [MOD][extended_weapon_customization][INFO] kitbashing item content/items/weapons/player/ranged/stocks/galvanic_padless_stock_01
04:06:34.651 [Lua] [MOD][extended_weapon_customization][INFO] kitbashing item content/items/weapons/player/melee/pommels/relic_blade_pommel_02
04:06:34.651 [Lua] [MOD][extended_weapon_customization][INFO] kitbashing item content/items/weapons/player/melee/pommels/spicy_falchion_pommel_01
04:06:34.651 [Lua] [MOD][extended_weapon_customization][INFO] kitbashing item content/items/weapons/player/ranged/magazines/stubrevolver_cylinder_05
04:06:34.651 [Lua] [MOD][extended_weapon_customization][INFO] kitbashing item content/items/weapons/player/ranged/magazines/stubber_magazine_01
04:06:34.651 [Lua] [MOD][extended_weapon_customization][INFO] kitbashing item content/items/weapons/player/ranged/magazines/stubber_magazine_02
04:06:34.651 [Lua] [MOD][extended_weapon_customization][INFO] kitbashing item content/items/weapons/player/ranged/magazines/stubber_magazine_03
04:06:34.651 [Lua] [MOD][extended_weapon_customization][INFO] kitbashing item content/items/weapons/player/ranged/magazines/stubber_magazine_04
04:06:34.651 [Lua] [MOD][extended_weapon_customization][INFO] kitbashing item content/items/weapons/player/ranged/magazines/stubber_magazine_05
04:06:34.651 [Lua] [MOD][extended_weapon_customization][INFO] kitbashing item content/items/weapons/player/ranged/magazines/autopistol_magazine_01
04:06:34.651 [Lua] [MOD][extended_weapon_customization][INFO] kitbashing item content/items/weapons/player/ranged/body/phosphor_shotpistol_body_01
04:06:34.651 [Lua] [MOD][extended_weapon_customization][INFO] kitbashing item content/items/weapons/player/melee/body/chain_sword_body_03
04:06:34.651 [Lua] [MOD][extended_weapon_customization][INFO] kitbashing item content/items/weapons/player/melee/body/2h_chain_sword_body_01
04:06:34.651 [Lua] [MOD][extended_weapon_customization][INFO] kitbashing item content/items/weapons/player/melee/ogryn/syn_battle_axe_head_12
04:06:34.651 [Lua] [MOD][extended_weapon_customization][INFO] kitbashing item content/items/weapons/player/melee/ogryn/syn_battle_axe_head_09
04:06:34.651 [Lua] [MOD][extended_weapon_customization][INFO] kitbashing item content/items/weapons/player/melee/grips/syn_ogryn_combatblade_grip_04_shiv
04:06:34.651 [Lua] [MOD][extended_weapon_customization][INFO] kitbashing item content/items/weapons/player/ranged/magazines/syn_heavy_plasmamagazine_06
04:06:34.651 [Lua] [MOD][extended_weapon_customization][INFO] kitbashing item content/items/weapons/player/melee/shields/syn_shield_doomguy_01_ogryn
04:06:34.651 [Lua] [MOD][extended_weapon_customization][INFO] kitbashing item content/items/weapons/player/melee/grips/syn_ogryn_combatblade_grip_01_shiv
04:06:34.651 [Lua] [MOD][extended_weapon_customization][INFO] kitbashing item content/items/weapons/player/melee/shields/syn_ogryn_shield_crusader_01
04:06:34.651 [Lua] [MOD][extended_weapon_customization][INFO] kitbashing item content/items/weapons/player/ranged/underbarrels/owo_underbarrel_weapon_vesa_plasma_pistol_02_barrel_08
04:06:34.651 [Lua] [MOD][extended_weapon_customization][INFO] kitbashing item content/items/weapons/player/ranged/underbarrels/owo_underbarrel_weapon_vesa_plasma_pistol_02_stock_08
04:06:34.651 [Lua] [MOD][extended_weapon_customization][INFO] kitbashing item content/items/weapons/player/melee/head/syn_ogryn_flail_crusher_05
04:06:34.651 [Lua] [MOD][extended_weapon_customization][INFO] kitbashing item content/items/weapons/player/melee/head/syn_ogryn_flail_crusher_04
04:06:34.651 [Lua] [MOD][extended_weapon_customization][INFO] kitbashing item content/items/weapons/player/ranged/underbarrels/owo_underbarrel_weapon_veteran_guardsman_laspistol_plasma_pistol_02_08
04:06:34.651 [Lua] [MOD][extended_weapon_customization][INFO] kitbashing item content/items/weapons/player/melee/head/syn_ogryn_flail_crusher_03
04:06:34.651 [Lua] [MOD][extended_weapon_customization][INFO] kitbashing item content/items/weapons/player/melee/head/syn_ogryn_flail_crusher_02
04:06:34.651 [Lua] [MOD][extended_weapon_customization][INFO] kitbashing item content/items/weapons/player/melee/grips/syn_hatchet_body_03_crowbar
04:06:34.651 [Lua] [MOD][extended_weapon_customization][INFO] kitbashing item content/items/weapons/player/melee/head/syn_ogryn_flail_maul_ml01
04:06:34.651 [Lua] [MOD][extended_weapon_customization][INFO] kitbashing item content/items/weapons/player/melee/head/syn_ogryn_flail_maul_02
04:06:34.651 [Lua] [MOD][extended_weapon_customization][INFO] kitbashing item content/items/weapons/player/melee/grips/syn_combataxe_body_ml01_crowbar
04:06:34.651 [Lua] [MOD][extended_weapon_customization][INFO] kitbashing item content/items/weapons/player/ranged/syn_ammobelt_backpack_01
04:06:34.651 [Lua] [MOD][extended_weapon_customization][INFO] kitbashing item content/items/weapons/player/ranged/underbarrels/owo_underbarrel_weapon_vesa_plasma_pistol_02_barrel_ml01
04:06:34.651 [Lua] [MOD][extended_weapon_customization][INFO] kitbashing item content/items/weapons/player/ranged/underbarrels/owo_underbarrel_weapon_vesa_plasma_pistol_02_stock_ml01
04:06:34.651 [Lua] [MOD][extended_weapon_customization][INFO] kitbashing item content/items/weapons/player/melee/heads/syn_ogryn_powersword_03
04:06:34.651 [Lua] [MOD][extended_weapon_customization][INFO] kitbashing item content/items/weapons/player/melee/heads/syn_ogryn_custodes_01
04:06:34.651 [Lua] [MOD][extended_weapon_customization][INFO] kitbashing item content/items/weapons/player/ranged/underbarrels/owo_underbarrel_weapon_veteran_guardsman_laspistol_plasma_pistol_02_ml01
04:06:34.651 [Lua] [MOD][extended_weapon_customization][INFO] kitbashing item content/items/weapons/player/ranged/syn_stock_extension_00
04:06:34.651 [Lua] [MOD][extended_weapon_customization][INFO] kitbashing item content/items/weapons/player/melee/grips/syn_combataxe_body_01_crowbar
04:06:34.651 [Lua] [MOD][extended_weapon_customization][INFO] kitbashing item content/items/weapons/player/melee/heads/syn_pickaxe_shovel_head_05
04:06:34.651 [Lua] [MOD][extended_weapon_customization][INFO] kitbashing item content/items/weapons/player/melee/heads/syn_pickaxe_shovel_head_02
04:06:34.651 [Lua] [MOD][extended_weapon_customization][INFO] kitbashing item content/items/weapons/player/ranged/stocks/syn_reinforced_stock_block_01
04:06:34.651 [Lua] [MOD][extended_weapon_customization][INFO] kitbashing item content/items/weapons/player/melee/syn_spike/syn_spike_05
04:06:34.651 [Lua] [MOD][extended_weapon_customization][INFO] kitbashing item content/items/weapons/player/ranged/stocks/syn_reinforced_stock_main_06
04:06:34.651 [Lua] [MOD][extended_weapon_customization][INFO] kitbashing item content/items/weapons/player/ranged/underbarrels/owo_underbarrel_weapon_vesa_plasma_pistol_03
04:06:34.651 [Lua] [MOD][extended_weapon_customization][INFO] kitbashing item content/items/weapons/player/melee/pickaxe/syn_battle_axe_head_13
04:06:34.651 [Lua] [MOD][extended_weapon_customization][INFO] kitbashing item content/items/weapons/player/ranged/underbarrels/owo_underbarrel_weapon_vesa_plasma_pistol_03_barrel_01
04:06:34.651 [Lua] [MOD][extended_weapon_customization][INFO] kitbashing item content/items/weapons/player/ranged/underbarrels/owo_underbarrel_weapon_vesa_plasma_pistol_03_stock_01
04:06:34.651 [Lua] [MOD][extended_weapon_customization][INFO] kitbashing item content/items/weapons/player/melee/syn_spike/syn_spike_02
04:06:34.651 [Lua] [MOD][extended_weapon_customization][INFO] kitbashing item content/items/weapons/player/melee/pickaxe/syn_battle_axe_head_10
04:06:34.651 [Lua] [MOD][extended_weapon_customization][INFO] kitbashing item content/items/weapons/player/ranged/underbarrels/owo_underbarrel_weapon_veteran_guardsman_laspistol_plasma_pistol_03_01
04:06:34.651 [Lua] [MOD][extended_weapon_customization][INFO] kitbashing item content/items/weapons/player/melee/pickaxe/syn_battle_axe_head_09
04:06:34.651 [Lua] [MOD][extended_weapon_customization][INFO] kitbashing item content/items/weapons/player/melee/heads/syn_crowbar_bladeguard_ml01
04:06:34.651 [Lua] [MOD][extended_weapon_customization][INFO] kitbashing item content/items/weapons/player/melee/pickaxe/syn_battle_axe_head_07
04:06:34.651 [Lua] [MOD][extended_weapon_customization][INFO] kitbashing item content/items/weapons/player/melee/pickaxe/syn_battle_axe_head_04
04:06:34.651 [Lua] [MOD][extended_weapon_customization][INFO] kitbashing item content/items/weapons/player/melee/pickaxe/syn_battle_axe_head_01
04:06:34.651 [Lua] [MOD][extended_weapon_customization][INFO] kitbashing item content/items/weapons/player/melee/ogryn/syn_2h_powermaul_shaft_06
04:06:34.651 [Lua] [MOD][extended_weapon_customization][INFO] kitbashing item content/items/weapons/player/melee/syn_holymoonlight_grip
04:06:34.651 [Lua] [MOD][extended_weapon_customization][INFO] kitbashing item content/items/weapons/player/ranged/underbarrels/owo_underbarrel_weapon_vesa_plasma_pistol_03_barrel_02
04:06:34.651 [Lua] [MOD][extended_weapon_customization][INFO] kitbashing item content/items/weapons/player/ranged/underbarrels/owo_underbarrel_weapon_vesa_plasma_pistol_03_stock_02
04:06:34.651 [Lua] [MOD][extended_weapon_customization][INFO] kitbashing item content/items/weapons/player/melee/syn_frostmourne_grip_alt
04:06:34.651 [Lua] [MOD][extended_weapon_customization][INFO] kitbashing item content/items/weapons/player/ranged/receiver_extension/ma5_body_19
04:06:34.651 [Lua] [MOD][extended_weapon_customization][INFO] kitbashing item content/items/weapons/player/ranged/underbarrels/owo_underbarrel_weapon_veteran_guardsman_laspistol_plasma_pistol_03_02
04:06:34.651 [Lua] [MOD][extended_weapon_customization][INFO] kitbashing item content/items/weapons/player/ranged/receiver_extension/ma5_body_16
04:06:34.651 [Lua] [MOD][extended_weapon_customization][INFO] kitbashing item content/items/weapons/player/ranged/receiver_extension/ma5_body_13
04:06:34.651 [Lua] [MOD][extended_weapon_customization][INFO] kitbashing item content/items/weapons/player/ranged/receiver_extension/ma5_body_10
04:06:34.651 [Lua] [MOD][extended_weapon_customization][INFO] kitbashing item content/items/weapons/player/ranged/receiver_extension/ma5_body_09
04:06:34.651 [Lua] [MOD][extended_weapon_customization][INFO] kitbashing item content/items/weapons/player/ranged/receiver_extension/ma5_body_07
04:06:34.651 [Lua] [MOD][extended_weapon_customization][INFO] kitbashing item content/items/weapons/player/ranged/receiver_extension/ma5_body_06
04:06:34.651 [Lua] [MOD][extended_weapon_customization][INFO] kitbashing item content/items/weapons/player/ranged/receiver_extension/ma5_body_04
04:06:34.651 [Lua] [MOD][extended_weapon_customization][INFO] kitbashing item content/items/weapons/player/ranged/underbarrels/owo_underbarrel_weapon_vesa_plasma_pistol_03_barrel_03
04:06:34.651 [Lua] [MOD][extended_weapon_customization][INFO] kitbashing item content/items/weapons/player/ranged/underbarrels/owo_underbarrel_weapon_vesa_plasma_pistol_03_stock_03
04:06:34.652 [Lua] [MOD][extended_weapon_customization][INFO] kitbashing item content/items/weapons/player/melee/grips/syn_combataxe_head_03_crowbar
04:06:34.652 [Lua] [MOD][extended_weapon_customization][INFO] kitbashing item content/items/weapons/player/melee/grips/syn_combataxe_head_02_crowbar
04:06:34.652 [Lua] [MOD][extended_weapon_customization][INFO] kitbashing item content/items/weapons/player/ranged/underbarrels/owo_underbarrel_weapon_veteran_guardsman_laspistol_plasma_pistol_03_03
04:06:34.652 [Lua] [MOD][extended_weapon_customization][INFO] kitbashing item content/items/weapons/player/melee/grips/syn_combataxe_head_01_crowbar
04:06:34.652 [Lua] [MOD][extended_weapon_customization][INFO] kitbashing item content/items/weapons/player/ranged/scope_bodies/aquilon_scope_outer_02a
04:06:34.652 [Lua] [MOD][extended_weapon_customization][INFO] kitbashing item content/items/weapons/player/ranged/scope_bodies/aquilon_scope_outer_01
04:06:34.652 [Lua] [MOD][extended_weapon_customization][INFO] kitbashing item content/items/weapons/player/ranged/scope_bodies/aquilon_scope_back_04
04:06:34.652 [Lua] [MOD][extended_weapon_customization][INFO] kitbashing item content/items/weapons/player/ranged/scope_bodies/aquilon_scope_front_04
04:06:34.652 [Lua] [MOD][extended_weapon_customization][INFO] kitbashing item content/items/weapons/player/ranged/scope_bodies/aquilon_scope_front_01a
04:06:34.652 [Lua] [MOD][extended_weapon_customization][INFO] kitbashing item content/items/weapons/player/ranged/magazines/syn_stubgun_ogryn_magazine_01
04:06:34.652 [Lua] [MOD][extended_weapon_customization][INFO] kitbashing item content/items/weapons/player/ranged/underbarrels/owo_underbarrel_weapon_vesa_plasma_pistol_03_barrel_04
04:06:34.652 [Lua] [MOD][extended_weapon_customization][INFO] kitbashing item content/items/weapons/player/ranged/underbarrels/owo_underbarrel_weapon_vesa_plasma_pistol_03_stock_04
04:06:34.652 [Lua] [MOD][extended_weapon_customization][INFO] kitbashing item content/items/weapons/player/ranged/magazines/syn_arc_rifle_magazine_01_single_stubber_low_voltage
04:06:34.652 [Lua] [MOD][extended_weapon_customization][INFO] kitbashing item content/items/weapons/player/ranged/magwell/syn_m41a_filler_ml
04:06:34.652 [Lua] [MOD][extended_weapon_customization][INFO] kitbashing item content/items/weapons/player/ranged/underbarrels/owo_underbarrel_weapon_veteran_guardsman_laspistol_plasma_pistol_03_04
04:06:34.652 [Lua] [MOD][extended_weapon_customization][INFO] kitbashing item content/items/weapons/player/ranged/magazines/syn_multilasercable_01
04:06:34.652 [Lua] [MOD][extended_weapon_customization][INFO] kitbashing item content/items/weapons/player/ranged/barrels/syn_autogun_barrel_20_twinheavystubber
04:06:34.652 [Lua] [MOD][extended_weapon_customization][INFO] kitbashing item content/items/weapons/player/ranged/barrels/syn_autogun_barrel_17_twinheavystubber
04:06:34.652 [Lua] [MOD][extended_weapon_customization][INFO] kitbashing item content/items/weapons/player/ranged/barrels/syn_autogun_barrel_14_twinheavystubber
04:06:34.652 [Lua] [MOD][extended_weapon_customization][INFO] kitbashing item content/items/weapons/player/ranged/barrels/syn_autogun_barrel_11_twinheavystubber
04:06:34.652 [Lua] [MOD][extended_weapon_customization][INFO] kitbashing item content/items/weapons/player/ranged/barrels/syn_autogun_barrel_05_twinheavystubber
04:06:34.652 [Lua] [MOD][extended_weapon_customization][INFO] kitbashing item content/items/weapons/player/ranged/barrels/syn_autogun_barrel_02_twinheavystubber
04:06:34.652 [Lua] [MOD][extended_weapon_customization][INFO] kitbashing item content/items/weapons/player/ranged/underbarrels/owo_underbarrel_weapon_vesa_plasma_pistol_03_barrel_05
04:06:34.652 [Lua] [MOD][extended_weapon_customization][INFO] kitbashing item content/items/weapons/player/ranged/underbarrels/owo_underbarrel_weapon_vesa_plasma_pistol_03_stock_05
04:06:34.652 [Lua] [MOD][extended_weapon_customization][INFO] kitbashing item content/items/weapons/player/ranged/barrels/syn_combatshotgun_barrel_10_twinheavystubber
04:06:34.652 [Lua] [MOD][extended_weapon_customization][INFO] kitbashing item content/items/weapons/player/ranged/barrels/syn_combatshotgun_barrel_07_twinheavystubber
04:06:34.652 [Lua] [MOD][extended_weapon_customization][INFO] kitbashing item content/items/weapons/player/ranged/underbarrels/owo_underbarrel_weapon_veteran_guardsman_laspistol_plasma_pistol_03_05
04:06:34.652 [Lua] [MOD][extended_weapon_customization][INFO] kitbashing item content/items/weapons/player/ranged/barrels/syn_combatshotgun_barrel_04_twinheavystubber
04:06:34.652 [Lua] [MOD][extended_weapon_customization][INFO] kitbashing item content/items/weapons/player/ranged/barrels/syn_ogryn_thompson_barrel_02
04:06:34.652 [Lua] [MOD][extended_weapon_customization][INFO] kitbashing item content/items/weapons/player/ranged/barrels/syn_arc_cannon_ml01
04:06:34.652 [Lua] [MOD][extended_weapon_customization][INFO] kitbashing item content/items/weapons/player/ranged/barrels/syn_stubgun_barrel_06
04:06:34.652 [Lua] [MOD][extended_weapon_customization][INFO] kitbashing item content/items/weapons/player/ranged/barrels/syn_stubgun_barrel_03
04:06:34.652 [Lua] [MOD][extended_weapon_customization][INFO] kitbashing item content/items/weapons/player/ranged/barrels/syn_multilaser_ml02
04:06:34.652 [Lua] [MOD][extended_weapon_customization][INFO] kitbashing item content/items/weapons/player/ranged/barrels/syn_multilaser_01
04:06:34.652 [Lua] [MOD][extended_weapon_customization][INFO] kitbashing item content/items/weapons/player/ranged/underbarrels/owo_underbarrel_weapon_vesa_plasma_pistol_03_barrel_06
04:06:34.652 [Lua] [MOD][extended_weapon_customization][INFO] kitbashing item content/items/weapons/player/ranged/underbarrels/owo_underbarrel_weapon_vesa_plasma_pistol_03_stock_06
04:06:34.652 [Lua] [MOD][extended_weapon_customization][INFO] kitbashing item content/items/weapons/player/ranged/receivers/syn_stubgun_ogryn_receiver_ml01
04:06:34.652 [Lua] [MOD][extended_weapon_customization][INFO] kitbashing item content/items/weapons/player/ranged/receivers/syn_arc_stubgun_ogryn_receiver_01
04:06:34.652 [Lua] [MOD][extended_weapon_customization][INFO] kitbashing item content/items/weapons/player/ranged/underbarrels/owo_underbarrel_weapon_veteran_guardsman_laspistol_plasma_pistol_03_06
04:06:34.652 [Lua] [MOD][extended_weapon_customization][INFO] kitbashing item content/items/weapons/player/ranged/receivers/syn_arc_cannon_receiver_01
04:06:34.652 [Lua] [MOD][extended_weapon_customization][INFO] kitbashing item content/items/weapons/player/ranged/grips/syn_stubber_handle_ml01
04:06:34.652 [Lua] [MOD][extended_weapon_customization][INFO] kitbashing item content/items/weapons/player/ranged/grips/syn_stubber_handle_06
04:06:34.652 [Lua] [MOD][extended_weapon_customization][INFO] kitbashing item content/items/weapons/player/ranged/grips/syn_stubber_handle_03
04:06:34.652 [Lua] [MOD][extended_weapon_customization][INFO] kitbashing item content/items/weapons/player/ranged/grips/syn_stubber_handle_00
04:06:34.652 [Lua] [MOD][extended_weapon_customization][INFO] kitbashing item content/items/weapons/player/melee/heads/syn_hatchet_head_02
04:06:34.652 [Lua] [MOD][extended_weapon_customization][INFO] kitbashing item content/items/weapons/player/ranged/stocks/syn_reinforcedstock_outer
04:06:34.652 [Lua] [MOD][extended_weapon_customization][INFO] kitbashing item content/items/weapons/player/ranged/underbarrels/owo_underbarrel_weapon_vesa_plasma_pistol_03_barrel_07
04:06:34.652 [Lua] [MOD][extended_weapon_customization][INFO] kitbashing item content/items/weapons/player/ranged/underbarrels/owo_underbarrel_weapon_vesa_plasma_pistol_03_stock_07
04:06:34.652 [Lua] [MOD][extended_weapon_customization][INFO] kitbashing item content/items/weapons/player/melee/heads/syn_axe_head_02
04:06:34.652 [Lua] [MOD][extended_weapon_customization][INFO] kitbashing item content/items/weapons/player/ranged/magwell/syn_m41a_magwell_04_laspistol
04:06:34.652 [Lua] [MOD][extended_weapon_customization][INFO] kitbashing item content/items/weapons/player/ranged/underbarrels/owo_underbarrel_weapon_veteran_guardsman_laspistol_plasma_pistol_03_07
04:06:34.652 [Lua] [MOD][extended_weapon_customization][INFO] kitbashing item content/items/weapons/player/ranged/magwell/syn_m41a_magwell_01_laspistol
04:06:34.652 [Lua] [MOD][extended_weapon_customization][INFO] kitbashing item content/items/weapons/player/ranged/barrels/syn_stub_pistol_barrel_las_01
04:06:34.652 [Lua] [MOD][extended_weapon_customization][INFO] kitbashing item content/items/weapons/player/ranged/grips/syn_stub_pistol_grip_01
04:06:34.652 [Lua] [MOD][extended_weapon_customization][INFO] kitbashing item content/items/weapons/player/ranged/receivers/syn_stub_pistol_receiver_las_deluxe02
04:06:34.652 [Lua] [MOD][extended_weapon_customization][INFO] kitbashing item content/items/weapons/player/ranged/receivers/syn_stub_pistol_receiver_las_01
04:06:34.652 [Lua] [MOD][extended_weapon_customization][INFO] kitbashing item content/items/weapons/player/ranged/sights/syn_lasgun_rifle_elysian_sight_01
04:06:34.652 [Lua] [MOD][extended_weapon_customization][INFO] kitbashing item content/items/weapons/player/ranged/receiver_extension/ma5_compact_extension_19
04:06:34.652 [Lua] [MOD][extended_weapon_customization][INFO] kitbashing item content/items/weapons/player/ranged/underbarrels/owo_underbarrel_weapon_vesa_plasma_pistol_03_barrel_08
04:06:34.652 [Lua] [MOD][extended_weapon_customization][INFO] kitbashing item content/items/weapons/player/ranged/underbarrels/owo_underbarrel_weapon_vesa_plasma_pistol_03_stock_08
04:06:34.652 [Lua] [MOD][extended_weapon_customization][INFO] kitbashing item content/items/weapons/player/ranged/receiver_extension/ma5_compact_extension_16
04:06:34.652 [Lua] [MOD][extended_weapon_customization][INFO] kitbashing item content/items/weapons/player/ranged/receiver_extension/ma5_compact_extension_10
04:06:34.652 [Lua] [MOD][extended_weapon_customization][INFO] kitbashing item content/items/weapons/player/ranged/underbarrels/owo_underbarrel_weapon_veteran_guardsman_laspistol_plasma_pistol_03_08
04:06:34.652 [Lua] [MOD][extended_weapon_customization][INFO] kitbashing item content/items/weapons/player/ranged/receiver_extension/ma5_compact_extension_07
04:06:34.652 [Lua] [MOD][extended_weapon_customization][INFO] kitbashing item content/items/weapons/player/ranged/receiver_extension/ma5_compact_extension_06
04:06:34.652 [Lua] [MOD][extended_weapon_customization][INFO] kitbashing item content/items/weapons/player/ranged/receiver_extension/ma5_compact_extension_05
04:06:34.652 [Lua] [MOD][extended_weapon_customization][INFO] kitbashing item content/items/weapons/player/ranged/receiver_extension/ma5_compact_extension_04
04:06:34.652 [Lua] [MOD][extended_weapon_customization][INFO] kitbashing item content/items/weapons/player/ranged/receiver_extension/ma5_compact_extension_02
04:06:34.652 [Lua] [MOD][extended_weapon_customization][INFO] kitbashing item content/items/weapons/player/ranged/receiver_extension/ma5_compact_extension_01
04:06:34.652 [Lua] [MOD][extended_weapon_customization][INFO] kitbashing item content/items/weapons/player/ranged/stocks/syn_pulse_rifle_stock_1
04:06:34.652 [Lua] [MOD][extended_weapon_customization][INFO] kitbashing item content/items/weapons/player/ranged/underbarrels/owo_underbarrel_weapon_vesa_plasma_pistol_03_barrel_ml01
04:06:34.652 [Lua] [MOD][extended_weapon_customization][INFO] kitbashing item content/items/weapons/player/ranged/underbarrels/owo_underbarrel_weapon_vesa_plasma_pistol_03_stock_ml01
04:06:34.652 [Lua] [MOD][extended_weapon_customization][INFO] kitbashing item content/items/weapons/player/ranged/stocks/syn_handguard_stock_06b_recon
04:06:34.652 [Lua] [MOD][extended_weapon_customization][INFO] kitbashing item content/items/weapons/player/ranged/stocks/syn_handguard_stock_05a_recon
04:06:34.652 [Lua] [MOD][extended_weapon_customization][INFO] kitbashing item content/items/weapons/player/ranged/underbarrels/owo_underbarrel_weapon_veteran_guardsman_laspistol_plasma_pistol_03_ml01
04:06:34.652 [Lua] [MOD][extended_weapon_customization][INFO] kitbashing item content/items/weapons/player/ranged/stocks/syn_handguard_stock_04c_recon
04:06:34.652 [Lua] [MOD][extended_weapon_customization][INFO] kitbashing item content/items/weapons/player/ranged/stocks/syn_handguard_stock_04_recon
04:06:34.652 [Lua] [MOD][extended_weapon_customization][INFO] kitbashing item content/items/weapons/player/ranged/stocks/syn_handguard_stock_03b_recon
04:06:34.652 [Lua] [MOD][extended_weapon_customization][INFO] kitbashing item content/items/weapons/player/ranged/stocks/syn_handguard_stock_02d_recon
04:06:34.652 [Lua] [MOD][extended_weapon_customization][INFO] kitbashing item content/items/weapons/player/ranged/stocks/syn_handguard_stock_02c_recon
04:06:34.652 [Lua] [MOD][extended_weapon_customization][INFO] kitbashing item content/items/weapons/player/ranged/stocks/syn_handguard_stock_02b_recon
04:06:34.652 [Lua] [MOD][extended_weapon_customization][INFO] kitbashing item content/items/weapons/player/melee/blade/syn_chainaxe_head_02_2h
04:06:34.652 [Lua] [MOD][extended_weapon_customization][INFO] kitbashing item content/items/weapons/player/ranged/underbarrels/owo_underbarrel_weapon_vesa_plasma_pistol_ml01
04:06:34.652 [Lua] [MOD][extended_weapon_customization][INFO] kitbashing item content/items/weapons/player/melee/blade/syn_chainaxe_head_01_2h
04:06:34.652 [Lua] [MOD][extended_weapon_customization][INFO] kitbashing item content/items/weapons/player/ranged/underbarrels/owo_underbarrel_weapon_vesa_plasma_pistol_ml01_barrel_01
04:06:34.652 [Lua] [MOD][extended_weapon_customization][INFO] kitbashing item content/items/weapons/player/ranged/underbarrels/owo_underbarrel_weapon_vesa_plasma_pistol_ml01_stock_01
04:06:34.652 [Lua] [MOD][extended_weapon_customization][INFO] kitbashing item content/items/weapons/player/ranged/magazines/syn_hag_magazine_06_recon
04:06:34.653 [Lua] [MOD][extended_weapon_customization][INFO] kitbashing item content/items/weapons/player/ranged/magazines/syn_hag_magazine_03_recon
04:06:34.653 [Lua] [MOD][extended_weapon_customization][INFO] kitbashing item content/items/weapons/player/ranged/underbarrels/owo_underbarrel_weapon_veteran_guardsman_laspistol_plasma_pistol_ml01_01
04:06:34.653 [Lua] [MOD][extended_weapon_customization][INFO] kitbashing item content/items/weapons/player/ranged/magazines/syn_taupulserifle_magazine_01_recon
04:06:34.653 [Lua] [MOD][extended_weapon_customization][INFO] kitbashing item content/items/weapons/player/ranged/magazines/syn_autogun_rifle_magazine_03_recon
04:06:34.653 [Lua] [MOD][extended_weapon_customization][INFO] kitbashing item content/items/weapons/player/ranged/magazines/syn_hellgun_magazine_01_drum_10
04:06:34.653 [Lua] [MOD][extended_weapon_customization][INFO] kitbashing item content/items/weapons/player/ranged/magazines/syn_hellgun_magazine_01_drum_07
04:06:34.653 [Lua] [MOD][extended_weapon_customization][INFO] kitbashing item content/items/weapons/player/ranged/magazines/syn_hellgun_magazine_01_drum_04
04:06:34.653 [Lua] [MOD][extended_weapon_customization][INFO] kitbashing item content/items/weapons/player/ranged/magazines/syn_hellgun_magazine_01_lasgun_ml
04:06:34.653 [Lua] [MOD][extended_weapon_customization][INFO] kitbashing item content/items/weapons/player/ranged/magazines/syn_aquilon_boxmag_01_recon
04:06:34.653 [Lua] [MOD][extended_weapon_customization][INFO] kitbashing item content/items/weapons/player/ranged/underbarrels/owo_underbarrel_weapon_vesa_plasma_pistol_ml01_barrel_02
04:06:34.653 [Lua] [MOD][extended_weapon_customization][INFO] kitbashing item content/items/weapons/player/ranged/underbarrels/owo_underbarrel_weapon_vesa_plasma_pistol_ml01_stock_02
04:06:34.653 [Lua] [MOD][extended_weapon_customization][INFO] kitbashing item content/items/weapons/player/ranged/magazines/syn_aquilon_magdrum_04_recon
04:06:34.653 [Lua] [MOD][extended_weapon_customization][INFO] kitbashing item content/items/weapons/player/ranged/magazines/syn_multilaser_magazine_01_recon
04:06:34.653 [Lua] [MOD][extended_weapon_customization][INFO] kitbashing item content/items/weapons/player/ranged/underbarrels/owo_underbarrel_weapon_veteran_guardsman_laspistol_plasma_pistol_ml01_02
04:06:34.653 [Lua] [MOD][extended_weapon_customization][INFO] kitbashing item content/items/weapons/player/ranged/magazines/syn_lasgun_pistol_magazine_03_recon
04:06:34.653 [Lua] [MOD][extended_weapon_customization][INFO] kitbashing item content/items/weapons/player/ranged/barrels/syn_tau_pulse_rifle_barrel_01
04:06:34.653 [Lua] [MOD][extended_weapon_customization][INFO] kitbashing item content/items/weapons/player/melee/syn_2h_chainsword_shaft_01
04:06:34.653 [Lua] [MOD][extended_weapon_customization][INFO] kitbashing item content/items/weapons/player/melee/blade/syn_double_chainaxe_head_ml01
04:06:34.653 [Lua] [MOD][extended_weapon_customization][INFO] kitbashing item content/items/weapons/player/melee/blade/syn_double_chainaxe_head_07
04:06:34.653 [Lua] [MOD][extended_weapon_customization][INFO] kitbashing item content/items/weapons/player/melee/blade/syn_double_chainaxe_head_06
04:06:34.653 [Lua] [MOD][extended_weapon_customization][INFO] kitbashing item content/items/weapons/player/ranged/recievers/syn_hellgun_receiver_01
04:06:34.653 [Lua] [MOD][extended_weapon_customization][INFO] kitbashing item content/items/weapons/player/ranged/underbarrels/owo_underbarrel_weapon_vesa_plasma_pistol_ml01_barrel_03
04:06:34.653 [Lua] [MOD][extended_weapon_customization][INFO] kitbashing item content/items/weapons/player/ranged/underbarrels/owo_underbarrel_weapon_vesa_plasma_pistol_ml01_stock_03
04:06:34.653 [Lua] [MOD][extended_weapon_customization][INFO] kitbashing item content/items/weapons/player/ranged/magazines/syn_aquilon_boxmag_01_lasgun
04:06:34.653 [Lua] [MOD][extended_weapon_customization][INFO] kitbashing item content/items/weapons/player/ranged/magazines/syn_hellgun_plug_00
04:06:34.653 [Lua] [MOD][extended_weapon_customization][INFO] kitbashing item content/items/weapons/player/ranged/underbarrels/owo_underbarrel_weapon_veteran_guardsman_laspistol_plasma_pistol_ml01_03
04:06:34.653 [Lua] [MOD][extended_weapon_customization][INFO] kitbashing item content/items/weapons/player/ranged/stocks/syn_gripstockcombo_22_helbore
04:06:34.653 [Lua] [MOD][extended_weapon_customization][INFO] kitbashing item content/items/weapons/player/ranged/stocks/syn_gripstockcombo_21_helbore
04:06:34.653 [Lua] [MOD][extended_weapon_customization][INFO] kitbashing item content/items/weapons/player/ranged/stocks/syn_gripstockcombo_20_helbore
04:06:34.653 [Lua] [MOD][extended_weapon_customization][INFO] kitbashing item content/items/weapons/player/ranged/stocks/syn_gripstockcombo_19_helbore
04:06:34.653 [Lua] [MOD][extended_weapon_customization][INFO] kitbashing item content/items/weapons/player/ranged/stocks/syn_gripstockcombo_15_helbore
04:06:34.653 [Lua] [MOD][extended_weapon_customization][INFO] kitbashing item content/items/weapons/player/ranged/stocks/syn_gripstockcombo_10_helbore
04:06:34.653 [Lua] [MOD][extended_weapon_customization][INFO] kitbashing item content/items/weapons/player/ranged/stocks/syn_gripstockcombo_07_helbore
04:06:34.653 [Lua] [MOD][extended_weapon_customization][INFO] kitbashing item content/items/weapons/player/ranged/underbarrels/owo_underbarrel_weapon_vesa_plasma_pistol_ml01_barrel_04
04:06:34.653 [Lua] [MOD][extended_weapon_customization][INFO] kitbashing item content/items/weapons/player/ranged/underbarrels/owo_underbarrel_weapon_vesa_plasma_pistol_ml01_stock_04
04:06:34.653 [Lua] [MOD][extended_weapon_customization][INFO] kitbashing item content/items/weapons/player/ranged/stocks/syn_gripstockcombo_06_helbore
04:06:34.653 [Lua] [MOD][extended_weapon_customization][INFO] kitbashing item content/items/weapons/player/melee/grips/syn_2h_chain_sword_grip_04_chainaxe
04:06:34.653 [Lua] [MOD][extended_weapon_customization][INFO] kitbashing item content/items/weapons/player/ranged/underbarrels/owo_underbarrel_weapon_veteran_guardsman_laspistol_plasma_pistol_ml01_04
04:06:34.653 [Lua] [MOD][extended_weapon_customization][INFO] kitbashing item content/items/weapons/player/ranged/grips/syn_assault_shotgun_grip_03_helbore
04:06:34.653 [Lua] [MOD][extended_weapon_customization][INFO] kitbashing item content/items/weapons/player/ranged/stocks/syn_reinforced_stock_helbore_01
04:06:34.653 [Lua] [MOD][extended_weapon_customization][INFO] kitbashing item content/items/weapons/player/ranged/stocks/syn_gripstockcombo_21_alt_helbore
04:06:34.653 [Lua] [MOD][extended_weapon_customization][INFO] kitbashing item content/items/weapons/player/ranged/stocks/syn_gripstockcombo_18_alt_helbore
04:06:34.653 [Lua] [MOD][extended_weapon_customization][INFO] kitbashing item content/items/weapons/player/ranged/stocks/mod_galvanic_stockless
04:06:34.653 [Lua] [MOD][extended_weapon_customization][INFO] kitbashing item content/items/weapons/player/ranged/stocks/mod_galvanic_stock_01
04:06:34.653 [Lua] [MOD][extended_weapon_customization][INFO] kitbashing item content/items/weapons/player/ranged/stocks/mod_galvanic_stock_02
04:06:34.653 [Lua] [MOD][extended_weapon_customization][INFO] kitbashing item content/items/weapons/player/ranged/underbarrels/owo_underbarrel_weapon_vesa_plasma_pistol_ml01_barrel_05
04:06:34.653 [Lua] [MOD][extended_weapon_customization][INFO] kitbashing item content/items/weapons/player/ranged/underbarrels/owo_underbarrel_weapon_vesa_plasma_pistol_ml01_stock_05
04:06:34.653 [Lua] [MOD][extended_weapon_customization][INFO] kitbashing item content/items/weapons/player/ranged/stocks/mod_galvanic_stock_04
04:06:34.653 [Lua] [MOD][extended_weapon_customization][INFO] kitbashing item content/items/weapons/player/ranged/underbarrels/no_galvanic_underbarrel_01
04:06:34.653 [Lua] [MOD][extended_weapon_customization][INFO] kitbashing item content/items/weapons/player/ranged/underbarrels/owo_underbarrel_weapon_veteran_guardsman_laspistol_plasma_pistol_ml01_05
04:06:34.653 [Lua] [MOD][extended_weapon_customization][INFO] kitbashing item content/items/weapons/player/ranged/receivers/mod_galvanic_receiver_02
04:06:34.653 [Lua] [MOD][extended_weapon_customization][INFO] kitbashing item content/items/weapons/player/ranged/barrels/galv_combat_shotgun_barrel_01
04:06:34.653 [Lua] [MOD][extended_weapon_customization][INFO] kitbashing item content/items/weapons/player/ranged/barrels/galv_combat_shotgun_barrel_04
04:06:34.653 [Lua] [MOD][extended_weapon_customization][INFO] kitbashing item content/items/weapons/player/ranged/barrels/galv_combat_shotgun_barrel_05
04:06:34.653 [Lua] [MOD][extended_weapon_customization][INFO] kitbashing item content/items/weapons/player/ranged/barrels/galv_combat_shotgun_barrel_06
04:06:34.653 [Lua] [MOD][extended_weapon_customization][INFO] kitbashing item content/items/weapons/player/ranged/barrels/galv_combat_shotgun_barrel_07
04:06:34.653 [Lua] [MOD][extended_weapon_customization][INFO] kitbashing item content/items/weapons/player/ranged/barrels/galv_combat_shotgun_barrel_08
04:06:34.653 [Lua] [MOD][extended_weapon_customization][INFO] kitbashing item content/items/weapons/player/ranged/underbarrels/owo_underbarrel_weapon_vesa_plasma_pistol_ml01_barrel_06
04:06:34.653 [Lua] [MOD][extended_weapon_customization][INFO] kitbashing item content/items/weapons/player/ranged/underbarrels/owo_underbarrel_weapon_vesa_plasma_pistol_ml01_stock_06
04:06:34.653 [Lua] [MOD][extended_weapon_customization][INFO] kitbashing item content/items/weapons/player/ranged/barrels/galv_combat_shotgun_barrel_ml01
04:06:34.653 [Lua] [MOD][extended_weapon_customization][INFO] kitbashing item content/items/weapons/player/ranged/barrels/galv_infantry_autogun_barrel_01
04:06:34.653 [Lua] [MOD][extended_weapon_customization][INFO] kitbashing item content/items/weapons/player/ranged/underbarrels/owo_underbarrel_weapon_veteran_guardsman_laspistol_plasma_pistol_ml01_06
04:06:34.653 [Lua] [MOD][extended_weapon_customization][INFO] kitbashing item content/items/weapons/player/ranged/barrels/galv_infantry_autogun_barrel_03
04:06:34.653 [Lua] [MOD][extended_weapon_customization][INFO] kitbashing item content/items/weapons/player/ranged/barrels/galv_infantry_autogun_barrel_05
04:06:34.653 [Lua] [MOD][extended_weapon_customization][INFO] kitbashing item content/items/weapons/player/ranged/barrels/galv_infantry_autogun_barrel_07
04:06:34.653 [Lua] [MOD][extended_weapon_customization][INFO] kitbashing item content/items/weapons/player/ranged/barrels/galv_vigilant_autogun_barrel_01
04:06:34.653 [Lua] [MOD][extended_weapon_customization][INFO] kitbashing item content/items/weapons/player/ranged/barrels/galv_vigilant_autogun_barrel_03
04:06:34.653 [Lua] [MOD][extended_weapon_customization][INFO] kitbashing item content/items/weapons/player/ranged/stocks/syn_gripstockcombo_15_alt_helbore
04:06:34.653 [Lua] [MOD][extended_weapon_customization][INFO] kitbashing item content/items/weapons/player/ranged/barrels/galv_helbore_lasgun_barrel_01
04:06:34.653 [Lua] [MOD][extended_weapon_customization][INFO] kitbashing item content/items/weapons/player/ranged/underbarrels/owo_underbarrel_weapon_vesa_plasma_pistol_ml01_barrel_07
04:06:34.653 [Lua] [MOD][extended_weapon_customization][INFO] kitbashing item content/items/weapons/player/ranged/underbarrels/owo_underbarrel_weapon_vesa_plasma_pistol_ml01_stock_07
04:06:34.654 [Lua] [MOD][extended_weapon_customization][INFO] kitbashing item content/items/weapons/player/ranged/barrels/galv_helbore_lasgun_barrel_08
04:06:34.654 [Lua] [MOD][extended_weapon_customization][INFO] kitbashing item content/items/weapons/player/ranged/barrels/galv_custom_barrel_01
04:06:34.654 [Lua] [MOD][extended_weapon_customization][INFO] kitbashing item content/items/weapons/player/ranged/underbarrels/owo_underbarrel_weapon_veteran_guardsman_laspistol_plasma_pistol_ml01_07
04:06:34.654 [Lua] [MOD][extended_weapon_customization][INFO] kitbashing item content/items/weapons/player/ranged/misc/dust_cover_01
04:06:34.654 [Lua] [MOD][extended_weapon_customization][INFO] kitbashing item content/items/weapons/player/ranged/underbarrels/underbarrel_fill_01
04:06:34.654 [Lua] [MOD][extended_weapon_customization][INFO] kitbashing item content/items/weapons/player/ranged/misc/stock_extension_01
04:06:34.654 [Lua] [MOD][extended_weapon_customization][INFO] kitbashing item content/items/weapons/player/ranged/stocks/syn_gripstockcombo_07_alt_helbore
04:06:34.654 [Lua] [MOD][extended_weapon_customization][INFO] kitbashing item content/items/weapons/player/ranged/magazines/syn_plasma_pistol_magazine_04
04:06:34.654 [Lua] [MOD][extended_weapon_customization][INFO] kitbashing item content/items/weapons/player/ranged/magwell/syn_vector_magwell_01_helbore
04:06:34.654 [Lua] [MOD][extended_weapon_customization][INFO] kitbashing item content/items/weapons/player/ranged/magazines/syn_hag_magazine_07_helbore
04:06:34.654 [Lua] [MOD][extended_weapon_customization][INFO] kitbashing item content/items/weapons/player/ranged/underbarrels/owo_underbarrel_weapon_vesa_plasma_pistol_ml01_barrel_08
04:06:34.654 [Lua] [MOD][extended_weapon_customization][INFO] kitbashing item content/items/weapons/player/ranged/underbarrels/owo_underbarrel_weapon_vesa_plasma_pistol_ml01_stock_08
04:06:34.654 [Lua] [MOD][extended_weapon_customization][INFO] kitbashing item content/items/weapons/player/ranged/magazines/syn_hag_magazine_04_helbore
04:06:34.654 [Lua] [MOD][extended_weapon_customization][INFO] kitbashing item content/items/weapons/player/ranged/magazines/syn_hag_magazine_01_helbore
04:06:34.654 [Lua] [MOD][extended_weapon_customization][INFO] kitbashing item content/items/weapons/player/ranged/underbarrels/owo_underbarrel_weapon_veteran_guardsman_laspistol_plasma_pistol_ml01_08
04:06:34.654 [Lua] [MOD][extended_weapon_customization][INFO] kitbashing item content/items/weapons/player/ranged/magazines/syn_aquilon_magdrum_03_helbore_vec
04:06:34.654 [Lua] [MOD][extended_weapon_customization][INFO] kitbashing item content/items/weapons/player/ranged/syn_stock_extension_helbore_04
04:06:34.654 [Lua] [MOD][extended_weapon_customization][INFO] kitbashing item content/items/weapons/player/ranged/barrels/syn_primaris_barrel_07_boltpistol
04:06:34.654 [Lua] [MOD][extended_weapon_customization][INFO] kitbashing item content/items/weapons/player/ranged/barrels/syn_primaris_barrel_06_boltpistol
04:06:34.654 [Lua] [MOD][extended_weapon_customization][INFO] kitbashing item content/items/weapons/player/ranged/barrels/syn_primaris_barrel_05_boltpistol
04:06:34.654 [Lua] [MOD][extended_weapon_customization][INFO] kitbashing item content/items/weapons/player/ranged/barrels/syn_primaris_barrel_04_boltpistol
04:06:34.654 [Lua] [MOD][extended_weapon_customization][INFO] kitbashing item content/items/weapons/player/ranged/barrels/syn_primaris_barrel_03_boltpistol
04:06:34.654 [Lua] [MOD][extended_weapon_customization][INFO] kitbashing item content/items/weapons/player/ranged/underbarrels/owo_underbarrel_weapon_vesa_plasma_pistol_ml01_barrel_ml01
04:06:34.654 [Lua] [MOD][extended_weapon_customization][INFO] kitbashing item content/items/weapons/player/ranged/underbarrels/owo_underbarrel_weapon_vesa_plasma_pistol_ml01_stock_ml01
04:06:34.654 [Lua] [MOD][extended_weapon_customization][INFO] kitbashing item content/items/weapons/player/ranged/barrels/syn_primaris_barrel_02_boltpistol
04:06:34.654 [Lua] [MOD][extended_weapon_customization][INFO] kitbashing item content/items/weapons/player/ranged/barrels/syn_primaris_barrel_01_boltpistol
04:06:34.654 [Lua] [MOD][extended_weapon_customization][INFO] kitbashing item content/items/weapons/player/ranged/underbarrels/owo_underbarrel_weapon_veteran_guardsman_laspistol_plasma_pistol_ml01_ml01
04:06:34.654 [Lua] [MOD][extended_weapon_customization][INFO] kitbashing item content/items/weapons/player/ranged/barrel/syn_plasma_pistol_barrel_09
04:06:34.654 [Lua] [MOD][extended_weapon_customization][INFO] kitbashing item content/items/weapons/player/ranged/bayonets/syn_bayonet_scythe_04
04:06:34.654 [Lua] [MOD][extended_weapon_customization][INFO] kitbashing item content/items/weapons/player/ranged/bayonets/syn_bayonet_scythe_01
04:06:34.654 [Lua] [MOD][extended_weapon_customization][INFO] kitbashing item content/items/weapons/player/ranged/receiver_extension/ma5_extension_21_lasgun
04:06:34.654 [Lua] [MOD][extended_weapon_customization][INFO] kitbashing item content/items/weapons/player/ranged/receiver_extension/ma5_extension_20_lasgun
04:06:34.654 [Lua] [MOD][extended_weapon_customization][INFO] kitbashing item content/items/weapons/player/ranged/stocks/syn_reinforced_stock_18_m41a_lasgun
04:06:34.654 [Lua] [MOD][extended_weapon_customization][INFO] kitbashing item content/items/weapons/player/ranged/stocks/syn_reinforced_stock_17_m41a_lasgun
04:06:34.654 [Lua] [MOD][extended_weapon_customization][INFO] kitbashing item content/items/weapons/player/ranged/stocks/syn_reinforced_stock_11_m41a_lasgun
04:06:34.654 [Lua] [MOD][extended_weapon_customization][INFO] kitbashing item content/items/weapons/player/ranged/magwell/syn_vector_magwell_02_lasgun
04:06:34.654 [Lua] [MOD][extended_weapon_customization][INFO] kitbashing item content/items/weapons/player/ranged/magazines/syn_aquilon_magdrum_07_m41a
04:06:34.654 [Lua] [MOD][extended_weapon_customization][INFO] kitbashing item content/items/weapons/player/ranged/magazines/syn_aquilon_magdrum_04_m41a
04:06:34.654 [Lua] [MOD][extended_weapon_customization][INFO] kitbashing item content/items/weapons/player/ranged/magazines/syn_aquilon_magdrum_08
04:06:34.654 [Lua] [MOD][extended_weapon_customization][INFO] kitbashing item content/items/weapons/player/ranged/magazines/syn_aquilon_magdrum_06
04:06:34.654 [Lua] [MOD][extended_weapon_customization][INFO] kitbashing item content/items/weapons/player/ranged/magazines/syn_aquilon_magdrum_05
04:06:34.654 [Lua] [MOD][extended_weapon_customization][INFO] kitbashing item content/items/weapons/player/ranged/shaft/syn_arbite_falchion_grip_ml01
04:06:34.654 [Lua] [MOD][extended_weapon_customization][INFO] kitbashing item content/items/weapons/player/ranged/magazines/syn_aquilon_magdrum_03
04:06:34.654 [Lua] [MOD][extended_weapon_customization][INFO] kitbashing item content/items/weapons/player/ranged/magazines/syn_aquilon_magdrum_02
04:06:34.654 [Lua] [MOD][extended_weapon_customization][INFO] kitbashing item content/items/weapons/player/ranged/magazines/syn_lasgun_rifle_magazine_ml01_single
04:06:34.654 [Lua] [MOD][extended_weapon_customization][INFO] kitbashing item content/items/weapons/player/ranged/barrels/syn_autopistol_barrel_04_laspistol
04:06:34.654 [Lua] [MOD][extended_weapon_customization][INFO] kitbashing item content/items/weapons/player/ranged/barrels/syn_autopistol_barrel_01_laspistol
04:06:34.654 [Lua] [MOD][extended_weapon_customization][INFO] kitbashing item content/items/weapons/player/ranged/barrels/syn_combatshotgun_barrel_09_lasgun
04:06:34.654 [Lua] [MOD][extended_weapon_customization][INFO] kitbashing item content/items/weapons/player/ranged/barrels/syn_combatshotgun_barrel_08_lasgun
04:06:34.654 [Lua] [MOD][extended_weapon_customization][INFO] kitbashing item content/items/weapons/player/ranged/barrels/syn_combatshotgun_barrel_07_lasgun
04:06:34.654 [Lua] [MOD][extended_weapon_customization][INFO] kitbashing item content/items/weapons/player/ranged/barrels/syn_combatshotgun_barrel_06_lasgun
04:06:34.654 [Lua] [MOD][extended_weapon_customization][INFO] kitbashing item content/items/weapons/player/ranged/barrels/syn_combatshotgun_barrel_05_lasgun
04:06:34.654 [Lua] [MOD][extended_weapon_customization][INFO] kitbashing item content/items/weapons/player/ranged/barrels/syn_combatshotgun_barrel_01_lasgun
04:06:34.654 [Lua] [MOD][extended_weapon_customization][INFO] kitbashing item content/items/weapons/player/ranged/barrels/syn_lasgun_primaris_barrel_03
04:06:34.654 [Lua] [MOD][extended_weapon_customization][INFO] kitbashing item content/items/weapons/player/ranged/barrels/syn_lasgun_autogun_barrel_21
04:06:34.654 [Lua] [MOD][extended_weapon_customization][INFO] kitbashing item content/items/weapons/player/ranged/barrels/syn_lasgun_autogun_barrel_15
04:06:34.654 [Lua] [MOD][extended_weapon_customization][INFO] kitbashing item content/items/weapons/player/ranged/barrels/syn_lasgun_autogun_barrel_14
04:06:34.654 [Lua] [MOD][extended_weapon_customization][INFO] kitbashing item content/items/weapons/player/ranged/barrels/syn_lasgun_autogun_barrel_13
04:06:34.654 [Lua] [MOD][extended_weapon_customization][INFO] kitbashing item content/items/weapons/player/ranged/barrels/syn_lasgun_autogun_barrel_12
04:06:34.654 [Lua] [MOD][extended_weapon_customization][INFO] kitbashing item content/items/weapons/player/ranged/barrels/syn_lasgun_autogun_barrel_09
04:06:34.654 [Lua] [MOD][extended_weapon_customization][INFO] kitbashing item content/items/weapons/player/ranged/muzzles/syn_invisible_muzzle_gal
04:06:34.654 [Lua] [MOD][extended_weapon_customization][INFO] kitbashing item content/items/weapons/player/melee/blades/syn_combat_blade_blade_ml01
04:06:34.654 [Lua] [MOD][extended_weapon_customization][INFO] kitbashing item content/items/weapons/player/melee/blades/syn_combat_blade_blade_09
04:06:34.654 [Lua] [MOD][extended_weapon_customization][INFO] kitbashing item content/items/weapons/player/melee/blades/syn_combat_blade_blade_08
04:06:34.654 [Lua] [MOD][extended_weapon_customization][INFO] kitbashing item content/items/weapons/player/melee/blades/syn_combat_blade_blade_07
04:06:34.654 [Lua] [MOD][extended_weapon_customization][INFO] kitbashing item content/items/weapons/player/melee/blades/syn_combat_blade_blade_06
04:06:34.654 [Lua] [MOD][extended_weapon_customization][INFO] kitbashing item content/items/weapons/player/melee/blades/syn_combat_blade_blade_05
04:06:34.654 [Lua] [MOD][extended_weapon_customization][INFO] kitbashing item content/items/weapons/player/melee/blades/syn_combat_blade_blade_02
04:06:34.654 [Lua] [MOD][extended_weapon_customization][INFO] kitbashing item content/items/weapons/player/melee/blades/syn_sabre_blade_04
04:06:34.654 [Lua] [MOD][extended_weapon_customization][INFO] kitbashing item content/items/weapons/player/melee/blades/syn_sabre_blade_01
04:06:34.654 [Lua] [MOD][extended_weapon_customization][INFO] kitbashing item content/items/weapons/player/melee/blades/syn_falchion_blade_05
04:06:34.654 [Lua] [MOD][extended_weapon_customization][INFO] kitbashing item content/items/weapons/player/melee/blades/syn_falchion_blade_02
04:06:34.654 [Lua] [MOD][extended_weapon_customization][INFO] kitbashing item content/items/weapons/player/melee/blades/syn_combat_sword_blade_07
04:06:34.654 [Lua] [MOD][extended_weapon_customization][INFO] kitbashing item content/items/weapons/player/melee/blades/syn_combat_sword_blade_04
04:06:34.654 [Lua] [MOD][extended_weapon_customization][INFO] kitbashing item content/items/weapons/player/melee/syn_negotiator_hilt_alt
04:06:34.654 [Lua] [MOD][extended_weapon_customization][INFO] kitbashing item content/items/weapons/player/melee/syn_zweiblade_07
04:06:34.654 [Lua] [MOD][extended_weapon_customization][INFO] kitbashing item content/items/weapons/player/ranged/stocks/owo_tactical_stock_skeletal
04:06:34.654 [Lua] [MOD][extended_weapon_customization][INFO] kitbashing item content/items/weapons/player/ranged/syn_spellbook_servoskull
04:06:34.654 [Lua] [MOD][extended_weapon_customization][INFO] kitbashing item content/items/weapons/player/ranged/syn_spellbook_bigtome_gold
04:06:34.654 [Lua] [MOD][extended_weapon_customization][INFO] kitbashing item content/items/weapons/player/ranged/flashlights/owo_flashlight_green_default_tactical_light_01
04:06:34.654 [Lua] [MOD][extended_weapon_customization][INFO] kitbashing item content/items/weapons/player/ranged/flashlights/owo_flashlight_red_default_05
04:06:34.654 [Lua] [MOD][extended_weapon_customization][INFO] kitbashing item content/items/weapons/player/ranged/underbarrels/owo_underbarrel_weapon_veteran_guardsman_laspistol_plasma_pistol_02_05
04:06:34.655 [Lua] [MOD][extended_weapon_customization][INFO] kitbashing item content/items/weapons/player/ranged/flashlights/owo_flashlight_yellow_narrow_02
04:06:34.655 [Lua] [MOD][extended_weapon_customization][INFO] kitbashing item content/items/weapons/player/ranged/stocks/syn_helbore_stock_ml01
04:06:34.655 [Lua] [MOD][extended_weapon_customization][INFO] kitbashing item content/items/weapons/player/ranged/flashlights/owo_flashlight_blue_default_03
04:06:34.655 [Lua] [MOD][extended_weapon_customization][INFO] kitbashing item content/items/weapons/player/ranged/receivers/chonked_phosphor_receiver_01
04:06:34.655 [Lua] [MOD][extended_weapon_customization][INFO] kitbashing item content/items/weapons/player/ranged/receivers/custom_phosphor_receiver_01
04:06:34.655 [Lua] [MOD][extended_weapon_customization][INFO] kitbashing item content/items/weapons/player/ranged/stocks/owo_tactical_stock_folded_n_1
04:06:34.655 [Lua] [MOD][extended_weapon_customization][INFO] kitbashing item content/items/weapons/player/ranged/receivers/custom_phosphor_receiver_02
04:06:34.655 [Lua] [MOD][extended_weapon_customization][INFO] kitbashing item content/items/weapons/player/ranged/stocks/owo_tactical_stock_folded_n_m
04:06:34.655 [Lua] [MOD][extended_weapon_customization][INFO] kitbashing item content/items/weapons/player/melee/blades/laser_blade_combat_knife_p1_02
04:06:34.655 [Lua] [MOD][extended_weapon_customization][INFO] kitbashing item content/items/weapons/player/ranged/stocks/owo_tactical_stock_folded_n_u
04:06:34.655 [Lua] [MOD][extended_weapon_customization][INFO] kitbashing item content/items/weapons/player/ranged/barrels/phosphor_mateba_barrel_01
04:06:34.655 [Lua] [MOD][extended_weapon_customization][INFO] kitbashing item content/items/weapons/player/ranged/barrels/phosphor_mateba_barrel_02
04:06:34.655 [Lua] [MOD][extended_weapon_customization][INFO] kitbashing item content/items/weapons/player/ranged/barrels/phosphor_mateba_barrel_03
04:06:34.655 [Lua] [MOD][extended_weapon_customization][INFO] kitbashing item content/items/weapons/player/ranged/barrels/phosphor_mateba_barrel_04
04:06:34.655 [Lua] [MOD][extended_weapon_customization][INFO] kitbashing item content/items/weapons/player/ranged/barrels/combat_shotgun_barrel_01
04:06:34.655 [Lua] [MOD][extended_weapon_customization][INFO] kitbashing item content/items/weapons/player/ranged/flashlights/owo_flashlight_andy_narrow_cool_05
04:06:34.655 [Lua] [MOD][extended_weapon_customization][INFO] kitbashing item content/items/weapons/player/ranged/flashlights/owo_flashlight_andy_narrow_cool_invisible
04:06:34.655 [Lua] [MOD][extended_weapon_customization][INFO] kitbashing item content/items/weapons/player/ranged/sights/owo_sight_reticle_01helper
04:06:34.655 [Lua] [MOD][extended_weapon_customization][INFO] kitbashing item content/items/weapons/player/ranged/flashlights/owo_flashlight_pink_narrow_cool_03
04:06:34.655 [Lua] [MOD][extended_weapon_customization][INFO] kitbashing item content/items/weapons/player/ranged/flashlights/owo_flashlight_pink_narrow_cool_invisible
04:06:34.655 [Lua] [MOD][extended_weapon_customization][INFO] kitbashing item content/items/weapons/player/ranged/flashlights/owo_flashlight_pink_default_02
04:06:34.655 [Lua] [MOD][extended_weapon_customization][INFO] kitbashing item content/items/weapons/player/ranged/flashlights/owo_flashlight_yellow_narrow_cool_02
04:06:34.655 [Lua] [MOD][extended_weapon_customization][INFO] kitbashing item content/items/weapons/player/ranged/magazines/owo_mag_ak_extended
04:06:34.655 [Lua] [MOD][extended_weapon_customization][INFO] kitbashing item content/items/weapons/player/melee/blades/owo_slim_blade_flat_psword_05
04:06:34.655 [Lua] [MOD][extended_weapon_customization][INFO] kitbashing item content/items/weapons/player/ranged/flashlights/owo_flashlight_yellow_narrow_cool_03
04:06:34.655 [Lua] [MOD][extended_weapon_customization][INFO] kitbashing item content/items/weapons/player/ranged/flashlights/owo_flashlight_yellow_narrow_cool_04
04:06:34.655 [Lua] [MOD][extended_weapon_customization][INFO] kitbashing item content/items/weapons/player/melee/blades/owo_slim_blade_flat_psword_07
04:06:34.655 [Lua] [MOD][extended_weapon_customization][INFO] kitbashing item content/items/weapons/player/ranged/flashlights/owo_flashlight_magenta_weak_01
04:06:34.655 [Lua] [MOD][extended_weapon_customization][INFO] kitbashing item content/items/weapons/player/ranged/flashlights/owo_flashlight_andy_weak_02
04:06:34.655 [Lua] [MOD][extended_weapon_customization][INFO] kitbashing item content/items/weapons/player/ranged/rails/owo_invisible_rifle_rail
04:06:34.655 [Lua] [MOD][extended_weapon_customization][INFO] kitbashing item content/items/weapons/player/ranged/flashlights/owo_flashlight_andy_weak_01
04:06:34.655 [Lua] [MOD][extended_weapon_customization][INFO] kitbashing item content/items/weapons/player/melee/blades/laser_blade_2h_force_sword_p1_02
04:06:34.655 [Lua] [MOD][extended_weapon_customization][INFO] kitbashing item content/items/weapons/player/ranged/flashlights/owo_flashlight_magenta_narrow_cool_03
04:06:34.655 [Lua] [MOD][extended_weapon_customization][INFO] kitbashing item content/items/weapons/player/ranged/rails/owo_invisible_rifle_rail_empty
04:06:34.655 [Lua] [MOD][extended_weapon_customization][INFO] kitbashing item content/items/weapons/player/ranged/flashlights/owo_flashlight_blue_weak_05
04:06:34.655 [Lua] [MOD][extended_weapon_customization][INFO] kitbashing item content/items/weapons/player/shields/ogryn_assault_shield_01
04:06:34.655 [Lua] [MOD][extended_weapon_customization][INFO] kitbashing item content/items/weapons/player/shields/ogryn_assault_shield_03
04:06:34.655 [Lua] [MOD][extended_weapon_customization][INFO] kitbashing item content/items/weapons/player/ranged/rails/owo_invisible_lasgun_pistol_rail
04:06:34.655 [Lua] [MOD][extended_weapon_customization][INFO] kitbashing item content/items/weapons/player/shields/ogryn_bulwark_shield_01
04:06:34.655 [Lua] [MOD][extended_weapon_customization][INFO] kitbashing item content/items/weapons/player/ranged/flashlights/owo_flashlight_pink_narrow_02
04:06:34.655 [Lua] [MOD][extended_weapon_customization][INFO] kitbashing item content/items/weapons/player/ranged/rails/owo_invisible_lasgun_pistol_rail_empty
04:06:34.655 [Lua] [MOD][extended_weapon_customization][INFO] kitbashing item content/items/weapons/player/ranged/flashlights/owo_flashlight_pink_weak_04
04:06:34.655 [Lua] [MOD][extended_weapon_customization][INFO] kitbashing item content/items/weapons/player/ranged/flashlights/owo_flashlight_pink_weak_03
04:06:34.655 [Lua] [MOD][extended_weapon_customization][INFO] kitbashing item content/items/weapons/player/ranged/sights/owo_iron_sight_ak_ac1
04:06:34.655 [Lua] [MOD][extended_weapon_customization][INFO] kitbashing item content/items/weapons/player/ranged/sights/owo_iron_sight_ak_ac5
04:06:34.655 [Lua] [MOD][extended_weapon_customization][INFO] kitbashing item content/items/weapons/player/ranged/sights/owo_iron_sight_ak_ac6
04:06:34.655 [Lua] [MOD][extended_weapon_customization][INFO] kitbashing item content/items/weapons/player/ranged/sights/owo_iron_sight_kalashnikov
04:06:34.655 [Lua] [MOD][extended_weapon_customization][INFO] kitbashing item content/items/weapons/player/ranged/barrels/stubrevolver_mateba_barrel_01
04:06:34.655 [Lua] [MOD][extended_weapon_customization][INFO] kitbashing item content/items/weapons/player/ranged/barrels/stubrevolver_mateba_barrel_02
04:06:34.655 [Lua] [MOD][extended_weapon_customization][INFO] kitbashing item content/items/weapons/player/ranged/barrels/stubrevolver_mateba_barrel_03
04:06:34.655 [Lua] [MOD][extended_weapon_customization][INFO] kitbashing item content/items/weapons/player/ranged/barrels/stubrevolver_mateba_barrel_04
04:06:34.655 [Lua] [MOD][extended_weapon_customization][INFO] kitbashing item content/items/weapons/player/ranged/barrels/stubrevolver_slim_barrel_01
04:06:34.655 [Lua] [MOD][extended_weapon_customization][INFO] kitbashing item content/items/weapons/player/ranged/barrels/stubrevolver_slim_barrel_02
04:06:34.655 [Lua] [MOD][extended_weapon_customization][INFO] kitbashing item content/items/weapons/player/ranged/sights/owo_eotech_housing_chainsword
04:06:34.655 [Lua] [MOD][extended_weapon_customization][INFO] kitbashing item content/items/weapons/player/ranged/sights/owo_eotech_front_seat_tip
04:06:34.655 [Lua] [MOD][extended_weapon_customization][INFO] kitbashing item content/items/weapons/player/ranged/sights/owo_vortex_housing_foreskin
04:06:34.655 [Lua] [MOD][extended_weapon_customization][INFO] kitbashing item content/items/weapons/player/ranged/sights/owo_eotech_front_seat
04:06:34.655 [Lua] [MOD][extended_weapon_customization][INFO] kitbashing item content/items/weapons/player/ranged/sights/owo_holographic_sight_eotech
04:06:34.655 [Lua] [MOD][extended_weapon_customization][INFO] kitbashing item content/items/weapons/player/ranged/flashlights/owo_flashlight_pink_weak_02
04:06:34.655 [Lua] [MOD][extended_weapon_customization][INFO] kitbashing item content/items/weapons/player/ranged/magazines/bolter_plasma_magazine_03
04:06:34.655 [Lua] [MOD][extended_weapon_customization][INFO] kitbashing item content/items/weapons/player/ranged/recievers/syn_hellgun_receiver_ml01
04:06:34.655 [Lua] [MOD][extended_weapon_customization][INFO] kitbashing item content/items/weapons/player/ranged/bayonets/syn_bayonet_scythe_06
04:06:34.655 [Lua] [MOD][extended_weapon_customization][INFO] kitbashing item content/items/weapons/player/ranged/bayonets/syn_bayonet_scythe_07
04:06:34.655 [Lua] [MOD][extended_weapon_customization][INFO] kitbashing item content/items/weapons/player/ranged/bayonets/syn_bayonet_scythe_08
04:06:34.655 [Lua] [MOD][extended_weapon_customization][INFO] kitbashing item content/items/weapons/player/ranged/bayonets/syn_bayonet_miniscythe_01
04:06:34.655 [Lua] [MOD][extended_weapon_customization][INFO] kitbashing item content/items/weapons/player/ranged/bayonets/syn_bayonet_miniscythe_02
04:06:34.655 [Lua] [MOD][extended_weapon_customization][INFO] kitbashing item content/items/weapons/player/ranged/syn_stock_extension_helbore_01
04:06:34.655 [Lua] [MOD][extended_weapon_customization][INFO] kitbashing item content/items/weapons/player/ranged/recievers/syn_hellgun_receiver_07
04:06:34.655 [Lua] [MOD][extended_weapon_customization][INFO] kitbashing item content/items/weapons/player/ranged/sights/owo_holographic_sight_eotech_short
04:06:34.655 [Lua] [MOD][extended_weapon_customization][INFO] kitbashing item content/items/weapons/player/ranged/barrels/combat_shotgun_barrel_04
04:06:34.655 [Lua] [MOD][extended_weapon_customization][INFO] kitbashing item content/items/weapons/player/ranged/magazines/boltgun_pistol_magazine_02_double
04:06:34.655 [Lua] [MOD][extended_weapon_customization][INFO] kitbashing item content/items/weapons/player/ranged/stocks/syn_gripstockcombo_03_alt_helbore
04:06:34.655 [Lua] [MOD][extended_weapon_customization][INFO] kitbashing item content/items/weapons/player/ranged/flashlights/owo_flashlight_green_default_mp5_light_02
04:06:34.655 [Lua] [MOD][extended_weapon_customization][INFO] kitbashing item content/items/weapons/player/melee/blades/owo_slim_blade_flat_psword_ml01
04:06:34.655 [Lua] [MOD][extended_weapon_customization][INFO] kitbashing item content/weapons/player/melee/chain_sword/attachments/chain_01/chain_45_01_gold_01
04:06:34.655 [Lua] [MOD][extended_weapon_customization][INFO] kitbashing item content/items/weapons/player/ranged/recievers/syn_hellgun_receiver_13
04:06:34.656 [Lua] [MOD][extended_weapon_customization][INFO] kitbashing item content/items/weapons/player/ranged/recievers/syn_hellgun_receiver_16
04:06:34.656 [Lua] [MOD][extended_weapon_customization][INFO] kitbashing item content/items/weapons/player/ranged/barrels/galv_infantry_autogun_barrel_02
04:06:34.656 [Lua] [MOD][extended_weapon_customization][INFO] kitbashing item content/items/weapons/player/ranged/magazines/syn_hag_magazine_09_recon
04:06:34.656 [Lua] [MOD][extended_weapon_customization][INFO] kitbashing item content/items/weapons/player/ranged/stocks/syn_handguard_stock_02a_recon
04:06:34.656 [Lua] [MOD][extended_weapon_customization][INFO] kitbashing item content/items/weapons/player/ranged/grips/fake_stub_magazine_01
04:06:34.656 [Lua] [MOD][extended_weapon_customization][INFO] kitbashing item content/items/weapons/player/ranged/sights/owo_holosight_base
04:06:34.656 [Lua] [MOD][extended_weapon_customization][INFO] kitbashing item content/items/weapons/player/ranged/flashlights/owo_flashlight_custom_default_04
04:06:34.656 [Lua] [MOD][extended_weapon_customization][INFO] kitbashing item content/items/weapons/player/melee/blades/laser_blade_green_2h_force_sword_p1_01
04:06:34.656 [Lua] [MOD][extended_weapon_customization][INFO] kitbashing item content/items/weapons/player/ranged/flashlights/owo_flashlight_yellow_default_05
04:06:34.656 [Lua] [MOD][extended_weapon_customization][INFO] kitbashing item content/items/weapons/player/ranged/bayonets/syn_bayonet_miniscythe_05
04:06:34.656 [Lua] [MOD][extended_weapon_customization][INFO] kitbashing item content/items/weapons/player/ranged/bayonets/syn_bayonet_miniscythe_08
04:06:34.656 [Lua] [MOD][extended_weapon_customization][INFO] kitbashing item content/items/weapons/player/ranged/flashlights/owo_flashlight_cyan_default_04
04:06:34.656 [Lua] [MOD][extended_weapon_customization][INFO] kitbashing item content/items/weapons/player/melee/blades/laser_blade_chain_axe_p1_02
04:06:34.656 [Lua] [MOD][extended_weapon_customization][INFO] kitbashing item content/items/weapons/player/ranged/stocks/mod_galvanic_stock_03
04:06:34.656 [Lua] [MOD][extended_weapon_customization][INFO] kitbashing item content/items/weapons/player/ranged/barrels/galv_combat_shotgun_barrel_10
04:06:34.656 [Lua] [MOD][extended_weapon_customization][INFO] kitbashing item content/items/weapons/player/ranged/barrels/galv_helbore_lasgun_barrel_04
04:06:34.656 [Lua] [MOD][extended_weapon_customization][INFO] kitbashing item content/items/weapons/player/ranged/sights/owo_iron_sight_laspistol_iron_with_rail
04:06:34.656 [Lua] [MOD][extended_weapon_customization][INFO] kitbashing item content/items/weapons/player/ranged/receivers/custom_phosphor_receiver_03
04:06:34.656 [Lua] [MOD][extended_weapon_customization][INFO] kitbashing item content/weapons/player/melee/chain_sword/attachments/chain_01/chain_45_01
04:06:34.656 [Lua] [MOD][extended_weapon_customization][INFO] kitbashing item content/items/weapons/player/ranged/flashlights/invisible_flashlight
04:06:34.656 [Lua] [MOD][extended_weapon_customization][INFO] kitbashing item content/items/weapons/player/ranged/flashlights/owo_flashlight_pink_narrow_mp5_light_01
04:06:34.656 [Lua] [MOD][extended_weapon_customization][INFO] kitbashing item content/items/weapons/player/ranged/flashlights/owo_flashlight_red_narrow_cool_01
04:06:34.656 [Lua] [MOD][extended_weapon_customization][INFO] kitbashing item content/items/weapons/player/ranged/flashlights/owo_flashlight_red_narrow_cool_02
04:06:34.656 [Lua] [MOD][extended_weapon_customization][INFO] kitbashing item content/items/weapons/player/ranged/syn_van_saar_glow
04:06:34.656 [Lua] [MOD][extended_weapon_customization][INFO] kitbashing item content/items/weapons/player/ranged/barrels/syn_combatshotgun_barrel_10_heavystubber
04:06:34.656 [Lua] [MOD][extended_weapon_customization][INFO] kitbashing item content/items/weapons/player/ranged/barrels/syn_autogun_barrel_02_heavystubber
04:06:34.656 [Lua] [MOD][extended_weapon_customization][INFO] kitbashing item content/items/weapons/player/ranged/flashlights/owo_flashlight_red_narrow_cool_03
04:06:34.656 [Lua] [MOD][extended_weapon_customization][INFO] kitbashing item content/items/weapons/player/ranged/flashlights/owo_flashlight_red_narrow_cool_05
04:06:34.656 [Lua] [MOD][extended_weapon_customization][INFO] kitbashing item content/items/weapons/player/ranged/sights/owo_sight_reticle_empty
04:06:34.656 [Lua] [MOD][extended_weapon_customization][INFO] kitbashing item content/items/weapons/player/melee/ogryn/syn_thunderhammer_shaft_01
04:06:34.656 [Lua] [MOD][extended_weapon_customization][INFO] kitbashing item content/items/weapons/player/melee/ogryn/syn_thunderhammer_shaft_ml01
04:06:34.656 [Lua] [MOD][extended_weapon_customization][INFO] kitbashing item content/items/weapons/player/ranged/flashlights/owo_flashlight_red_weak_05
04:06:34.656 [Lua] [MOD][extended_weapon_customization][INFO] kitbashing item content/items/weapons/player/melee/pickaxe/syn_battle_axe_head_08
04:06:34.656 [Lua] [MOD][extended_weapon_customization][INFO] kitbashing item content/items/weapons/player/ranged/underbarrels/owo_underbarrel_weapon_vesa_plasma_pistol_02_stock_06
04:06:34.656 [Lua] [MOD][extended_weapon_customization][INFO] kitbashing item content/items/weapons/player/melee/pickaxe/syn_battle_axe_head_11
04:06:34.656 [Lua] [MOD][extended_weapon_customization][INFO] kitbashing item content/items/weapons/player/ranged/underbarrels/owo_underbarrel_weapon_veteran_guardsman_laspistol_plasma_pistol_02_06
04:06:34.656 [Lua] [MOD][extended_weapon_customization][INFO] kitbashing item content/items/weapons/player/ranged/stocks/syn_reinforced_stock_main_09
04:06:34.656 [Lua] [MOD][extended_weapon_customization][INFO] kitbashing item dual_shivs_p1_m1
04:06:34.656 [Lua] [MOD][extended_weapon_customization][INFO] kitbashing item content/items/weapons/player/ranged/underbarrels/owo_underbarrel_weapon_vesa_plasma_pistol_02_barrel_07
04:06:34.656 [Lua] [MOD][extended_weapon_customization][INFO] kitbashing item content/items/weapons/player/melee/heads/syn_pickaxe_shovel_ogryn_head_01
04:06:34.656 [Lua] [MOD][extended_weapon_customization][INFO] kitbashing item content/items/weapons/player/ranged/receivers/laspistol_stubgun_conversion_01
04:06:34.656 [Lua] [MOD][extended_weapon_customization][INFO] kitbashing item content/items/weapons/player/ranged/sights/owo_sight_reticle_01
04:06:34.656 [Lua] [MOD][extended_weapon_customization][INFO] kitbashing item content/items/weapons/player/ranged/receivers/laspistol_stubgun_conversion_02
04:06:34.656 [Lua] [MOD][extended_weapon_customization][INFO] kitbashing item content/items/weapons/player/ranged/magwells/lasstub_pistol_lasgun_magwell_01
04:06:34.656 [Lua] [MOD][extended_weapon_customization][INFO] kitbashing item content/items/weapons/player/ranged/magwells/lasstub_pistol_boltgun_magwell_01
04:06:34.656 [Lua] [MOD][extended_weapon_customization][INFO] kitbashing item content/items/weapons/player/ranged/magwells/lasstub_pistol_autopistol_magwell_01
04:06:34.656 [Lua] [MOD][extended_weapon_customization][INFO] kitbashing item content/items/weapons/player/ranged/magazines/laspistol_auto_mag_01
04:06:34.656 [Lua] [MOD][extended_weapon_customization][INFO] kitbashing item content/items/weapons/player/ranged/magazines/laspistol_fake_auto_mag_01
04:06:34.656 [Lua] [MOD][extended_weapon_customization][INFO] kitbashing item content/items/weapons/player/ranged/magazines/laspistol_bolt_mag_01
04:06:34.656 [Lua] [MOD][extended_weapon_customization][INFO] kitbashing item content/items/weapons/player/ranged/magazines/laspistol_fake_bolt_mag_01
04:06:34.656 [Lua] [MOD][extended_weapon_customization][INFO] kitbashing item content/items/weapons/player/ranged/grips/laspistol_stubgun_grip_01
04:06:34.656 [Lua] [MOD][extended_weapon_customization][INFO] kitbashing item content/items/weapons/player/ranged/sights/owo_sight_reticle_02
04:06:34.656 [Lua] [MOD][extended_weapon_customization][INFO] kitbashing item content/items/weapons/player/ranged/stocks/owo_tactical_stock_telescoping_in
04:06:34.656 [Lua] [MOD][extended_weapon_customization][INFO] kitbashing item content/items/weapons/player/ranged/grips/laspistol_stubgun_grip_02
04:06:34.656 [Lua] [MOD][extended_weapon_customization][INFO] kitbashing item content/items/weapons/player/ranged/magazines/syn_arc_magazine_ml01
04:06:34.656 [Lua] [MOD][extended_weapon_customization][INFO] kitbashing item content/items/weapons/player/ranged/grips/laspistol_stubgun_grip_03
04:06:34.656 [Lua] [MOD][extended_weapon_customization][INFO] kitbashing item content/items/weapons/player/melee/head/syn_ogryn_flail_crusher_01
04:06:34.656 [Lua] [MOD][extended_weapon_customization][INFO] kitbashing item content/items/weapons/player/ranged/grips/laspistol_stubgun_grip_04
04:06:34.656 [Lua] [MOD][extended_weapon_customization][INFO] kitbashing item content/items/weapons/player/ranged/grips/laspistol_stubgun_grip_05
04:06:34.656 [Lua] [MOD][extended_weapon_customization][INFO] kitbashing item content/items/weapons/player/ranged/grips/laspistol_stubgun_grip_06
04:06:34.656 [Lua] [MOD][extended_weapon_customization][INFO] kitbashing item content/items/weapons/player/ranged/barrels/lasgun_fake_stubgun_barrel_01
04:06:34.656 [Lua] [MOD][extended_weapon_customization][INFO] kitbashing item content/items/weapons/player/ranged/sights/owo_sight_reticle_03
04:06:34.656 [Lua] [MOD][extended_weapon_customization][INFO] kitbashing item content/items/weapons/player/melee/heads/owo_stock_fill_hammer_head_04
04:06:34.656 [Lua] [MOD][extended_weapon_customization][INFO] kitbashing item content/items/weapons/player/ranged/barrels/galv_helbore_lasgun_barrel_02
04:06:34.656 [Lua] [MOD][extended_weapon_customization][INFO] kitbashing item content/items/weapons/player/ranged/magazines/syn_heavy_plasmamagazine_02
04:06:34.656 [Lua] [MOD][extended_weapon_customization][INFO] kitbashing item content/items/weapons/player/ranged/barrels/galv_combat_shotgun_barrel_09
04:06:34.656 [Lua] [MOD][extended_weapon_customization][INFO] kitbashing item content/items/weapons/player/melee/ogryn/syn_battle_axe_head_06
04:06:34.656 [Lua] [MOD][extended_weapon_customization][INFO] kitbashing item content/items/weapons/player/ranged/receivers/mod_galvanic_receiver_01
04:06:34.656 [Lua] [MOD][extended_weapon_customization][INFO] kitbashing item content/items/weapons/player/ranged/syn_combi_bolter_mag
04:06:34.656 [Lua] [MOD][extended_weapon_customization][INFO] kitbashing item content/items/weapons/player/melee/blades/laser_blade_chain_axe_green_p1_01
04:06:34.656 [Lua] [MOD][extended_weapon_customization][INFO] kitbashing item content/items/weapons/player/ranged/barrels/syn_ripper_primaris_barrel_01
04:06:34.656 [Lua] [MOD][extended_weapon_customization][INFO] kitbashing item content/items/weapons/player/ranged/magwell/syn_vector_04
04:06:34.656 [Lua] [MOD][extended_weapon_customization][INFO] kitbashing item content/items/weapons/player/ranged/barrels/syn_ripper_autogun_barrel_01
04:06:34.657 [Lua] [MOD][extended_weapon_customization][INFO] kitbashing item content/items/weapons/player/ranged/sights/aquilon_scope_05a_ripper
04:06:34.657 [Lua] [MOD][extended_weapon_customization][INFO] kitbashing item content/items/weapons/player/ranged/sights/aquilon_scope_05d_ripper
04:06:34.657 [Lua] [MOD][extended_weapon_customization][INFO] kitbashing item content/items/weapons/player/ranged/sights/syn_vs_hpr_1x_01_ripper
04:06:34.657 [Lua] [MOD][extended_weapon_customization][INFO] kitbashing item content/items/weapons/player/ranged/syn_rotary_filler_01
04:06:34.657 [Lua] [MOD][extended_weapon_customization][INFO] kitbashing item content/items/weapons/player/ranged/barrels/syn_multilaser_barrel_ml01
04:06:34.657 [Lua] [MOD][extended_weapon_customization][INFO] kitbashing item content/items/weapons/player/ranged/barrels/syn_shotpistol_barrel_ml01_phosphor
04:06:34.657 [Lua] [MOD][extended_weapon_customization][INFO] kitbashing item content/items/weapons/player/ranged/sights/owo_holosight_base2
04:06:34.657 [Lua] [MOD][extended_weapon_customization][INFO] kitbashing item content/items/weapons/player/ranged/stocks/syn_phosphor_stock_09
04:06:34.657 [Lua] [MOD][extended_weapon_customization][INFO] kitbashing item content/items/weapons/player/ranged/underbarrels/owo_underbarrel_weapon_vesa_plasma_pistol_02_stock_07
04:06:34.657 [Lua] [MOD][extended_weapon_customization][INFO] kitbashing item content/items/weapons/player/ranged/underbarrels/owo_underbarrel_weapon_vesa_plasma_pistol_02_barrel_06
04:06:34.657 [Lua] [MOD][extended_weapon_customization][INFO] kitbashing item content/items/weapons/player/ranged/stocks/syn_phosphor_stock_18
04:06:34.657 [Lua] [MOD][extended_weapon_customization][INFO] kitbashing item content/items/weapons/player/ranged/underbarrels/owo_underbarrel_weapon_veteran_guardsman_laspistol_plasma_pistol_02_07
04:06:34.657 [Lua] [MOD][extended_weapon_customization][INFO] kitbashing item content/items/weapons/player/ranged/stocks/syn_phosphor_stock_27
04:06:34.657 [Lua] [MOD][extended_weapon_customization][INFO] kitbashing item content/items/weapons/player/ranged/stocks/syn_slim_plasma_rifle_stock_01
04:06:34.657 [Lua] [MOD][extended_weapon_customization][INFO] kitbashing item content/items/weapons/player/ranged/flashlights/owo_flashlight_green_default_mp5_light_01
04:06:34.657 [Lua] [MOD][extended_weapon_customization][INFO] kitbashing item content/items/weapons/player/ranged/magazines/syn_lascannon_magazine_ml01
04:06:34.657 [Lua] [MOD][extended_weapon_customization][INFO] kitbashing item content/items/weapons/player/ranged/magazines/autopistol_laser_magazine_01
04:06:34.657 [Lua] [MOD][extended_weapon_customization][INFO] kitbashing item content/items/weapons/player/ranged/magazines/syn_hag_magazine_05
04:06:34.657 [Lua] [MOD][extended_weapon_customization][INFO] kitbashing item content/items/weapons/player/ranged/flashlights/invisible_flashlight_ogryn
04:06:34.657 [Lua] [MOD][extended_weapon_customization][INFO] kitbashing item content/items/weapons/player/ranged/barrels/syn_lascannon_barrel_01
04:06:34.657 [Lua] [MOD][extended_weapon_customization][INFO] kitbashing item content/items/weapons/player/ranged/barrels/syn_gk8gauss_barrel_plasma_03
04:06:34.657 [Lua] [MOD][extended_weapon_customization][INFO] kitbashing item owo_iron_sight__vesa_laspistol_night_arc
04:06:34.657 [Lua] [MOD][extended_weapon_customization][INFO] kitbashing item content/items/weapons/player/ranged/sights/owo_iron_sight_laspistol_iron
04:06:34.657 [Lua] [MOD][extended_weapon_customization][INFO] kitbashing item content/items/weapons/player/melee/blades/laser_blade_green_combat_knife_p1_01
04:06:34.657 [Lua] [MOD][extended_weapon_customization][INFO] kitbashing item content/items/weapons/player/ranged/stocks/chonky_stock_01
04:06:34.657 [Lua] [MOD][extended_weapon_customization][INFO] kitbashing item content/items/weapons/player/ranged/receivers/autogun_but_stubber_01
04:06:34.657 [Lua] [MOD][extended_weapon_customization][INFO] kitbashing item content/items/weapons/player/ranged/receivers/autogun_but_stubber_01a
04:06:34.657 [Lua] [MOD][extended_weapon_customization][INFO] kitbashing item content/items/weapons/player/ranged/receivers/autogun_but_stubber_02
04:06:34.657 [Lua] [MOD][extended_weapon_customization][INFO] kitbashing item content/items/weapons/player/ranged/receivers/autogun_but_stubber_02a
04:06:34.657 [Lua] [MOD][extended_weapon_customization][INFO] kitbashing item content/items/weapons/player/ranged/receivers/autogun_but_stubber_03
04:06:34.657 [Lua] [MOD][extended_weapon_customization][INFO] kitbashing item content/items/weapons/player/ranged/receivers/autogun_but_stubber_03a
04:06:34.657 [Lua] [MOD][extended_weapon_customization][INFO] kitbashing item content/items/weapons/player/ranged/bipod/syn_bipod_leg_combatsword_05
04:06:34.657 [Lua] [MOD][extended_weapon_customization][INFO] kitbashing item content/items/weapons/player/ranged/bipod/syn_bipod_leg_pickaxe_01
04:06:34.657 [Lua] [MOD][extended_weapon_customization][INFO] kitbashing item content/items/weapons/player/ranged/bipod/syn_bipod_leg_pickaxe_04
04:06:34.657 [Lua] [MOD][extended_weapon_customization][INFO] kitbashing item content/items/weapons/player/ranged/sights/owo_iron_sight_laspistol_iron_jank
04:06:34.657 [Lua] [MOD][extended_weapon_customization][INFO] kitbashing item content/items/weapons/player/ranged/stocks/syn_helbore_stock_02
04:06:34.657 [Lua] [MOD][extended_weapon_customization][INFO] kitbashing item content/items/weapons/player/melee/blades/laser_blade_green_powermaul_shield_p1_01
04:06:34.657 [Lua] [MOD][extended_weapon_customization][INFO] kitbashing item content/items/weapons/player/melee/thunderhammer/syn_battle_axe_head_02
04:06:34.657 [Lua] [MOD][extended_weapon_customization][INFO] kitbashing item content/items/weapons/player/melee/thunderhammer/syn_battle_axe_head_08
04:06:34.657 [Lua] [MOD][extended_weapon_customization][INFO] kitbashing item content/items/weapons/player/ranged/sights/owo_iron_sight_laspistol_iron_jank_with_rail
04:06:34.657 [Lua] [MOD][extended_weapon_customization][INFO] kitbashing item content/items/weapons/player/ranged/sights/owo_sight_reticle_02helper
04:06:34.657 [Lua] [MOD][extended_weapon_customization][INFO] kitbashing item content/items/weapons/player/ranged/sights/owo_sight_reticle_03helper
04:06:34.657 [Lua] [MOD][extended_weapon_customization][INFO] kitbashing item content/items/weapons/player/melee/heads/syn_crusher_shovel_ogryn_head_03
04:06:34.657 [Lua] [MOD][extended_weapon_customization][INFO] kitbashing item content/items/weapons/player/ranged/sights/owo_iron_sight_laspistol_iron_night
04:06:34.657 [Lua] [MOD][extended_weapon_customization][INFO] kitbashing item content/items/weapons/player/ranged/receivers/chonky_stubpistol_02_right
04:06:34.657 [Lua] [MOD][extended_weapon_customization][INFO] kitbashing item content/items/weapons/player/melee/syn_negotiator_connector_alt
04:06:34.657 [Lua] [MOD][extended_weapon_customization][INFO] kitbashing item content/items/weapons/player/ranged/shaft/syn_arbite_falchion_grip_01
04:06:34.657 [Lua] [MOD][extended_weapon_customization][INFO] kitbashing item content/items/weapons/player/ranged/flashlights/owo_flashlight_magenta_narrow_tactical_light_01
04:06:34.657 [Lua] [MOD][extended_weapon_customization][INFO] kitbashing item content/items/weapons/player/ranged/sights/owo_iron_sight_laspistol_iron_night_with_rail
04:06:34.657 [Lua] [MOD][extended_weapon_customization][INFO] kitbashing item content/items/weapons/player/ranged/muzzles/autogun_rifle_suppressed_muzzle_03
04:06:34.657 [Lua] [MOD][extended_weapon_customization][INFO] kitbashing item content/items/weapons/player/ranged/recievers/syn_kickback_shotgun_barrel_ml01
04:06:34.657 [Lua] [MOD][extended_weapon_customization][INFO] kitbashing item content/items/weapons/player/ranged/flashlights/owo_flashlight_custom_default_03
04:06:34.657 [Lua] [MOD][extended_weapon_customization][INFO] kitbashing item content/items/weapons/player/melee/power/syn_axe_head_04
04:06:34.657 [Lua] [MOD][extended_weapon_customization][INFO] kitbashing item content/items/weapons/player/ranged/flashlights/owo_flashlight_leyley_weak_mp5_light_02
04:06:34.657 [Lua] [MOD][extended_weapon_customization][INFO] kitbashing item content/items/weapons/player/ranged/sights/owo_iron_sight_laspistol_iron_night_jank
04:06:34.657 [Lua] [MOD][extended_weapon_customization][INFO] kitbashing item content/items/weapons/player/melee/heads/syn_human_power_maul_head_03
04:06:34.657 [Lua] [MOD][extended_weapon_customization][INFO] kitbashing item content/items/weapons/player/melee/heads/syn_human_power_maul_head_06
04:06:34.657 [Lua] [MOD][extended_weapon_customization][INFO] kitbashing item content/items/weapons/player/melee/heads/syn_2h_power_maul_head_02
04:06:34.657 [Lua] [MOD][extended_weapon_customization][INFO] kitbashing item content/items/weapons/player/melee/heads/syn_2h_power_maul_head_05
04:06:34.657 [Lua] [MOD][extended_weapon_customization][INFO] kitbashing item content/items/weapons/player/melee/heads/syn_2h_power_maul_head_ml01
04:06:34.657 [Lua] [MOD][extended_weapon_customization][INFO] kitbashing item content/items/weapons/player/ranged/sights/owo_iron_sight_laspistol_iron_night_jank_with_rail
04:06:34.657 [Lua] [MOD][extended_weapon_customization][INFO] kitbashing item content/items/weapons/player/ranged/shaft/syn_arbite_falchion_grip_05
04:06:34.657 [Lua] [MOD][extended_weapon_customization][INFO] kitbashing item content/items/weapons/player/melee/shields/syn_shield_grim
04:06:34.657 [Lua] [MOD][extended_weapon_customization][INFO] kitbashing item content/items/weapons/player/melee/shields/syn_shield_crusader_01b
04:06:34.657 [Lua] [MOD][extended_weapon_customization][INFO] kitbashing item content/items/weapons/player/ranged/combimag/syn_plasmacombi_magwell_03
04:06:34.657 [Lua] [MOD][extended_weapon_customization][INFO] kitbashing item content/items/weapons/player/ranged/combimag/syn_plasmacombi_magwell_02
04:06:34.657 [Lua] [MOD][extended_weapon_customization][INFO] kitbashing item content/items/weapons/player/ranged/combimag/syn_plasmacombi_magwell_01
04:06:34.657 [Lua] [MOD][extended_weapon_customization][INFO] kitbashing item content/items/weapons/player/ranged/combimag/syn_plasmacombi_magwell_00
04:06:34.657 [Lua] [MOD][extended_weapon_customization][INFO] kitbashing item content/items/weapons/player/ranged/magazines/syn_combi_plasmamagazine_ml01
04:06:34.657 [Lua] [MOD][extended_weapon_customization][INFO] kitbashing item content/items/weapons/player/ranged/magazines/syn_combi_plasmamagazine_06
04:06:34.657 [Lua] [MOD][extended_weapon_customization][INFO] kitbashing item content/items/weapons/player/ranged/magazines/syn_combi_plasmamagazine_04
04:06:34.657 [Lua] [MOD][extended_weapon_customization][INFO] kitbashing item content/items/weapons/player/ranged/magazines/syn_combi_plasmamagazine_03
04:06:34.657 [Lua] [MOD][extended_weapon_customization][INFO] kitbashing item content/items/weapons/player/ranged/magazines/syn_combi_plasmamagazine_02
04:06:34.657 [Lua] [MOD][extended_weapon_customization][INFO] kitbashing item content/items/weapons/player/ranged/magazines/syn_combi_plasmamagazine_01
04:06:34.657 [Lua] [MOD][extended_weapon_customization][INFO] kitbashing item content/items/weapons/player/ranged/magazines/syn_combi_boltmagazine_01
04:06:34.657 [Lua] [MOD][extended_weapon_customization][INFO] kitbashing item content/items/weapons/player/ranged/magazines/syn_combi_boltmagazine_00
04:06:34.657 [Lua] [MOD][extended_weapon_customization][INFO] kitbashing item content/items/weapons/player/ranged/syn_no_sight
04:06:34.657 [Lua] [MOD][extended_weapon_customization][INFO] kitbashing item content/items/weapons/player/ranged/stocks/syn_shotgun_rifle_stock_ml01
04:06:34.657 [Lua] [MOD][extended_weapon_customization][INFO] kitbashing item content/items/weapons/player/ranged/stocks/syn_shotgun_rifle_stock_10
04:06:34.657 [Lua] [MOD][extended_weapon_customization][INFO] kitbashing item content/items/weapons/player/ranged/stocks/syn_shotgun_rifle_stock_09
04:06:34.657 [Lua] [MOD][extended_weapon_customization][INFO] kitbashing item content/items/weapons/player/ranged/stocks/syn_shotgun_rifle_stock_08
04:06:34.657 [Lua] [MOD][extended_weapon_customization][INFO] kitbashing item content/items/weapons/player/ranged/stocks/syn_shotgun_rifle_stock_07
04:06:34.657 [Lua] [MOD][extended_weapon_customization][INFO] kitbashing item content/items/weapons/player/ranged/stocks/syn_shotgun_rifle_stock_06
04:06:34.657 [Lua] [MOD][extended_weapon_customization][INFO] kitbashing item content/items/weapons/player/ranged/stocks/syn_shotgun_rifle_stock_05
04:06:34.658 [Lua] [MOD][extended_weapon_customization][INFO] kitbashing item content/items/weapons/player/ranged/stocks/syn_shotgun_rifle_stock_03
04:06:34.658 [Lua] [MOD][extended_weapon_customization][INFO] kitbashing item content/items/weapons/player/ranged/stocks/syn_shotgun_rifle_stock_01
04:06:34.658 [Lua] [MOD][extended_weapon_customization][INFO] kitbashing item content/items/weapons/player/ranged/stocks/syn_lasgun_rifle_stock_06
04:06:34.658 [Lua] [MOD][extended_weapon_customization][INFO] kitbashing item content/items/weapons/player/ranged/stocks/syn_lasgun_rifle_stock_05
04:06:34.658 [Lua] [MOD][extended_weapon_customization][INFO] kitbashing item content/items/weapons/player/ranged/stocks/syn_lasgun_rifle_stock_04
04:06:34.658 [Lua] [MOD][extended_weapon_customization][INFO] kitbashing item content/items/weapons/player/melee/shields/syn_shield_crusader_02b
04:06:34.658 [Lua] [MOD][extended_weapon_customization][INFO] kitbashing item content/items/weapons/player/melee/blades/owo_slim_blade_flat_psword_01
04:06:34.658 [Lua] [MOD][extended_weapon_customization][INFO] kitbashing item content/items/weapons/player/melee/shields/syn_shield_doomguy_03
04:06:34.658 [Lua] [MOD][extended_weapon_customization][INFO] kitbashing item content/items/weapons/player/melee/power/syn_battle_axe_head_02
04:06:34.658 [Lua] [MOD][extended_weapon_customization][INFO] kitbashing item content/items/weapons/player/melee/blades/owo_slim_blade_flat_psword_02
04:06:34.658 [Lua] [MOD][extended_weapon_customization][INFO] kitbashing item content/items/weapons/player/melee/power/syn_battle_axe_head_05
04:06:34.658 [Lua] [MOD][extended_weapon_customization][INFO] kitbashing item content/items/weapons/player/melee/power/syn_battle_axe_head_08
04:06:34.658 [Lua] [MOD][extended_weapon_customization][INFO] kitbashing item content/items/weapons/player/melee/power/syn_battle_axe_head_11
04:06:34.658 [Lua] [MOD][extended_weapon_customization][INFO] kitbashing item content/items/weapons/player/melee/blades/owo_slim_blade_flat_psword_03
04:06:34.658 [Lua] [MOD][extended_weapon_customization][INFO] kitbashing item content/items/weapons/player/melee/blades/syn_crucible_blade_01
04:06:34.658 [Lua] [MOD][extended_weapon_customization][INFO] kitbashing item content/items/weapons/player/ranged/receivers/chonky_stubpistol_01_left
04:06:34.658 [Lua] [MOD][extended_weapon_customization][INFO] kitbashing item content/items/weapons/player/ranged/receivers/chonky_stubpistol_02_left
04:06:34.658 [Lua] [MOD][extended_weapon_customization][INFO] kitbashing item content/items/weapons/player/ranged/receivers/longboi_stubpistol_01_left
04:06:34.658 [Lua] [MOD][extended_weapon_customization][INFO] kitbashing item content/items/weapons/player/melee/grips/syn_powerclaw_02
04:06:34.658 [Lua] [MOD][extended_weapon_customization][INFO] kitbashing item content/items/weapons/player/melee/body/syn_saw_body_combatsword_01
04:06:34.658 [Lua] [MOD][extended_weapon_customization][INFO] kitbashing item content/items/weapons/player/ranged/receivers/chonky_stubpistol_01_right
04:06:34.658 [Lua] [MOD][extended_weapon_customization][INFO] kitbashing item content/items/weapons/player/melee/blades/owo_slim_blade_flat_psword_06
04:06:34.658 [Lua] [MOD][extended_weapon_customization][INFO] kitbashing item content/items/weapons/player/ranged/receivers/longboi_stubpistol_01_right
04:06:34.658 [Lua] [MOD][extended_weapon_customization][INFO] kitbashing item content/items/weapons/player/ranged/muzzles/stub_compensator_01
04:06:34.658 [Lua] [MOD][extended_weapon_customization][INFO] kitbashing item content/items/weapons/player/ranged/muzzles/stub_compensator_02
04:06:34.658 [Lua] [MOD][extended_weapon_customization][INFO] kitbashing item content/items/weapons/player/ranged/muzzles/stub_supressor_01
04:06:34.658 [Lua] [MOD][extended_weapon_customization][INFO] kitbashing item content/items/weapons/player/ranged/underbarrels/stub_laserpointer_01
04:06:34.658 [Lua] [MOD][extended_weapon_customization][INFO] kitbashing item content/items/weapons/player/ranged/underbarrels/stub_laserpointer_01a
04:06:34.658 [Lua] [MOD][extended_weapon_customization][INFO] kitbashing item content/items/weapons/player/ranged/underbarrels/stub_laserpointer_01b
04:06:34.658 [Lua] [MOD][extended_weapon_customization][INFO] kitbashing item content/items/weapons/player/ranged/underbarrels/stub_laserpointer_02
04:06:34.658 [Lua] [MOD][extended_weapon_customization][INFO] kitbashing item content/items/weapons/player/melee/body/syn_saw_body_combatsword_04
04:06:34.658 [Lua] [MOD][extended_weapon_customization][INFO] kitbashing item content/items/weapons/player/melee/body/syn_saw_body_combatsword_ml01
04:06:34.658 [Lua] [MOD][extended_weapon_customization][INFO] kitbashing item content/items/weapons/player/melee/body/syn_saw_body_falchion_03
04:06:34.658 [Lua] [MOD][extended_weapon_customization][INFO] kitbashing item content/items/weapons/player/melee/blades/owo_slim_blade_flat_psword_g_01
04:06:34.658 [Lua] [MOD][extended_weapon_customization][INFO] kitbashing item content/items/weapons/player/melee/body/syn_saw_body_falchion_06
04:06:34.658 [Lua] [MOD][extended_weapon_customization][INFO] kitbashing item content/items/weapons/player/melee/body/syn_saw_body_sabre_02
04:06:34.658 [Lua] [MOD][extended_weapon_customization][INFO] kitbashing item content/items/weapons/player/melee/blades/owo_slim_blade_flat_psword_g_02
04:06:34.658 [Lua] [MOD][extended_weapon_customization][INFO] kitbashing item content/items/weapons/player/melee/body/syn_saw_body_sabre_05
04:06:34.658 [Lua] [MOD][extended_weapon_customization][INFO] kitbashing item content/items/weapons/player/melee/body/syn_saw_body_sabre_08
04:06:34.658 [Lua] [MOD][extended_weapon_customization][INFO] kitbashing item content/items/weapons/player/melee/blades/owo_slim_blade_flat_psword_g_03
04:06:34.658 [Lua] [MOD][extended_weapon_customization][INFO] kitbashing item content/items/weapons/player/ranged/barrels/syn_assaultshotgun_barrel_02_shotgun
04:06:34.658 [Lua] [MOD][extended_weapon_customization][INFO] kitbashing item content/items/weapons/player/ranged/barrels/syn_assaultshotgun_barrel_05_shotgun
04:06:34.658 [Lua] [MOD][extended_weapon_customization][INFO] kitbashing item content/items/weapons/player/melee/blades/owo_slim_blade_flat_psword_g_05
04:06:34.658 [Lua] [MOD][extended_weapon_customization][INFO] kitbashing item content/items/weapons/player/ranged/barrels/syn_stubrevolver_barrel_01_shotgun
04:06:34.658 [Lua] [MOD][extended_weapon_customization][INFO] kitbashing item content/items/weapons/player/ranged/barrels/syn_stubrevolver_barrel_02_shotgun
04:06:34.658 [Lua] [MOD][extended_weapon_customization][INFO] kitbashing item content/items/weapons/player/melee/blades/owo_slim_blade_flat_psword_g_06
04:06:34.658 [Lua] [MOD][extended_weapon_customization][INFO] kitbashing item content/items/weapons/player/ranged/barrels/syn_stubrevolver_barrel_03_shotgun
04:06:34.658 [Lua] [MOD][extended_weapon_customization][INFO] kitbashing item content/items/weapons/player/ranged/barrels/syn_stubrevolver_barrel_06_shotgun
04:06:34.658 [Lua] [MOD][extended_weapon_customization][INFO] kitbashing item content/items/weapons/player/melee/blades/owo_slim_blade_flat_psword_g_07
04:06:34.658 [Lua] [MOD][extended_weapon_customization][INFO] kitbashing item content/items/weapons/player/ranged/barrels/syn_gk8gauss_barrel_shotgun_02
04:06:34.658 [Lua] [MOD][extended_weapon_customization][INFO] kitbashing item content/items/weapons/player/ranged/barrels/syn_shotgun_classic_01
04:06:34.658 [Lua] [MOD][extended_weapon_customization][INFO] kitbashing item content/items/weapons/player/melee/blades/owo_slim_blade_flat_psword_g_ml01
04:06:34.658 [Lua] [MOD][extended_weapon_customization][INFO] kitbashing item content/items/weapons/player/ranged/syn_energy_cell_A
04:06:34.658 [Lua] [MOD][extended_weapon_customization][INFO] kitbashing item content/items/weapons/player/ranged/barrel/syn_plasma_pistol_coils_01
04:06:34.658 [Lua] [MOD][extended_weapon_customization][INFO] kitbashing item content/items/weapons/player/ranged/recievers/syn_kickback_shotgun_ml01
04:06:34.658 [Lua] [MOD][extended_weapon_customization][INFO] kitbashing item content/items/weapons/player/ranged/magacc/syn_flamer_02
04:06:34.658 [Lua] [MOD][extended_weapon_customization][INFO] kitbashing item content/items/weapons/player/melee/blades/owo_slim_blade_slim_psword_01
04:06:34.658 [Lua] [MOD][extended_weapon_customization][INFO] kitbashing item content/items/weapons/player/ranged/magacc/syn_flamer_05
04:06:34.658 [Lua] [MOD][extended_weapon_customization][INFO] kitbashing item content/items/weapons/player/ranged/magacc/syn_shellrack_01
04:06:34.658 [Lua] [MOD][extended_weapon_customization][INFO] kitbashing item content/items/weapons/player/melee/blades/owo_slim_blade_slim_psword_02
04:06:34.658 [Lua] [MOD][extended_weapon_customization][INFO] kitbashing item content/items/weapons/player/ranged/magacc/syn_shellrack_03_gauss
04:06:34.658 [Lua] [MOD][extended_weapon_customization][INFO] kitbashing item content/items/weapons/player/ranged/magazines/syn_shotgun_magdrum_02
04:06:34.658 [Lua] [MOD][extended_weapon_customization][INFO] kitbashing item content/items/weapons/player/melee/blades/owo_slim_blade_slim_psword_03
04:06:34.658 [Lua] [MOD][extended_weapon_customization][INFO] kitbashing item content/items/weapons/player/ranged/magazines/syn_shotgun_magdrum_05
04:06:34.658 [Lua] [MOD][extended_weapon_customization][INFO] kitbashing item content/items/weapons/player/ranged/magazines/syn_shotgun_magdrum_08
04:06:34.658 [Lua] [MOD][extended_weapon_customization][INFO] kitbashing item content/items/weapons/player/melee/blades/owo_slim_blade_slim_psword_05
04:06:34.658 [Lua] [MOD][extended_weapon_customization][INFO] kitbashing item content/items/weapons/player/ranged/magazines/syn_hag_magazine_02_shotgun
04:06:34.658 [Lua] [MOD][extended_weapon_customization][INFO] kitbashing item content/items/weapons/player/ranged/receivers/custom_autopistol_01_left
04:06:34.658 [Lua] [MOD][extended_weapon_customization][INFO] kitbashing item content/items/weapons/player/melee/blades/owo_slim_blade_slim_psword_06
04:06:34.658 [Lua] [MOD][extended_weapon_customization][INFO] kitbashing item content/items/weapons/player/ranged/magazines/syn_hag_magazine_07_shotgun
04:06:34.658 [Lua] [MOD][extended_weapon_customization][INFO] kitbashing item content/items/weapons/player/ranged/stocks/syn_reinforced_stock_shotgun_01a
04:06:34.658 [Lua] [MOD][extended_weapon_customization][INFO] kitbashing item content/items/weapons/player/melee/blades/owo_slim_blade_slim_psword_07
04:06:34.658 [Lua] [MOD][extended_weapon_customization][INFO] kitbashing item content/items/weapons/player/ranged/receivers/custom_autopistol_01_right
04:06:34.658 [Lua] [MOD][extended_weapon_customization][INFO] kitbashing item content/items/weapons/player/ranged/stocks/autopistol_thumbstock_01
04:06:34.658 [Lua] [MOD][extended_weapon_customization][INFO] kitbashing item content/items/weapons/player/melee/blades/owo_slim_blade_slim_psword_ml01
04:06:34.658 [Lua] [MOD][extended_weapon_customization][INFO] kitbashing item content/items/weapons/player/ranged/stocks/syn_gripstockcombo_11
04:06:34.658 [Lua] [MOD][extended_weapon_customization][INFO] kitbashing item content/items/weapons/player/ranged/stocks/syn_gripstockcombo_09
04:06:34.658 [Lua] [MOD][extended_weapon_customization][INFO] kitbashing item content/items/weapons/player/ranged/receivers/syn_shotgun_classic_arbites01
04:06:34.659 [Lua] [MOD][extended_weapon_customization][INFO] kitbashing item content/items/weapons/player/ranged/stocks/syn_reinforced_stock_assaultshotgun_01a
04:06:34.659 [Lua] [MOD][extended_weapon_customization][INFO] kitbashing item content/items/weapons/player/melee/blades/owo_slim_blade_slim_psword_g_01
04:06:34.659 [Lua] [MOD][extended_weapon_customization][INFO] kitbashing item content/items/weapons/player/ranged/barrels/syn_revolver_barrel_shotpistol_05
04:06:34.659 [Lua] [MOD][extended_weapon_customization][INFO] kitbashing item content/items/weapons/player/ranged/receivers/syn_shotpistol_body_02
04:06:34.659 [Lua] [MOD][extended_weapon_customization][INFO] kitbashing item content/items/weapons/player/melee/blades/owo_slim_blade_slim_psword_g_02
04:06:34.659 [Lua] [MOD][extended_weapon_customization][INFO] kitbashing item content/items/weapons/player/ranged/rails/syn_assault_shotgun_rail_01
04:06:34.659 [Lua] [MOD][extended_weapon_customization][INFO] kitbashing item content/items/weapons/player/ranged/underbarrels/syn_boltgun_rifle_underbarrel_04
04:06:34.659 [Lua] [MOD][extended_weapon_customization][INFO] kitbashing item content/items/weapons/player/melee/blades/owo_slim_blade_slim_psword_g_03
04:06:34.659 [Lua] [MOD][extended_weapon_customization][INFO] kitbashing item content/items/weapons/player/ranged/underbarrels/syn_shotgun_pump_action_underbarrel_01
04:06:34.659 [Lua] [MOD][extended_weapon_customization][INFO] kitbashing item content/items/weapons/player/ranged/decals/syn_decal_03
04:06:34.659 [Lua] [MOD][extended_weapon_customization][INFO] kitbashing item content/items/weapons/player/melee/blades/owo_slim_blade_slim_psword_g_05
04:06:34.659 [Lua] [MOD][extended_weapon_customization][INFO] kitbashing item content/items/weapons/player/ranged/emblems/syn_emblemright_09a
04:06:34.659 [Lua] [MOD][extended_weapon_customization][INFO] kitbashing item content/items/weapons/player/ranged/emblems/syn_emblemright_09e
04:06:34.659 [Lua] [MOD][extended_weapon_customization][INFO] kitbashing item content/items/weapons/player/melee/blades/owo_slim_blade_slim_psword_g_06
04:06:34.659 [Lua] [MOD][extended_weapon_customization][INFO] kitbashing item content/items/weapons/player/ranged/stocks/syn_lasgun_pistol_stock_02
04:06:34.659 [Lua] [MOD][extended_weapon_customization][INFO] kitbashing item content/items/weapons/player/ranged/stocks/syn_lasgun_rifle_elysian_stock_03
04:06:34.659 [Lua] [MOD][extended_weapon_customization][INFO] kitbashing item content/items/weapons/player/melee/blades/owo_slim_blade_slim_psword_g_07
04:06:34.659 [Lua] [MOD][extended_weapon_customization][INFO] kitbashing item content/items/weapons/player/ranged/recievers/syn_assault_shotgun_receiver_03
04:06:34.659 [Lua] [MOD][extended_weapon_customization][INFO] kitbashing item content/items/weapons/player/ranged/recievers/syn_assault_shotgun_receiver_deluxe01
04:06:34.659 [Lua] [MOD][extended_weapon_customization][INFO] kitbashing item content/items/weapons/player/melee/blades/owo_slim_blade_slim_psword_g_ml01
04:06:34.659 [Lua] [MOD][extended_weapon_customization][INFO] kitbashing item content/items/weapons/player/ranged/recievers/syn_assault_shotgun_receiver_ml01
04:06:34.659 [Lua] [MOD][extended_weapon_customization][INFO] kitbashing item content/items/weapons/player/ranged/recievers/syn_lasgun_pistol_receiver_02
04:06:34.659 [Lua] [MOD][extended_weapon_customization][INFO] kitbashing item content/items/weapons/player/ranged/recievers/syn_lasgun_pistol_receiver_03
04:06:34.659 [Lua] [MOD][extended_weapon_customization][INFO] kitbashing item content/items/weapons/player/ranged/bayonets/syn_rippergun_rifle_bayonet_02
04:06:34.659 [Lua] [MOD][extended_weapon_customization][INFO] kitbashing item content/items/weapons/player/melee/blades/owo_slim_blade_flat_pfalchion_01
04:06:34.659 [Lua] [MOD][extended_weapon_customization][INFO] kitbashing item content/items/weapons/player/ranged/muzzles/syn_autogun_rifle_ak_muzzle_05
04:06:34.659 [Lua] [MOD][extended_weapon_customization][INFO] kitbashing item content/items/weapons/player/ranged/muzzles/syn_autogun_rifle_killshot_muzzle_03
04:06:34.659 [Lua] [MOD][extended_weapon_customization][INFO] kitbashing item content/items/weapons/player/melee/blades/owo_slim_blade_flat_pfalchion_02
04:06:34.659 [Lua] [MOD][extended_weapon_customization][INFO] kitbashing item content/items/weapons/player/ranged/muzzles/syn_autogun_rifle_killshot_muzzle_05
04:06:34.659 [Lua] [MOD][extended_weapon_customization][INFO] kitbashing item content/items/weapons/player/ranged/muzzles/syn_autogun_rifle_killshot_muzzle_ml01
04:06:34.659 [Lua] [MOD][extended_weapon_customization][INFO] kitbashing item content/items/weapons/player/melee/blades/owo_slim_blade_flat_pfalchion_ml01
04:06:34.659 [Lua] [MOD][extended_weapon_customization][INFO] kitbashing item content/items/weapons/player/ranged/muzzles/syn_lasgun_pistol_muzzle_01
04:06:34.659 [Lua] [MOD][extended_weapon_customization][INFO] kitbashing item content/items/weapons/player/ranged/muzzles/syn_autogun_pistol_muzzle_05
04:06:34.659 [Lua] [MOD][extended_weapon_customization][INFO] kitbashing item content/items/weapons/player/ranged/muzzles/syn_autogun_pistol_muzzle_ml01
04:06:34.659 [Lua] [MOD][extended_weapon_customization][INFO] kitbashing item content/items/weapons/player/ranged/muzzles/syn_lasgun_rifle_krieg_muzzle_02
04:06:34.659 [Lua] [MOD][extended_weapon_customization][INFO] kitbashing item content/items/weapons/player/ranged/muzzles/syn_lasgun_rifle_krieg_muzzle_05
04:06:34.659 [Lua] [MOD][extended_weapon_customization][INFO] kitbashing item content/items/weapons/player/melee/blades/owo_slim_blade_flat_pfalchion_g_01
04:06:34.659 [Lua] [MOD][extended_weapon_customization][INFO] kitbashing item content/items/weapons/player/ranged/grips/syn_lasgun_pistol_grip_01
04:06:34.659 [Lua] [MOD][extended_weapon_customization][INFO] kitbashing item content/items/weapons/player/melee/grips/syn_transonic_blade_grip_ml01
04:06:34.659 [Lua] [MOD][extended_weapon_customization][INFO] kitbashing item content/items/weapons/player/melee/blades/owo_slim_blade_flat_pfalchion_g_02
04:06:34.659 [Lua] [MOD][extended_weapon_customization][INFO] kitbashing item content/items/weapons/player/melee/grips/syn_chain_axe_grip_06
04:06:34.659 [Lua] [MOD][extended_weapon_customization][INFO] kitbashing item content/items/weapons/player/melee/grips/syn_power_sword_grip_01
04:06:34.659 [Lua] [MOD][extended_weapon_customization][INFO] kitbashing item content/items/weapons/player/melee/blades/owo_slim_blade_flat_pfalchion_g_ml01
04:06:34.659 [Lua] [MOD][extended_weapon_customization][INFO] kitbashing item content/items/weapons/player/melee/grips/syn_power_sword_grip_06
04:06:34.659 [Lua] [MOD][extended_weapon_customization][INFO] kitbashing item content/items/weapons/player/melee/full/syn_force_staff_full_03
04:06:34.659 [Lua] [MOD][extended_weapon_customization][INFO] kitbashing item content/items/weapons/player/melee/full/syn_force_staff_full_06
04:06:34.659 [Lua] [MOD][extended_weapon_customization][INFO] kitbashing item content/items/weapons/player/melee/heads/syn_shovel_ogryn_head_03
04:06:34.659 [Lua] [MOD][extended_weapon_customization][INFO] kitbashing item content/items/weapons/player/melee/blades/owo_slim_blade_slim_pfalchion_01
04:06:34.659 [Lua] [MOD][extended_weapon_customization][INFO] kitbashing item content/items/weapons/player/melee/heads/syn_human_power_maul_short_head_ml02
04:06:34.659 [Lua] [MOD][extended_weapon_customization][INFO] kitbashing item content/items/weapons/player/melee/heads/syn_human_power_maul_short_head_deluxe01
04:06:34.659 [Lua] [MOD][extended_weapon_customization][INFO] kitbashing item content/items/weapons/player/melee/blades/owo_slim_blade_slim_pfalchion_02
04:06:34.659 [Lua] [MOD][extended_weapon_customization][INFO] kitbashing item content/items/weapons/player/melee/heads/syn_force_staff_head_01
04:06:34.659 [Lua] [MOD][extended_weapon_customization][INFO] kitbashing item content/items/weapons/player/melee/heads/syn_force_staff_head_05
04:06:34.659 [Lua] [MOD][extended_weapon_customization][INFO] kitbashing item content/items/weapons/player/melee/blades/owo_slim_blade_slim_pfalchion_ml01
04:06:34.659 [Lua] [MOD][extended_weapon_customization][INFO] kitbashing item content/items/weapons/player/melee/blades/syn_combat_knife_blade_08
04:06:34.659 [Lua] [MOD][extended_weapon_customization][INFO] kitbashing item content/items/weapons/player/melee/blades/syn_combat_knife_blade_10
04:06:34.659 [Lua] [MOD][extended_weapon_customization][INFO] kitbashing item content/items/weapons/player/melee/blades/syn_power_falchion_blade_ml01
04:06:34.659 [Lua] [MOD][extended_weapon_customization][INFO] kitbashing item content/items/weapons/player/melee/connectors/syn_2h_power_maul_connector_06
04:06:34.659 [Lua] [MOD][extended_weapon_customization][INFO] kitbashing item content/items/weapons/player/melee/blades/owo_slim_blade_slim_pfalchion_g_01
04:06:34.659 [Lua] [MOD][extended_weapon_customization][INFO] kitbashing item content/items/weapons/player/melee/connectors/syn_thunder_hammer_connector_07
04:06:34.659 [Lua] [MOD][extended_weapon_customization][INFO] kitbashing item content/items/weapons/player/melee/shafts/syn_force_staff_shaft_upper_02
04:06:34.659 [Lua] [MOD][extended_weapon_customization][INFO] kitbashing item content/items/weapons/player/melee/blades/owo_slim_blade_slim_pfalchion_g_02
04:06:34.659 [Lua] [MOD][extended_weapon_customization][INFO] kitbashing item content/items/weapons/player/melee/shafts/syn_force_staff_shaft_upper_06
04:06:34.659 [Lua] [MOD][extended_weapon_customization][INFO] kitbashing item content/items/weapons/player/melee/shafts/syn_force_staff_shaft_upper_07
04:06:34.659 [Lua] [MOD][extended_weapon_customization][INFO] kitbashing item content/items/weapons/player/melee/blades/owo_slim_blade_slim_pfalchion_g_ml01
04:06:34.659 [Lua] [MOD][extended_weapon_customization][INFO] kitbashing item content/items/weapons/player/melee/shafts/syn_force_staff_shaft_upper_ml01
04:06:34.659 [Lua] [MOD][extended_weapon_customization][INFO] kitbashing item content/items/weapons/player/melee/shafts/syn_ogryn_pickaxe_shaft_07
04:06:34.659 [Lua] [MOD][extended_weapon_customization][INFO] kitbashing item content/items/weapons/player/melee/pommels/syn_2h_power_sword_pommel_03
04:06:34.659 [Lua] [MOD][extended_weapon_customization][INFO] kitbashing item content/items/weapons/player/melee/pommels/syn_2h_power_sword_pommel_04
04:06:34.659 [Lua] [MOD][extended_weapon_customization][INFO] kitbashing item content/items/weapons/player/melee/blades/owo_slim_blade_flat_mech_psword_08
04:06:34.659 [Lua] [MOD][extended_weapon_customization][INFO] kitbashing item content/items/weapons/player/melee/pommels/syn_thunder_hammer_pommel_02
04:06:34.659 [Lua] [MOD][extended_weapon_customization][INFO] kitbashing item content/items/weapons/player/melee/pommels/syn_2h_power_maul_pommel_05
04:06:34.659 [Lua] [MOD][extended_weapon_customization][INFO] kitbashing item content/items/weapons/player/melee/pommels/syn_2h_power_maul_pommel_ml01
04:06:34.659 [Lua] [MOD][extended_weapon_customization][INFO] kitbashing item content/items/weapons/player/melee/pommels/syn_hatchet_pommel_ml01
04:06:34.659 [Lua] [MOD][extended_weapon_customization][INFO] kitbashing item content/items/weapons/player/melee/pommels/syn_power_sword_pommel_05
04:06:34.659 [Lua] [MOD][extended_weapon_customization][INFO] kitbashing item content/items/weapons/player/melee/blades/owo_slim_blade_flat_mech_psword_g_08
04:06:34.659 [Lua] [MOD][extended_weapon_customization][INFO] kitbashing item content/items/weapons/player/melee/pommels/syn_power_sword_pommel_ml01
04:06:34.659 [Lua] [MOD][extended_weapon_customization][INFO] kitbashing item content/items/weapons/player/melee/pommels/syn_power_maul_pommel_01
04:06:34.659 [Lua] [MOD][extended_weapon_customization][INFO] kitbashing item content/items/weapons/player/melee/pommels/syn_power_maul_pommel_05
04:06:34.659 [Lua] [MOD][extended_weapon_customization][INFO] kitbashing item content/items/weapons/player/melee/chains/syn_chain_axe_chain_ml01
04:06:34.659 [Lua] [MOD][extended_weapon_customization][INFO] kitbashing item content/items/weapons/player/melee/blades/owo_slim_blade_slim_mech_psword_08
04:06:34.659 [Lua] [MOD][extended_weapon_customization][INFO] kitbashing item content/items/weapons/player/ranged/syn_shotpistol_barrel_01
04:06:34.659 [Lua] [MOD][extended_weapon_customization][INFO] kitbashing item content/items/weapons/player/ranged/barrels/syn_vulcan_motor_01
04:06:34.659 [Lua] [MOD][extended_weapon_customization][INFO] kitbashing item content/items/weapons/player/ranged/barrels/syn_multilaser_barrel_guard_01
04:06:34.659 [Lua] [MOD][extended_weapon_customization][INFO] kitbashing item content/items/weapons/player/ranged/barrels/syn_multilaser_muzzle_ml01
04:06:34.659 [Lua] [MOD][extended_weapon_customization][INFO] kitbashing item content/items/weapons/player/melee/blades/owo_slim_blade_slim_mech_psword_g_08
04:06:34.659 [Lua] [MOD][extended_weapon_customization][INFO] kitbashing item content/items/weapons/player/ranged/stocks/syn_reinforcedstock_boltergrip
04:06:34.660 [Lua] [MOD][extended_weapon_customization][INFO] kitbashing item content/items/weapons/player/ranged/stocks/syn_reinforcedstock_boltergrip_ml
04:06:34.660 [Lua] [MOD][extended_weapon_customization][INFO] kitbashing item content/items/weapons/player/melee/blades/owo_slim_blade_flat_mech_psword_08_ml01
04:06:34.660 [Lua] [MOD][extended_weapon_customization][INFO] kitbashing item content/items/weapons/player/ranged/stocks/syn_reinforced_stock_main_11
04:06:34.660 [Lua] [MOD][extended_weapon_customization][INFO] kitbashing item content/items/weapons/player/ranged/stocks/syn_reinforced_stock_main_12
04:06:34.660 [Lua] [MOD][extended_weapon_customization][INFO] kitbashing item content/items/weapons/player/ranged/stocks/syn_reinforced_stock_main_14
04:06:34.660 [Lua] [MOD][extended_weapon_customization][INFO] kitbashing item content/items/weapons/player/melee/blades/owo_slim_blade_flat_mech_psword_g_08_ml01
04:06:34.660 [Lua] [MOD][extended_weapon_customization][INFO] kitbashing item content/items/weapons/player/ranged/recievers/syn_autogun_pistol_compact_receiver_01
04:06:34.660 [Lua] [MOD][extended_weapon_customization][INFO] kitbashing item content/items/weapons/player/ranged/recievers/syn_plasma_rifle_receiver_01
04:06:34.660 [Lua] [MOD][extended_weapon_customization][INFO] kitbashing item content/items/weapons/player/melee/blades/owo_slim_blade_slim_mech_psword_08_ml01
04:06:34.660 [Lua] [MOD][extended_weapon_customization][INFO] kitbashing item content/items/weapons/player/ranged/recievers/syn_plasma_rifle_receiver_03
04:06:34.660 [Lua] [MOD][extended_weapon_customization][INFO] kitbashing item content/items/weapons/player/ranged/stocks/syn_reinforced_stock_main_01
04:06:34.660 [Lua] [MOD][extended_weapon_customization][INFO] kitbashing item content/items/weapons/player/melee/blades/owo_slim_blade_slim_mech_psword_g_08_ml01
04:06:34.660 [Lua] [MOD][extended_weapon_customization][INFO] kitbashing item content/items/weapons/player/ranged/stocks/syn_reinforced_stock_main_02
04:06:34.660 [Lua] [MOD][extended_weapon_customization][INFO] kitbashing item content/items/weapons/player/ranged/stocks/syn_reinforced_stock_main_03
04:06:34.660 [Lua] [MOD][extended_weapon_customization][INFO] kitbashing item content/items/weapons/player/melee/blades/owo_slim_blade_flat_mech_psword_01
04:06:34.660 [Lua] [MOD][extended_weapon_customization][INFO] kitbashing item content/items/weapons/player/ranged/stocks/syn_reinforced_stock_main_04
04:06:34.660 [Lua] [MOD][extended_weapon_customization][INFO] kitbashing item content/items/weapons/player/ranged/recievers/syn_flamer_rifle_receiver_06
04:06:34.660 [Lua] [MOD][extended_weapon_customization][INFO] kitbashing item content/items/weapons/player/melee/blades/owo_slim_blade_flat_mech_psword_g_01
04:06:34.660 [Lua] [MOD][extended_weapon_customization][INFO] kitbashing item content/items/weapons/player/ranged/muzzles/lasgun_rifle_elysian_muzzle_ml01
04:06:34.660 [Lua] [MOD][extended_weapon_customization][INFO] kitbashing item content/items/weapons/player/ranged/muzzles/lasgun_rifle_elysian_muzzle_04
04:06:34.660 [Lua] [MOD][extended_weapon_customization][INFO] kitbashing item content/items/weapons/player/melee/blades/owo_slim_blade_slim_mech_psword_01
04:06:34.660 [Lua] [MOD][extended_weapon_customization][INFO] kitbashing item content/items/weapons/player/ranged/muzzles/lasgun_rifle_elysian_muzzle_03
04:06:34.660 [Lua] [MOD][extended_weapon_customization][INFO] kitbashing item content/items/weapons/player/melee/heads/syn_human_power_maul_head_02
04:06:34.660 [Lua] [MOD][extended_weapon_customization][INFO] kitbashing item content/items/weapons/player/melee/blades/owo_slim_blade_slim_mech_psword_g_01
04:06:34.660 [Lua] [MOD][extended_weapon_customization][INFO] kitbashing item content/items/weapons/player/melee/heads/syn_human_power_maul_head_01
04:06:34.660 [Lua] [MOD][extended_weapon_customization][INFO] kitbashing item content/items/weapons/player/ranged/recievers/syn_lasgun_pistol_receiver_05
04:06:34.660 [Lua] [MOD][extended_weapon_customization][INFO] kitbashing item content/items/weapons/player/ranged/recievers/syn_lasgun_pistol_receiver_06
04:06:34.660 [Lua] [MOD][extended_weapon_customization][INFO] kitbashing item content/items/weapons/player/ranged/recievers/syn_lasgun_pistol_receiver_07
04:06:34.660 [Lua] [MOD][extended_weapon_customization][INFO] kitbashing item content/items/weapons/player/melee/blades/owo_slim_blade_flat_2h_psword_01
04:06:34.660 [Lua] [MOD][extended_weapon_customization][INFO] kitbashing item content/items/weapons/player/ranged/recievers/syn_lasgun_pistol_receiver_08
04:06:34.660 [Lua] [MOD][extended_weapon_customization][INFO] kitbashing item content/items/weapons/player/ranged/recievers/syn_lasgun_pistol_receiver_04
04:06:34.660 [Lua] [MOD][extended_weapon_customization][INFO] kitbashing item content/items/weapons/player/melee/blades/owo_slim_blade_flat_2h_psword_02
04:06:34.660 [Lua] [MOD][extended_weapon_customization][INFO] kitbashing item content/items/weapons/player/ranged/recievers/syn_lasgun_pistol_receiver_01
04:06:34.660 [Lua] [MOD][extended_weapon_customization][INFO] kitbashing item content/items/weapons/player/melee/blades/syn_bonesaw_blade_03
04:06:34.660 [Lua] [MOD][extended_weapon_customization][INFO] kitbashing item content/items/weapons/player/melee/blades/owo_slim_blade_flat_2h_psword_03
04:06:34.660 [Lua] [MOD][extended_weapon_customization][INFO] kitbashing item content/items/weapons/player/melee/blades/syn_bonesaw_blade_02
04:06:34.660 [Lua] [MOD][extended_weapon_customization][INFO] kitbashing item content/items/weapons/player/melee/blades/syn_bonesaw_blade_01
04:06:34.660 [Lua] [MOD][extended_weapon_customization][INFO] kitbashing item content/items/weapons/player/melee/blades/owo_slim_blade_flat_2h_psword_ml01
04:06:34.660 [Lua] [MOD][extended_weapon_customization][INFO] kitbashing item content/items/weapons/player/ranged/muzzles/lasgun_rifle_elysian_muzzle_01
04:06:34.660 [Lua] [MOD][extended_weapon_customization][INFO] kitbashing item content/items/weapons/player/ranged/syn_stock_extension_03
04:06:34.660 [Lua] [MOD][extended_weapon_customization][INFO] kitbashing item content/items/weapons/player/ranged/syn_stock_extension_04
04:06:34.660 [Lua] [MOD][extended_weapon_customization][INFO] kitbashing item content/items/weapons/player/melee/heads/syn_thunder_hammer_head_ml01
04:06:34.660 [Lua] [MOD][extended_weapon_customization][INFO] kitbashing item content/items/weapons/player/melee/heads/syn_thunder_hammer_head_07
04:06:34.660 [Lua] [MOD][extended_weapon_customization][INFO] kitbashing item content/items/weapons/player/melee/blades/owo_slim_blade_flat_2h_psword_g_01
04:06:34.660 [Lua] [MOD][extended_weapon_customization][INFO] kitbashing item content/items/weapons/player/melee/heads/syn_thunder_hammer_head_06
04:06:34.660 [Lua] [MOD][extended_weapon_customization][INFO] kitbashing item content/items/weapons/player/melee/heads/syn_thunder_hammer_head_05
04:06:34.660 [Lua] [MOD][extended_weapon_customization][INFO] kitbashing item content/items/weapons/player/melee/blades/owo_slim_blade_flat_2h_psword_g_02
04:06:34.660 [Lua] [MOD][extended_weapon_customization][INFO] kitbashing item content/items/weapons/player/melee/heads/syn_thunder_hammer_head_04
04:06:34.660 [Lua] [MOD][extended_weapon_customization][INFO] kitbashing item content/items/weapons/player/melee/heads/syn_thunder_hammer_head_03
04:06:34.660 [Lua] [MOD][extended_weapon_customization][INFO] kitbashing item content/items/weapons/player/melee/blades/owo_slim_blade_flat_2h_psword_g_03
04:06:34.660 [Lua] [MOD][extended_weapon_customization][INFO] kitbashing item content/items/weapons/player/melee/heads/syn_thunder_hammer_head_02
04:06:34.660 [Lua] [MOD][extended_weapon_customization][INFO] kitbashing item content/items/weapons/player/melee/heads/syn_thunder_hammer_head_01
04:06:34.660 [Lua] [MOD][extended_weapon_customization][INFO] kitbashing item content/items/weapons/player/melee/blades/owo_slim_blade_flat_2h_psword_g_ml01
04:06:34.660 [Lua] [MOD][extended_weapon_customization][INFO] kitbashing item content/items/weapons/player/ranged/muzzles/lasgun_rifle_elysian_muzzle_02
04:06:34.660 [Lua] [MOD][extended_weapon_customization][INFO] kitbashing item content/items/weapons/player/ranged/bayonets/syn_scythe_07
04:06:34.660 [Lua] [MOD][extended_weapon_customization][INFO] kitbashing item content/items/weapons/player/ranged/recievers/syn_lasgun_rifle_elysian_receiver_05
04:06:34.660 [Lua] [MOD][extended_weapon_customization][INFO] kitbashing item content/items/weapons/player/melee/grips/syn_chain_axe_grip_01
04:06:34.660 [Lua] [MOD][extended_weapon_customization][INFO] kitbashing item content/items/weapons/player/melee/blades/owo_slim_blade_slim_2h_psword_01
04:06:34.660 [Lua] [MOD][extended_weapon_customization][INFO] kitbashing item content/items/weapons/player/melee/pommels/syn_power_maul_pommel_ml01
04:06:34.660 [Lua] [MOD][extended_weapon_customization][INFO] kitbashing item content/items/weapons/player/melee/connectors/syn_thunder_hammer_connector_ml01
04:06:34.660 [Lua] [MOD][extended_weapon_customization][INFO] kitbashing item content/items/weapons/player/melee/blades/owo_slim_blade_slim_2h_psword_02
04:06:34.660 [Lua] [MOD][extended_weapon_customization][INFO] kitbashing item content/items/weapons/player/melee/connectors/syn_2h_power_maul_connector_04
04:06:34.660 [Lua] [MOD][extended_weapon_customization][INFO] kitbashing item content/items/weapons/player/melee/connectors/syn_human_power_maul_connector_07
04:06:34.660 [Lua] [MOD][extended_weapon_customization][INFO] kitbashing item content/items/weapons/player/melee/blades/owo_slim_blade_slim_2h_psword_03
04:06:34.660 [Lua] [MOD][extended_weapon_customization][INFO] kitbashing item content/items/weapons/player/melee/connectors/syn_thunder_hammer_connector_03
04:06:34.660 [Lua] [MOD][extended_weapon_customization][INFO] kitbashing item content/items/weapons/player/melee/connectors/syn_human_power_maul_connector_05
04:06:34.660 [Lua] [MOD][extended_weapon_customization][INFO] kitbashing item content/items/weapons/player/melee/blades/owo_slim_blade_slim_2h_psword_ml01
04:06:34.660 [Lua] [MOD][extended_weapon_customization][INFO] kitbashing item content/items/weapons/player/melee/connectors/syn_2h_power_maul_connector_05
04:06:34.660 [Lua] [MOD][extended_weapon_customization][INFO] kitbashing item content/items/weapons/player/melee/connectors/syn_human_power_maul_connector_06
04:06:34.660 [Lua] [MOD][extended_weapon_customization][INFO] kitbashing item content/items/weapons/player/melee/connectors/syn_thunder_hammer_connector_02
04:06:34.660 [Lua] [MOD][extended_weapon_customization][INFO] kitbashing item content/items/weapons/player/melee/connectors/syn_human_power_maul_connector_03
04:06:34.660 [Lua] [MOD][extended_weapon_customization][INFO] kitbashing item content/items/weapons/player/melee/blades/owo_slim_blade_slim_2h_psword_g_01
04:06:34.660 [Lua] [MOD][extended_weapon_customization][INFO] kitbashing item content/items/weapons/player/melee/pommels/syn_power_maul_pommel_02
04:06:34.660 [Lua] [MOD][extended_weapon_customization][INFO] kitbashing item content/items/weapons/player/melee/connectors/syn_thunder_hammer_connector_04
04:06:34.660 [Lua] [MOD][extended_weapon_customization][INFO] kitbashing item content/items/weapons/player/melee/blades/owo_slim_blade_slim_2h_psword_g_02
04:06:34.660 [Lua] [MOD][extended_weapon_customization][INFO] kitbashing item content/items/weapons/player/ranged/recievers/syn_lasgun_rifle_elysian_receiver_ml01
04:06:34.660 [Lua] [MOD][extended_weapon_customization][INFO] kitbashing item content/items/weapons/player/ranged/recievers/syn_flamer_rifle_receiver_ml01
04:06:34.660 [Lua] [MOD][extended_weapon_customization][INFO] kitbashing item content/items/weapons/player/melee/blades/owo_slim_blade_slim_2h_psword_g_03
04:06:34.660 [Lua] [MOD][extended_weapon_customization][INFO] kitbashing item content/items/weapons/player/melee/heads/syn_force_staff_head_11
04:06:34.660 [Lua] [MOD][extended_weapon_customization][INFO] kitbashing item content/items/weapons/player/ranged/recievers/syn_lasgun_rifle_elysian_receiver_08
04:06:34.660 [Lua] [MOD][extended_weapon_customization][INFO] kitbashing item content/items/weapons/player/melee/blades/owo_slim_blade_slim_2h_psword_g_ml01
04:06:34.660 [Lua] [MOD][extended_weapon_customization][INFO] kitbashing item content/items/weapons/player/ranged/recievers/syn_flamer_rifle_receiver_07
04:06:34.660 [Lua] [MOD][extended_weapon_customization][INFO] kitbashing item content/items/weapons/player/ranged/recievers/syn_flamer_rifle_receiver_09
04:06:34.660 [Lua] [MOD][extended_weapon_customization][INFO] kitbashing item content/items/weapons/player/ranged/recievers/syn_flamer_rifle_receiver_08
04:06:34.661 [Lua] [MOD][extended_weapon_customization][INFO] kitbashing item content/items/weapons/player/ranged/recievers/syn_lasgun_rifle_elysian_receiver_07
04:06:34.661 [Lua] [MOD][extended_weapon_customization][INFO] kitbashing item content/items/weapons/player/melee/blades/owo_slim_blade_flat_2h_psword_short_01
04:06:34.661 [Lua] [MOD][extended_weapon_customization][INFO] kitbashing item content/items/weapons/player/ranged/recievers/syn_lasgun_rifle_elysian_receiver_06
04:06:34.661 [Lua] [MOD][extended_weapon_customization][INFO] kitbashing item content/items/weapons/player/ranged/recievers/syn_flamer_rifle_receiver_05
04:06:34.661 [Lua] [MOD][extended_weapon_customization][INFO] kitbashing item content/items/weapons/player/melee/blades/owo_slim_blade_flat_2h_psword_short_02
04:06:34.661 [Lua] [MOD][extended_weapon_customization][INFO] kitbashing item content/items/weapons/player/ranged/bayonets/syn_scythe_06
04:06:34.661 [Lua] [MOD][extended_weapon_customization][INFO] kitbashing item content/items/weapons/player/ranged/bayonets/syn_scythe_05
04:06:34.661 [Lua] [MOD][extended_weapon_customization][INFO] kitbashing item content/items/weapons/player/melee/blades/owo_slim_blade_flat_2h_psword_short_03
04:06:34.661 [Lua] [MOD][extended_weapon_customization][INFO] kitbashing item content/items/weapons/player/ranged/bayonets/syn_scythe_04
04:06:34.661 [Lua] [MOD][extended_weapon_customization][INFO] kitbashing item content/items/weapons/player/melee/ogryn/syn_axe_head_13
04:06:34.661 [Lua] [MOD][extended_weapon_customization][INFO] kitbashing item content/items/weapons/player/melee/blades/owo_slim_blade_flat_2h_psword_short_ml01
04:06:34.661 [Lua] [MOD][extended_weapon_customization][INFO] kitbashing item content/items/weapons/player/melee/ogryn/syn_axe_head_11
04:06:34.661 [Lua] [MOD][extended_weapon_customization][INFO] kitbashing item content/items/weapons/player/melee/ogryn/syn_axe_head_10
04:06:34.661 [Lua] [MOD][extended_weapon_customization][INFO] kitbashing item content/items/weapons/player/melee/ogryn/syn_axe_head_09
04:06:34.661 [Lua] [MOD][extended_weapon_customization][INFO] kitbashing item content/items/weapons/player/ranged/recievers/syn_flamer_rifle_receiver_02
04:06:34.661 [Lua] [MOD][extended_weapon_customization][INFO] kitbashing item content/items/weapons/player/melee/blades/owo_slim_blade_flat_2h_psword_short_g_01
04:06:34.661 [Lua] [MOD][extended_weapon_customization][INFO] kitbashing item content/items/weapons/player/ranged/recievers/syn_lasgun_rifle_elysian_receiver_01
04:06:34.661 [Lua] [MOD][extended_weapon_customization][INFO] kitbashing item content/items/weapons/player/ranged/recievers/syn_flamer_rifle_receiver_01
04:06:34.661 [Lua] [MOD][extended_weapon_customization][INFO] kitbashing item content/items/weapons/player/melee/blades/owo_slim_blade_flat_2h_psword_short_g_02
04:06:34.661 [Lua] [MOD][extended_weapon_customization][INFO] kitbashing item content/items/weapons/player/ranged/recievers/syn_stub_pistol_receiver_ml01_ver02
04:06:34.661 [Lua] [MOD][extended_weapon_customization][INFO] kitbashing item content/items/weapons/player/ranged/recievers/syn_stub_pistol_receiver_ml01_ver01
04:06:34.661 [Lua] [MOD][extended_weapon_customization][INFO] kitbashing item content/items/weapons/player/melee/blades/owo_slim_blade_flat_2h_psword_short_g_03
04:06:34.661 [Lua] [MOD][extended_weapon_customization][INFO] kitbashing item content/items/weapons/player/ranged/recievers/syn_stub_pistol_receiver_deluxe_ver02
04:06:34.661 [Lua] [MOD][extended_weapon_customization][INFO] kitbashing item content/items/weapons/player/melee/ogryn/syn_axe_head_01
04:06:34.661 [Lua] [MOD][extended_weapon_customization][INFO] kitbashing item content/items/weapons/player/melee/blades/owo_slim_blade_flat_2h_psword_short_g_ml01
04:06:34.661 [Lua] [MOD][extended_weapon_customization][INFO] kitbashing item content/items/weapons/player/ranged/recievers/syn_stub_pistol_receiver_02
04:06:34.661 [Lua] [MOD][extended_weapon_customization][INFO] kitbashing item content/items/weapons/player/ranged/recievers/syn_stub_pistol_receiver_01
04:06:34.661 [Lua] [MOD][extended_weapon_customization][INFO] kitbashing item content/items/weapons/player/melee/shields/syn_shield_doomguy_02_ogryn
04:06:34.661 [Lua] [MOD][extended_weapon_customization][INFO] kitbashing item content/items/weapons/player/ranged/recievers/syn_plasma_rifle_receiver_ml01
04:06:34.661 [Lua] [MOD][extended_weapon_customization][INFO] kitbashing item content/items/weapons/player/melee/blades/owo_slim_blade_slim_2h_psword_short_01
04:06:34.661 [Lua] [MOD][extended_weapon_customization][INFO] kitbashing item content/items/weapons/player/melee/shields/syn_ogryn_shield_crusader_02
04:06:34.661 [Lua] [MOD][extended_weapon_customization][INFO] kitbashing item content/items/weapons/player/ranged/recievers/syn_plasma_rifle_receiver_02
04:06:34.661 [Lua] [MOD][extended_weapon_customization][INFO] kitbashing item content/items/weapons/player/melee/blades/owo_slim_blade_slim_2h_psword_short_02
04:06:34.661 [Lua] [MOD][extended_weapon_customization][INFO] kitbashing item content/items/weapons/player/melee/heads/syn_ogryn_powersword_ml01
04:06:34.661 [Lua] [MOD][extended_weapon_customization][INFO] kitbashing item content/items/weapons/player/melee/heads/syn_ogryn_powersword_08_ml01
04:06:34.661 [Lua] [MOD][extended_weapon_customization][INFO] kitbashing item content/items/weapons/player/melee/blades/owo_slim_blade_slim_2h_psword_short_03
04:06:34.661 [Lua] [MOD][extended_weapon_customization][INFO] kitbashing item content/items/weapons/player/melee/heads/syn_ogryn_powersword_deluxe01
04:06:34.661 [Lua] [MOD][extended_weapon_customization][INFO] kitbashing item content/items/weapons/player/melee/heads/syn_ogryn_powersword_08
04:06:34.661 [Lua] [MOD][extended_weapon_customization][INFO] kitbashing item content/items/weapons/player/melee/blades/owo_slim_blade_slim_2h_psword_short_ml01
04:06:34.661 [Lua] [MOD][extended_weapon_customization][INFO] kitbashing item content/items/weapons/player/melee/heads/syn_ogryn_powersword_07
04:06:34.661 [Lua] [MOD][extended_weapon_customization][INFO] kitbashing item content/items/weapons/player/melee/heads/syn_ogryn_powersword_06
04:06:34.661 [Lua] [MOD][extended_weapon_customization][INFO] kitbashing item content/items/weapons/player/melee/heads/syn_ogryn_powersword_05
04:06:34.661 [Lua] [MOD][extended_weapon_customization][INFO] kitbashing item content/items/weapons/player/melee/heads/syn_ogryn_powersword_02
04:06:34.661 [Lua] [MOD][extended_weapon_customization][INFO] kitbashing item content/items/weapons/player/melee/blades/owo_slim_blade_slim_2h_psword_short_g_01
04:06:34.661 [Lua] [MOD][extended_weapon_customization][INFO] kitbashing item content/items/weapons/player/melee/heads/syn_ogryn_halberd_02
04:06:34.661 [Lua] [MOD][extended_weapon_customization][INFO] kitbashing item content/items/weapons/player/melee/heads/syn_ogryn_halberd_01
04:06:34.661 [Lua] [MOD][extended_weapon_customization][INFO] kitbashing item content/items/weapons/player/melee/blades/owo_slim_blade_slim_2h_psword_short_g_02
04:06:34.661 [Lua] [MOD][extended_weapon_customization][INFO] kitbashing item content/items/weapons/player/melee/heads/syn_pickaxe_shovel_ogryn_head_06
04:06:34.661 [Lua] [MOD][extended_weapon_customization][INFO] kitbashing item content/items/weapons/player/melee/heads/syn_pickaxe_shovel_ogryn_head_05
04:06:34.661 [Lua] [MOD][extended_weapon_customization][INFO] kitbashing item content/items/weapons/player/melee/blades/owo_slim_blade_slim_2h_psword_short_g_03
04:06:34.661 [Lua] [MOD][extended_weapon_customization][INFO] kitbashing item content/items/weapons/player/melee/heads/syn_pickaxe_shovel_ogryn_head_04
04:06:34.661 [Lua] [MOD][extended_weapon_customization][INFO] kitbashing item content/items/weapons/player/melee/heads/syn_pickaxe_shovel_ogryn_head_03
04:06:34.661 [Lua] [MOD][extended_weapon_customization][INFO] kitbashing item content/items/weapons/player/melee/blades/owo_slim_blade_slim_2h_psword_short_g_ml01
04:06:34.661 [Lua] [MOD][extended_weapon_customization][INFO] kitbashing item content/items/weapons/player/melee/heads/syn_pickaxe_shovel_ogryn_head_02
04:06:34.661 [Lua] [MOD][extended_weapon_customization][INFO] kitbashing item content/items/weapons/player/melee/heads/syn_pickaxe_shovel_head_01
04:06:34.661 [Lua] [MOD][extended_weapon_customization][INFO] kitbashing item content/items/weapons/player/melee/pickaxe/syn_axe_head_13
04:06:34.661 [Lua] [MOD][extended_weapon_customization][INFO] kitbashing item content/items/weapons/player/melee/pickaxe/syn_axe_head_12
04:06:34.661 [Lua] [MOD][extended_weapon_customization][INFO] kitbashing item content/items/weapons/player/melee/blades/owo_slim_blade_flat_fsword_01
04:06:34.661 [Lua] [MOD][extended_weapon_customization][INFO] kitbashing item content/items/weapons/player/melee/pickaxe/syn_axe_head_11
04:06:34.661 [Lua] [MOD][extended_weapon_customization][INFO] kitbashing item content/items/weapons/player/ranged/syn_assault_shotgun_barrel_03
04:06:34.661 [Lua] [MOD][extended_weapon_customization][INFO] kitbashing item content/items/weapons/player/melee/blades/owo_slim_blade_flat_fsword_02
04:06:34.661 [Lua] [MOD][extended_weapon_customization][INFO] kitbashing item content/items/weapons/player/ranged/recievers/syn_kickback_shotgun_stock_05
04:06:34.661 [Lua] [MOD][extended_weapon_customization][INFO] kitbashing item content/items/weapons/player/trinkets/syn_trinket_hook_01_v
04:06:34.661 [Lua] [MOD][extended_weapon_customization][INFO] kitbashing item content/items/weapons/player/melee/pickaxe/syn_axe_head_10
04:06:34.661 [Lua] [MOD][extended_weapon_customization][INFO] kitbashing item content/items/weapons/player/melee/blades/owo_slim_blade_flat_fsword_03
04:06:34.661 [Lua] [MOD][extended_weapon_customization][INFO] kitbashing item content/items/weapons/player/melee/pickaxe/syn_axe_head_09
04:06:34.661 [Lua] [MOD][extended_weapon_customization][INFO] kitbashing item content/items/weapons/player/melee/pickaxe/syn_axe_head_08
04:06:34.661 [Lua] [MOD][extended_weapon_customization][INFO] kitbashing item content/items/weapons/player/melee/pickaxe/syn_axe_head_07
04:06:34.661 [Lua] [MOD][extended_weapon_customization][INFO] kitbashing item content/items/weapons/player/melee/blades/owo_slim_blade_flat_fsword_04
04:06:34.661 [Lua] [MOD][extended_weapon_customization][INFO] kitbashing item content/items/weapons/player/melee/pickaxe/syn_axe_head_06
04:06:34.661 [Lua] [MOD][extended_weapon_customization][INFO] kitbashing item content/items/weapons/player/ranged/syn_shotpistol_barrel_02
04:06:34.661 [Lua] [MOD][extended_weapon_customization][INFO] kitbashing item content/items/weapons/player/ranged/recievers/syn_lasgun_rifle_elysian_receiver_02
04:06:34.661 [Lua] [MOD][extended_weapon_customization][INFO] kitbashing item content/items/weapons/player/melee/blades/owo_slim_blade_flat_fsword_05
04:06:34.661 [Lua] [MOD][extended_weapon_customization][INFO] kitbashing item content/items/weapons/player/ranged/syn_shotpistol_barrel_03
04:06:34.661 [Lua] [MOD][extended_weapon_customization][INFO] kitbashing item content/items/weapons/player/ranged/syn_assault_shotgun_barrel_02
04:06:34.661 [Lua] [MOD][extended_weapon_customization][INFO] kitbashing item content/items/weapons/player/melee/blades/owo_slim_blade_flat_fsword_ml01
04:06:34.661 [Lua] [MOD][extended_weapon_customization][INFO] kitbashing item content/items/weapons/player/ranged/muzzles/syn_lasgun_pistol_muzzle_04
04:06:34.661 [Lua] [MOD][extended_weapon_customization][INFO] kitbashing item content/items/weapons/player/ranged/syn_assault_shotgun_barrel_04
04:06:34.661 [Lua] [MOD][extended_weapon_customization][INFO] kitbashing item content/items/weapons/player/ranged/muzzles/syn_lasgun_rifle_krieg_muzzle_04
04:06:34.661 [Lua] [MOD][extended_weapon_customization][INFO] kitbashing item content/items/weapons/player/ranged/muzzles/syn_autogun_rifle_ak_muzzle_ml01
04:06:34.661 [Lua] [MOD][extended_weapon_customization][INFO] kitbashing item content/items/weapons/player/ranged/bayonets/syn_rippergun_rifle_bayonet_ml01
04:06:34.661 [Lua] [MOD][extended_weapon_customization][INFO] kitbashing item content/items/weapons/player/melee/blades/owo_slim_blade_flat_fsword_g_01
04:06:34.661 [Lua] [MOD][extended_weapon_customization][INFO] kitbashing item content/items/weapons/player/ranged/bayonets/syn_rippergun_rifle_bayonet_01
04:06:34.661 [Lua] [MOD][extended_weapon_customization][INFO] kitbashing item content/items/weapons/player/ranged/muzzles/syn_autogun_rifle_ak_muzzle_01
04:06:34.661 [Lua] [MOD][extended_weapon_customization][INFO] kitbashing item content/items/weapons/player/melee/blades/owo_slim_blade_flat_fsword_g_02
04:06:34.661 [Lua] [MOD][extended_weapon_customization][INFO] kitbashing item content/items/weapons/player/ranged/muzzles/syn_lasgun_rifle_muzzle_ml01
04:06:34.661 [Lua] [MOD][extended_weapon_customization][INFO] kitbashing item content/items/weapons/player/ranged/muzzles/syn_autogun_rifle_muzzle_ml01
04:06:34.662 [Lua] [MOD][extended_weapon_customization][INFO] kitbashing item content/items/weapons/player/melee/blades/owo_slim_blade_flat_fsword_g_03
04:06:34.662 [Lua] [MOD][extended_weapon_customization][INFO] kitbashing item content/items/weapons/player/ranged/emblems/syn_emblemright_15
04:06:34.662 [Lua] [MOD][extended_weapon_customization][INFO] kitbashing item content/items/weapons/player/ranged/muzzles/syn_autogun_rifle_muzzle_01
04:06:34.662 [Lua] [MOD][extended_weapon_customization][INFO] kitbashing item content/items/weapons/player/melee/blades/owo_slim_blade_flat_fsword_g_04
04:06:34.662 [Lua] [MOD][extended_weapon_customization][INFO] kitbashing item content/items/weapons/player/ranged/muzzles/syn_lasgun_rifle_muzzle_01
04:06:34.662 [Lua] [MOD][extended_weapon_customization][INFO] kitbashing item content/items/weapons/player/melee/pommels/syn_ogryn_pickaxe_2h_pommel_05
04:06:34.662 [Lua] [MOD][extended_weapon_customization][INFO] kitbashing item content/items/weapons/player/melee/blades/owo_slim_blade_flat_fsword_g_05
04:06:34.662 [Lua] [MOD][extended_weapon_customization][INFO] kitbashing item content/items/weapons/player/ranged/recievers/syn_kickback_shotgun_stock_ml01
04:06:34.662 [Lua] [MOD][extended_weapon_customization][INFO] kitbashing item content/items/weapons/player/ranged/barrels/syn_shotgun_rifle_barrel_ml01
04:06:34.662 [Lua] [MOD][extended_weapon_customization][INFO] kitbashing item content/items/weapons/player/melee/blades/owo_slim_blade_flat_fsword_g_ml01
04:06:34.662 [Lua] [MOD][extended_weapon_customization][INFO] kitbashing item content/items/weapons/player/ranged/barrels/syn_shotgun_rifle_barrel_10
04:06:34.662 [Lua] [MOD][extended_weapon_customization][INFO] kitbashing item content/items/weapons/player/ranged/barrels/syn_shotgun_rifle_barrel_09
04:06:34.662 [Lua] [MOD][extended_weapon_customization][INFO] kitbashing item content/items/weapons/player/ranged/barrels/syn_shotgun_rifle_barrel_08
04:06:34.662 [Lua] [MOD][extended_weapon_customization][INFO] kitbashing item content/items/weapons/player/ranged/barrels/syn_shotgun_rifle_barrel_07
04:06:34.662 [Lua] [MOD][extended_weapon_customization][INFO] kitbashing item content/items/weapons/player/melee/blades/owo_slim_blade_slim_fsword_01
04:06:34.662 [Lua] [MOD][extended_weapon_customization][INFO] kitbashing item content/items/weapons/player/ranged/barrels/syn_shotgun_rifle_barrel_06
04:06:34.662 [Lua] [MOD][extended_weapon_customization][INFO] kitbashing item content/items/weapons/player/ranged/barrels/syn_shotgun_rifle_barrel_05
04:06:34.662 [Lua] [MOD][extended_weapon_customization][INFO] kitbashing item content/items/weapons/player/melee/blades/owo_slim_blade_slim_fsword_02
04:06:34.662 [Lua] [MOD][extended_weapon_customization][INFO] kitbashing item content/items/weapons/player/ranged/barrels/syn_shotgun_rifle_barrel_04
04:06:34.662 [Lua] [MOD][extended_weapon_customization][INFO] kitbashing item content/items/weapons/player/ranged/barrels/syn_lasgun_pistol_barrel_ml01
04:06:34.662 [Lua] [MOD][extended_weapon_customization][INFO] kitbashing item content/items/weapons/player/melee/blades/owo_slim_blade_slim_fsword_03
04:06:34.662 [Lua] [MOD][extended_weapon_customization][INFO] kitbashing item content/items/weapons/player/ranged/barrels/syn_lasgun_pistol_barrel_06
04:06:34.662 [Lua] [MOD][extended_weapon_customization][INFO] kitbashing item content/items/weapons/player/ranged/barrels/syn_lasgun_pistol_barrel_05
04:06:34.662 [Lua] [MOD][extended_weapon_customization][INFO] kitbashing item content/items/weapons/player/melee/blades/owo_slim_blade_slim_fsword_04
04:06:34.662 [Lua] [MOD][extended_weapon_customization][INFO] kitbashing item content/items/weapons/player/ranged/barrels/syn_lasgun_pistol_barrel_04
04:06:34.662 [Lua] [MOD][extended_weapon_customization][INFO] kitbashing item content/items/weapons/player/ranged/barrels/syn_lasgun_pistol_barrel_03
04:06:34.662 [Lua] [MOD][extended_weapon_customization][INFO] kitbashing item content/items/weapons/player/melee/blades/owo_slim_blade_slim_fsword_05
04:06:34.662 [Lua] [MOD][extended_weapon_customization][INFO] kitbashing item content/items/weapons/player/ranged/barrels/syn_lasgun_pistol_barrel_02
04:06:34.662 [Lua] [MOD][extended_weapon_customization][INFO] kitbashing item content/items/weapons/player/ranged/barrels/syn_autogun_pistol_barrel_05
04:06:34.662 [Lua] [MOD][extended_weapon_customization][INFO] kitbashing item content/items/weapons/player/melee/blades/owo_slim_blade_slim_fsword_ml01
04:06:34.662 [Lua] [MOD][extended_weapon_customization][INFO] kitbashing item content/items/weapons/player/ranged/barrels/syn_autogun_pistol_barrel_04
04:06:34.662 [Lua] [MOD][extended_weapon_customization][INFO] kitbashing item content/items/weapons/player/ranged/barrels/syn_autogun_pistol_barrel_03
04:06:34.662 [Lua] [MOD][extended_weapon_customization][INFO] kitbashing item content/items/weapons/player/ranged/barrels/syn_autogun_pistol_barrel_02
04:06:34.662 [Lua] [MOD][extended_weapon_customization][INFO] kitbashing item content/items/weapons/player/ranged/underbarrels/syn_boltgun_rifle_underbarrel_03
04:06:34.662 [Lua] [MOD][extended_weapon_customization][INFO] kitbashing item content/items/weapons/player/melee/blades/owo_slim_blade_slim_fsword_g_01
04:06:34.662 [Lua] [MOD][extended_weapon_customization][INFO] kitbashing item content/items/weapons/player/ranged/barrels/syn_lasgun_rifle_barrel_01_inert
04:06:34.662 [Lua] [MOD][extended_weapon_customization][INFO] kitbashing item content/items/weapons/player/ranged/barrels/syn_lasgun_pistol_barrel_07
04:06:34.662 [Lua] [MOD][extended_weapon_customization][INFO] kitbashing item content/items/weapons/player/melee/blades/owo_slim_blade_slim_fsword_g_02
04:06:34.662 [Lua] [MOD][extended_weapon_customization][INFO] kitbashing item content/items/weapons/player/ranged/barrels/syn_autogun_pistol_barrel_01
04:06:34.662 [Lua] [MOD][extended_weapon_customization][INFO] kitbashing item content/items/weapons/player/ranged/barrels/syn_lasgun_rifle_barrel_02
04:06:34.662 [Lua] [MOD][extended_weapon_customization][INFO] kitbashing item content/items/weapons/player/melee/blades/owo_slim_blade_slim_fsword_g_03
04:06:34.662 [Lua] [MOD][extended_weapon_customization][INFO] kitbashing item content/items/weapons/player/ranged/underbarrels/syn_boltgun_rifle_underbarrel_05
04:06:34.662 [Lua] [MOD][extended_weapon_customization][INFO] kitbashing item content/items/weapons/player/ranged/muzzles/syn_autogun_pistol_muzzle_01
04:06:34.662 [Lua] [MOD][extended_weapon_customization][INFO] kitbashing item content/items/weapons/player/melee/blades/owo_slim_blade_slim_fsword_g_04
04:06:34.662 [Lua] [MOD][extended_weapon_customization][INFO] kitbashing item content/items/weapons/player/melee/pommels/syn_ogryn_pickaxe_2h_pommel_03
04:06:34.662 [Lua] [MOD][extended_weapon_customization][INFO] kitbashing item content/items/weapons/player/ranged/syn_shotpistol_invis_barrel
04:06:34.662 [Lua] [MOD][extended_weapon_customization][INFO] kitbashing item content/items/weapons/player/melee/blades/owo_slim_blade_slim_fsword_g_05
04:06:34.662 [Lua] [MOD][extended_weapon_customization][INFO] kitbashing item content/items/weapons/player/ranged/emblems/syn_emblemright_05
04:06:34.662 [Lua] [MOD][extended_weapon_customization][INFO] kitbashing item content/items/weapons/player/ranged/emblems/syn_emblemleft_05
04:06:34.662 [Lua] [MOD][extended_weapon_customization][INFO] kitbashing item content/items/weapons/player/melee/blades/owo_slim_blade_slim_fsword_g_ml01
04:06:34.662 [Lua] [MOD][extended_weapon_customization][INFO] kitbashing item content/items/weapons/player/melee/shields/syn_shield_doomguy_04_ogryn
04:06:34.662 [Lua] [MOD][extended_weapon_customization][INFO] kitbashing item content/items/weapons/player/ranged/emblems/syn_emblemleft_11
04:06:34.662 [Lua] [MOD][extended_weapon_customization][INFO] kitbashing item content/items/weapons/player/ranged/emblems/syn_emblemright_12
04:06:34.662 [Lua] [MOD][extended_weapon_customization][INFO] kitbashing item content/items/weapons/player/ranged/emblems/syn_emblemleft_12
04:06:34.662 [Lua] [MOD][extended_weapon_customization][INFO] kitbashing item content/items/weapons/player/melee/blades/owo_slim_blade_flat_2h_fsword_01
04:06:34.662 [Lua] [MOD][extended_weapon_customization][INFO] kitbashing item content/items/weapons/player/ranged/emblems/syn_emblemleft_02
04:06:34.662 [Lua] [MOD][extended_weapon_customization][INFO] kitbashing item content/items/weapons/player/ranged/barrels/syn_autogun_rifle_barrel_killshot_ml01
04:06:34.662 [Lua] [MOD][extended_weapon_customization][INFO] kitbashing item content/items/weapons/player/melee/blades/owo_slim_blade_flat_2h_fsword_02
04:06:34.662 [Lua] [MOD][extended_weapon_customization][INFO] kitbashing item content/items/weapons/player/ranged/barrels/syn_autogun_rifle_barrel_killshot_05
04:06:34.662 [Lua] [MOD][extended_weapon_customization][INFO] kitbashing item content/items/weapons/player/ranged/barrels/syn_autogun_rifle_barrel_killshot_04
04:06:34.662 [Lua] [MOD][extended_weapon_customization][INFO] kitbashing item content/items/weapons/player/ranged/barrels/syn_autogun_rifle_barrel_killshot_03
04:06:34.662 [Lua] [MOD][extended_weapon_customization][INFO] kitbashing item content/items/weapons/player/melee/blades/owo_slim_blade_flat_2h_fsword_03
04:06:34.662 [Lua] [MOD][extended_weapon_customization][INFO] kitbashing item content/items/weapons/player/ranged/barrels/syn_autogun_rifle_barrel_killshot_01
04:06:34.662 [Lua] [MOD][extended_weapon_customization][INFO] kitbashing item content/items/weapons/player/ranged/barrels/syn_autogun_rifle_barrel_ak_ml01
04:06:34.662 [Lua] [MOD][extended_weapon_customization][INFO] kitbashing item content/items/weapons/player/ranged/barrels/syn_autogun_rifle_barrel_ak_08
04:06:34.662 [Lua] [MOD][extended_weapon_customization][INFO] kitbashing item content/items/weapons/player/melee/blades/owo_slim_blade_flat_2h_fsword_04
04:06:34.662 [Lua] [MOD][extended_weapon_customization][INFO] kitbashing item content/items/weapons/player/ranged/barrels/syn_autogun_rifle_barrel_ak_07
04:06:34.662 [Lua] [MOD][extended_weapon_customization][INFO] kitbashing item content/items/weapons/player/ranged/barrels/syn_autogun_rifle_barrel_ak_06
04:06:34.662 [Lua] [MOD][extended_weapon_customization][INFO] kitbashing item content/items/weapons/player/melee/blades/owo_slim_blade_flat_2h_fsword_05
04:06:34.662 [Lua] [MOD][extended_weapon_customization][INFO] kitbashing item content/items/weapons/player/ranged/barrels/syn_autogun_rifle_barrel_ak_05
04:06:34.662 [Lua] [MOD][extended_weapon_customization][INFO] kitbashing item content/items/weapons/player/ranged/barrels/syn_autogun_rifle_barrel_ak_04
04:06:34.662 [Lua] [MOD][extended_weapon_customization][INFO] kitbashing item content/items/weapons/player/melee/blades/owo_slim_blade_flat_2h_fsword_ml01
04:06:34.662 [Lua] [MOD][extended_weapon_customization][INFO] kitbashing item content/items/weapons/player/ranged/barrels/syn_autogun_rifle_barrel_ak_03
04:06:34.662 [Lua] [MOD][extended_weapon_customization][INFO] kitbashing item content/items/weapons/player/ranged/barrels/syn_autogun_rifle_barrel_ak_02
04:06:34.662 [Lua] [MOD][extended_weapon_customization][INFO] kitbashing item content/items/weapons/player/ranged/barrels/syn_autogun_rifle_barrel_ak_01
04:06:34.662 [Lua] [MOD][extended_weapon_customization][INFO] kitbashing item content/items/weapons/player/ranged/barrels/syn_autogun_rifle_barrel_ml01
04:06:34.662 [Lua] [MOD][extended_weapon_customization][INFO] kitbashing item content/items/weapons/player/ranged/barrels/syn_autogun_rifle_barrel_06
04:06:34.662 [Lua] [MOD][extended_weapon_customization][INFO] kitbashing item content/items/weapons/player/melee/blades/owo_slim_blade_flat_2h_fsword_g_01
04:06:34.662 [Lua] [MOD][extended_weapon_customization][INFO] kitbashing item content/items/weapons/player/ranged/barrels/syn_autogun_rifle_barrel_05
04:06:34.662 [Lua] [MOD][extended_weapon_customization][INFO] kitbashing item content/items/weapons/player/ranged/barrels/syn_autogun_rifle_barrel_04
04:06:34.662 [Lua] [MOD][extended_weapon_customization][INFO] kitbashing item content/items/weapons/player/melee/blades/owo_slim_blade_flat_2h_fsword_g_02
04:06:34.662 [Lua] [MOD][extended_weapon_customization][INFO] kitbashing item content/items/weapons/player/ranged/recievers/syn_kickback_shotgun_03
04:06:34.662 [Lua] [MOD][extended_weapon_customization][INFO] kitbashing item content/items/weapons/player/ranged/barrels/syn_autogun_rifle_barrel_02
04:06:34.662 [Lua] [MOD][extended_weapon_customization][INFO] kitbashing item content/items/weapons/player/melee/blades/owo_slim_blade_flat_2h_fsword_g_03
04:06:34.662 [Lua] [MOD][extended_weapon_customization][INFO] kitbashing item content/items/weapons/player/ranged/barrels/syn_autogun_rifle_barrel_01
04:06:34.662 [Lua] [MOD][extended_weapon_customization][INFO] kitbashing item content/items/weapons/player/melee/ogryn/syn_axe_head_06
04:06:34.663 [Lua] [MOD][extended_weapon_customization][INFO] kitbashing item content/items/weapons/player/melee/blades/owo_slim_blade_flat_2h_fsword_g_04
04:06:34.663 [Lua] [MOD][extended_weapon_customization][INFO] kitbashing item content/items/weapons/player/ranged/barrels/syn_ripper_autogun_barrel_15
04:06:34.663 [Lua] [MOD][extended_weapon_customization][INFO] kitbashing item content/items/weapons/player/ranged/barrels/syn_ripper_autogun_barrel_16
04:06:34.663 [Lua] [MOD][extended_weapon_customization][INFO] kitbashing item content/items/weapons/player/melee/blades/owo_slim_blade_flat_2h_fsword_g_05
04:06:34.663 [Lua] [MOD][extended_weapon_customization][INFO] kitbashing item content/items/weapons/player/ranged/barrels/syn_ripper_autogun_barrel_18
04:06:34.663 [Lua] [MOD][extended_weapon_customization][INFO] kitbashing item content/items/weapons/player/ranged/barrels/syn_ripper_autogun_barrel_19
04:06:34.663 [Lua] [MOD][extended_weapon_customization][INFO] kitbashing item content/items/weapons/player/melee/blades/owo_slim_blade_flat_2h_fsword_g_ml01
04:06:34.663 [Lua] [MOD][extended_weapon_customization][INFO] kitbashing item content/items/weapons/player/ranged/barrels/syn_ripper_autogun_barrel_20
04:06:34.663 [Lua] [MOD][extended_weapon_customization][INFO] kitbashing item content/items/weapons/player/ranged/barrels/syn_ripper_autogun_barrel_21
04:06:34.663 [Lua] [MOD][extended_weapon_customization][INFO] kitbashing item content/items/weapons/player/ranged/barrels/syn_ripper_primaris_barrel_07
04:06:34.663 [Lua] [MOD][extended_weapon_customization][INFO] kitbashing item content/items/weapons/player/ranged/barrels/syn_ripper_primaris_barrel_08
04:06:34.663 [Lua] [MOD][extended_weapon_customization][INFO] kitbashing item content/items/weapons/player/melee/blades/owo_slim_blade_slim_2h_fsword_01
04:06:34.663 [Lua] [MOD][extended_weapon_customization][INFO] kitbashing item content/items/weapons/player/ranged/barrels/syn_ripper_stubgun_barrel_01
04:06:34.663 [Lua] [MOD][extended_weapon_customization][INFO] kitbashing item content/items/weapons/player/ranged/barrels/syn_ripper_stubgun_barrel_02
04:06:34.663 [Lua] [MOD][extended_weapon_customization][INFO] kitbashing item content/items/weapons/player/melee/blades/owo_slim_blade_slim_2h_fsword_02
04:06:34.663 [Lua] [MOD][extended_weapon_customization][INFO] kitbashing item content/items/weapons/player/ranged/barrels/syn_stubgun_ogryn_barrel_ml02
04:06:34.663 [Lua] [MOD][extended_weapon_customization][INFO] kitbashing item content/items/weapons/player/ranged/barrels/syn_stubgun_ogryn_barrel_ml01
04:06:34.663 [Lua] [MOD][extended_weapon_customization][INFO] kitbashing item content/items/weapons/player/melee/blades/owo_slim_blade_slim_2h_fsword_03
04:06:34.663 [Lua] [MOD][extended_weapon_customization][INFO] kitbashing item content/items/weapons/player/ranged/stocks/syn_gripstockcombo_03_helbore
04:06:34.663 [Lua] [MOD][extended_weapon_customization][INFO] kitbashing item content/items/weapons/player/ranged/barrels/syn_stubgun_ogryn_barrel_04
04:06:34.663 [Lua] [MOD][extended_weapon_customization][INFO] kitbashing item content/items/weapons/player/melee/blades/owo_slim_blade_slim_2h_fsword_04
04:06:34.663 [Lua] [MOD][extended_weapon_customization][INFO] kitbashing item content/items/weapons/player/ranged/barrels/syn_stubgun_ogryn_barrel_03
04:06:34.663 [Lua] [MOD][extended_weapon_customization][INFO] kitbashing item content/items/weapons/player/ranged/barrels/syn_stubgun_ogryn_barrel_02
04:06:34.663 [Lua] [MOD][extended_weapon_customization][INFO] kitbashing item content/items/weapons/player/melee/blades/owo_slim_blade_slim_2h_fsword_05
04:06:34.663 [Lua] [MOD][extended_weapon_customization][INFO] kitbashing item content/items/weapons/player/ranged/barrels/syn_stubgun_ogryn_barrel_01
04:06:34.663 [Lua] [MOD][extended_weapon_customization][INFO] kitbashing item content/items/weapons/player/ranged/recievers/syn_lasgun_rifle_elysian_receiver_03
04:06:34.663 [Lua] [MOD][extended_weapon_customization][INFO] kitbashing item content/items/weapons/player/melee/blades/owo_slim_blade_slim_2h_fsword_ml01
04:06:34.663 [Lua] [MOD][extended_weapon_customization][INFO] kitbashing item content/items/weapons/player/melee/shields/syn_ogryn_shield_crusader_01a
04:06:34.663 [Lua] [MOD][extended_weapon_customization][INFO] kitbashing item content/items/weapons/player/ranged/syn_assault_shotgun_barrel_05
04:06:34.663 [Lua] [MOD][extended_weapon_customization][INFO] kitbashing item content/items/weapons/player/melee/ogryn/syn_battle_axe_head_02
04:06:34.663 [Lua] [MOD][extended_weapon_customization][INFO] kitbashing item content/items/weapons/player/melee/ogryn/syn_axe_head_07
04:06:34.663 [Lua] [MOD][extended_weapon_customization][INFO] kitbashing item content/items/weapons/player/melee/blades/owo_slim_blade_slim_2h_fsword_g_01
04:06:34.663 [Lua] [MOD][extended_weapon_customization][INFO] kitbashing item content/items/weapons/player/ranged/emblems/syn_emblemleft_13
04:06:34.663 [Lua] [MOD][extended_weapon_customization][INFO] kitbashing item content/items/weapons/player/ranged/underbarrels/syn_shotgun_pump_action_underbarrel_02
04:06:34.663 [Lua] [MOD][extended_weapon_customization][INFO] kitbashing item content/items/weapons/player/melee/blades/owo_slim_blade_slim_2h_fsword_g_02
04:06:34.663 [Lua] [MOD][extended_weapon_customization][INFO] kitbashing item content/items/weapons/player/ranged/barrels/syn_lasgun_rifle_krieg_barrel_ml01
04:06:34.663 [Lua] [MOD][extended_weapon_customization][INFO] kitbashing item content/items/weapons/player/ranged/barrels/syn_lasgun_rifle_krieg_barrel_08
04:06:34.663 [Lua] [MOD][extended_weapon_customization][INFO] kitbashing item content/items/weapons/player/melee/blades/owo_slim_blade_slim_2h_fsword_g_03
04:06:34.663 [Lua] [MOD][extended_weapon_customization][INFO] kitbashing item content/items/weapons/player/ranged/barrels/syn_lasgun_rifle_krieg_barrel_06
04:06:34.663 [Lua] [MOD][extended_weapon_customization][INFO] kitbashing item content/items/weapons/player/ranged/barrels/syn_lasgun_rifle_krieg_barrel_05
04:06:34.663 [Lua] [MOD][extended_weapon_customization][INFO] kitbashing item content/items/weapons/player/melee/blades/owo_slim_blade_slim_2h_fsword_g_04
04:06:34.663 [Lua] [MOD][extended_weapon_customization][INFO] kitbashing item content/items/weapons/player/ranged/barrels/syn_lasgun_rifle_krieg_barrel_04
04:06:34.663 [Lua] [MOD][extended_weapon_customization][INFO] kitbashing item content/items/weapons/player/ranged/barrels/syn_lasgun_rifle_krieg_barrel_02
04:06:34.663 [Lua] [MOD][extended_weapon_customization][INFO] kitbashing item content/items/weapons/player/melee/blades/owo_slim_blade_slim_2h_fsword_g_05
04:06:34.663 [Lua] [MOD][extended_weapon_customization][INFO] kitbashing item content/items/weapons/player/ranged/barrels/syn_lasgun_rifle_krieg_barrel_01
04:06:34.663 [Lua] [MOD][extended_weapon_customization][INFO] kitbashing item content/items/weapons/player/melee/ogryn/syn_axe_head_02
04:06:34.663 [Lua] [MOD][extended_weapon_customization][INFO] kitbashing item content/items/weapons/player/melee/blades/owo_slim_blade_slim_2h_fsword_g_ml01
04:06:34.663 [Lua] [MOD][extended_weapon_customization][INFO] kitbashing item content/items/weapons/player/ranged/barrels/syn_rippergun_rifle_barrel_ml01
04:06:34.663 [Lua] [MOD][extended_weapon_customization][INFO] kitbashing item content/items/weapons/player/ranged/muzzles/syn_lasgun_rifle_krieg_muzzle_ml01
04:06:34.663 [Lua] [MOD][extended_weapon_customization][INFO] kitbashing item content/items/weapons/player/melee/pommels/syn_2h_power_maul_pommel_06
04:06:34.663 [Lua] [MOD][extended_weapon_customization][INFO] kitbashing item content/items/weapons/player/ranged/barrels/syn_rippergun_rifle_barrel_03
04:06:34.663 [Lua] [MOD][extended_weapon_customization][INFO] kitbashing item content/items/weapons/player/melee/blades/owo_slim_blade_flat_2h_fsword_short_01
04:06:34.663 [Lua] [MOD][extended_weapon_customization][INFO] kitbashing item content/items/weapons/player/ranged/barrels/syn_lasgun_rifle_barrel_01
04:06:34.663 [Lua] [MOD][extended_weapon_customization][INFO] kitbashing item content/items/weapons/player/melee/pommels/syn_2h_power_maul_pommel_01
04:06:34.663 [Lua] [MOD][extended_weapon_customization][INFO] kitbashing item content/items/weapons/player/melee/blades/owo_slim_blade_flat_2h_fsword_short_02
04:06:34.663 [Lua] [MOD][extended_weapon_customization][INFO] kitbashing item content/items/weapons/player/melee/ogryn/syn_axe_head_05
04:06:34.663 [Lua] [MOD][extended_weapon_customization][INFO] kitbashing item content/items/weapons/player/melee/shields/syn_ogryn_shield_crusader_02b
04:06:34.663 [Lua] [MOD][extended_weapon_customization][INFO] kitbashing item content/items/weapons/player/melee/blades/owo_slim_blade_flat_2h_fsword_short_03
04:06:34.663 [Lua] [MOD][extended_weapon_customization][INFO] kitbashing item content/items/weapons/player/ranged/recievers/syn_kickback_shotgun_stock_04
04:06:34.663 [Lua] [MOD][extended_weapon_customization][INFO] kitbashing item content/items/weapons/player/ranged/receiver_extension/ma5_ironsight_01_recon_reci
04:06:34.663 [Lua] [MOD][extended_weapon_customization][INFO] kitbashing item content/items/weapons/player/melee/blades/owo_slim_blade_flat_2h_fsword_short_04
04:06:34.663 [Lua] [MOD][extended_weapon_customization][INFO] kitbashing item content/items/weapons/player/ranged/receiver_extension/ma5_auspex_01
04:06:34.663 [Lua] [MOD][extended_weapon_customization][INFO] kitbashing item content/items/weapons/player/ranged/barrels/syn_lasgun_rifle_barrel_ml01
04:06:34.663 [Lua] [MOD][extended_weapon_customization][INFO] kitbashing item content/items/weapons/player/melee/blades/owo_slim_blade_flat_2h_fsword_short_05
04:06:34.663 [Lua] [MOD][extended_weapon_customization][INFO] kitbashing item content/items/weapons/player/ranged/underbarrels/syn_shotgun_pump_action_underbarrel_03
04:06:34.663 [Lua] [MOD][extended_weapon_customization][INFO] kitbashing item content/items/weapons/player/ranged/muzzles/syn_autogun_rifle_ak_muzzle_03
04:06:34.663 [Lua] [MOD][extended_weapon_customization][INFO] kitbashing item content/items/weapons/player/melee/blades/owo_slim_blade_flat_2h_fsword_short_ml01
04:06:34.663 [Lua] [MOD][extended_weapon_customization][INFO] kitbashing item content/items/weapons/player/melee/pommels/syn_hatchet_pommel_02
04:06:34.663 [Lua] [MOD][extended_weapon_customization][INFO] kitbashing item content/items/weapons/player/ranged/barrels/syn_rippergun_rifle_barrel_01
04:06:34.663 [Lua] [MOD][extended_weapon_customization][INFO] kitbashing item content/items/weapons/player/ranged/barrels/syn_lasgun_rifle_barrel_06
04:06:34.663 [Lua] [MOD][extended_weapon_customization][INFO] kitbashing item content/items/weapons/player/ranged/underbarrels/syn_boltgun_rifle_underbarrel_06
04:06:34.663 [Lua] [MOD][extended_weapon_customization][INFO] kitbashing item content/items/weapons/player/melee/blades/owo_slim_blade_flat_2h_fsword_short_g_01
04:06:34.663 [Lua] [MOD][extended_weapon_customization][INFO] kitbashing item content/items/weapons/player/ranged/barrels/syn_shotgun_rifle_barrel_01
04:06:34.663 [Lua] [MOD][extended_weapon_customization][INFO] kitbashing item content/items/weapons/player/ranged/barrels/syn_lasgun_rifle_krieg_barrel_07
04:06:34.663 [Lua] [MOD][extended_weapon_customization][INFO] kitbashing item content/items/weapons/player/melee/blades/owo_slim_blade_flat_2h_fsword_short_g_02
04:06:34.663 [Lua] [MOD][extended_weapon_customization][INFO] kitbashing item content/items/weapons/player/melee/pommels/syn_hatchet_pommel_01
04:06:34.663 [Lua] [MOD][extended_weapon_customization][INFO] kitbashing item content/items/weapons/player/ranged/barrels/syn_stubgun_pistol_barrel_ml01
04:06:34.663 [Lua] [MOD][extended_weapon_customization][INFO] kitbashing item content/items/weapons/player/melee/blades/owo_slim_blade_flat_2h_fsword_short_g_03
04:06:34.663 [Lua] [MOD][extended_weapon_customization][INFO] kitbashing item content/items/weapons/player/ranged/barrels/syn_stubgun_pistol_barrel_06
04:06:34.663 [Lua] [MOD][extended_weapon_customization][INFO] kitbashing item content/items/weapons/player/ranged/barrels/syn_stubgun_pistol_barrel_05
04:06:34.663 [Lua] [MOD][extended_weapon_customization][INFO] kitbashing item content/items/weapons/player/melee/blades/owo_slim_blade_flat_2h_fsword_short_g_04
04:06:34.663 [Lua] [MOD][extended_weapon_customization][INFO] kitbashing item content/items/weapons/player/ranged/barrels/syn_stubgun_pistol_barrel_04
04:06:34.663 [Lua] [MOD][extended_weapon_customization][INFO] kitbashing item content/items/weapons/player/ranged/barrels/syn_stubgun_pistol_barrel_03
04:06:34.663 [Lua] [MOD][extended_weapon_customization][INFO] kitbashing item content/items/weapons/player/melee/blades/owo_slim_blade_flat_2h_fsword_short_g_05
04:06:34.663 [Lua] [MOD][extended_weapon_customization][INFO] kitbashing item content/items/weapons/player/ranged/barrels/syn_stubgun_pistol_barrel_02
04:06:34.663 [Lua] [MOD][extended_weapon_customization][INFO] kitbashing item content/items/weapons/player/ranged/barrels/syn_stubgun_pistol_barrel_01
04:06:34.663 [Lua] [MOD][extended_weapon_customization][INFO] kitbashing item content/items/weapons/player/melee/blades/owo_slim_blade_flat_2h_fsword_short_g_ml01
04:06:34.663 [Lua] [MOD][extended_weapon_customization][INFO] kitbashing item content/items/weapons/player/ranged/recievers/syn_flamer_rifle_receiver_03
04:06:34.663 [Lua] [MOD][extended_weapon_customization][INFO] kitbashing item content/items/weapons/player/ranged/barrels/syn_plasma_rifle_barrel_ml01
04:06:34.663 [Lua] [MOD][extended_weapon_customization][INFO] kitbashing item content/items/weapons/player/ranged/barrels/syn_plasma_rifle_barrel_08
04:06:34.663 [Lua] [MOD][extended_weapon_customization][INFO] kitbashing item content/items/weapons/player/ranged/barrels/syn_plasma_rifle_barrel_07
04:06:34.664 [Lua] [MOD][extended_weapon_customization][INFO] kitbashing item content/items/weapons/player/melee/blades/owo_slim_blade_slim_2h_fsword_short_01
04:06:34.664 [Lua] [MOD][extended_weapon_customization][INFO] kitbashing item content/items/weapons/player/ranged/barrels/syn_plasma_rifle_barrel_05
04:06:34.664 [Lua] [MOD][extended_weapon_customization][INFO] kitbashing item content/items/weapons/player/ranged/barrels/syn_plasma_rifle_barrel_04
04:06:34.664 [Lua] [MOD][extended_weapon_customization][INFO] kitbashing item content/items/weapons/player/melee/blades/owo_slim_blade_slim_2h_fsword_short_02
04:06:34.664 [Lua] [MOD][extended_weapon_customization][INFO] kitbashing item content/items/weapons/player/ranged/barrels/syn_plasma_rifle_barrel_03
04:06:34.664 [Lua] [MOD][extended_weapon_customization][INFO] kitbashing item content/items/weapons/player/ranged/barrels/syn_plasma_rifle_barrel_02
04:06:34.664 [Lua] [MOD][extended_weapon_customization][INFO] kitbashing item content/items/weapons/player/melee/blades/owo_slim_blade_slim_2h_fsword_short_03
04:06:34.664 [Lua] [MOD][extended_weapon_customization][INFO] kitbashing item content/items/weapons/player/ranged/barrels/syn_plasma_rifle_barrel_01
04:06:34.664 [Lua] [MOD][extended_weapon_customization][INFO] kitbashing item content/items/weapons/player/ranged/recievers/syn_stub_pistol_receiver_deluxe_ver01
04:06:34.664 [Lua] [MOD][extended_weapon_customization][INFO] kitbashing item content/items/weapons/player/melee/blades/owo_slim_blade_slim_2h_fsword_short_04
04:06:34.664 [Lua] [MOD][extended_weapon_customization][INFO] kitbashing item content/items/weapons/player/ranged/recievers/syn_lasgun_rifle_elysian_receiver_04
04:06:34.664 [Lua] [MOD][extended_weapon_customization][INFO] kitbashing item content/items/weapons/player/ranged/barrels/syn_stubgun_ogryn_barrel_05
04:06:34.664 [Lua] [MOD][extended_weapon_customization][INFO] kitbashing item content/items/weapons/player/melee/blades/owo_slim_blade_slim_2h_fsword_short_05
04:06:34.664 [Lua] [MOD][extended_weapon_customization][INFO] kitbashing item content/items/weapons/player/ranged/special_ammo/syn_assault_shotgun_special_ammo_01
04:06:34.664 [Lua] [MOD][extended_weapon_customization][INFO] kitbashing item content/items/weapons/player/melee/connectors/syn_human_power_maul_connector_ml01
04:06:34.664 [Lua] [MOD][extended_weapon_customization][INFO] kitbashing item content/items/weapons/player/melee/blades/owo_slim_blade_slim_2h_fsword_short_ml01
04:06:34.664 [Lua] [MOD][extended_weapon_customization][INFO] kitbashing item content/items/weapons/player/melee/connectors/syn_human_power_maul_connector_02
04:06:34.664 [Lua] [MOD][extended_weapon_customization][INFO] kitbashing item content/items/weapons/player/ranged/magazines/syn_flamer_rifle_magazine_06
04:06:34.664 [Lua] [MOD][extended_weapon_customization][INFO] kitbashing item content/items/weapons/player/ranged/magazines/syn_flamer_rifle_magazine_05
04:06:34.664 [Lua] [MOD][extended_weapon_customization][INFO] kitbashing item content/items/weapons/player/ranged/magazines/syn_flamer_rifle_magazine_ml01
04:06:34.664 [Lua] [MOD][extended_weapon_customization][INFO] kitbashing item content/items/weapons/player/melee/blades/owo_slim_blade_slim_2h_fsword_short_g_01
04:06:34.664 [Lua] [MOD][extended_weapon_customization][INFO] kitbashing item content/items/weapons/player/ranged/magazines/syn_flamer_rifle_magazine_04
04:06:34.664 [Lua] [MOD][extended_weapon_customization][INFO] kitbashing item content/items/weapons/player/ranged/magazines/syn_flamer_rifle_magazine_03
04:06:34.664 [Lua] [MOD][extended_weapon_customization][INFO] kitbashing item content/items/weapons/player/melee/blades/owo_slim_blade_slim_2h_fsword_short_g_02
04:06:34.664 [Lua] [MOD][extended_weapon_customization][INFO] kitbashing item content/items/weapons/player/ranged/magazines/syn_flamer_rifle_magazine_02
04:06:34.664 [Lua] [MOD][extended_weapon_customization][INFO] kitbashing item content/items/weapons/player/ranged/magazines/syn_flamer_rifle_magazine_01
04:06:34.664 [Lua] [MOD][extended_weapon_customization][INFO] kitbashing item content/items/weapons/player/melee/blades/owo_slim_blade_slim_2h_fsword_short_g_03
04:06:34.664 [Lua] [MOD][extended_weapon_customization][INFO] kitbashing item content/items/weapons/player/ranged/underbarrels/syn_shotgun_rifle_underbarrel_08
04:06:34.664 [Lua] [MOD][extended_weapon_customization][INFO] kitbashing item content/items/weapons/player/ranged/underbarrels/syn_shotgun_rifle_underbarrel_07
04:06:34.664 [Lua] [MOD][extended_weapon_customization][INFO] kitbashing item content/items/weapons/player/melee/blades/owo_slim_blade_slim_2h_fsword_short_g_04
04:06:34.664 [Lua] [MOD][extended_weapon_customization][INFO] kitbashing item content/items/weapons/player/ranged/underbarrels/syn_shotgun_rifle_underbarrel_06
04:06:34.664 [Lua] [MOD][extended_weapon_customization][INFO] kitbashing item content/items/weapons/player/ranged/underbarrels/syn_shotgun_rifle_underbarrel_05
04:06:34.664 [Lua] [MOD][extended_weapon_customization][INFO] kitbashing item content/items/weapons/player/melee/blades/owo_slim_blade_slim_2h_fsword_short_g_05
04:06:34.664 [Lua] [MOD][extended_weapon_customization][INFO] kitbashing item content/items/weapons/player/ranged/underbarrels/syn_shotgun_rifle_underbarrel_04
04:06:34.664 [Lua] [MOD][extended_weapon_customization][INFO] kitbashing item content/items/weapons/player/ranged/underbarrels/syn_shotgun_rifle_underbarrel_01
04:06:34.664 [Lua] [MOD][extended_weapon_customization][INFO] kitbashing item content/items/weapons/player/melee/blades/owo_slim_blade_slim_2h_fsword_short_g_ml01
04:06:34.664 [Lua] [MOD][extended_weapon_customization][INFO] kitbashing item content/items/weapons/player/ranged/recievers/syn_flamer_rifle_receiver_04
04:06:34.664 [Lua] [MOD][extended_weapon_customization][INFO] kitbashing item content/items/weapons/player/ranged/magazines/syn_rippergun_rifle_magazine_09
04:06:34.664 [Lua] [MOD][extended_weapon_customization][INFO] kitbashing item content/items/weapons/player/ranged/magazines/syn_rippergun_rifle_magazine_07
04:06:34.664 [Lua] [MOD][extended_weapon_customization][INFO] kitbashing item content/items/weapons/player/ranged/magazines/syn_rippergun_rifle_magazine_05
04:06:34.664 [Lua] [MOD][extended_weapon_customization][INFO] kitbashing item content/items/weapons/player/melee/blades/owo_slim_blade_flat_dclaw_01
04:06:34.664 [Lua] [MOD][extended_weapon_customization][INFO] kitbashing item content/items/weapons/player/ranged/magazines/syn_rippergun_rifle_magazine_04
04:06:34.664 [Lua] [MOD][extended_weapon_customization][INFO] kitbashing item content/items/weapons/player/ranged/magazines/syn_rippergun_rifle_magazine_03
04:06:34.664 [Lua] [MOD][extended_weapon_customization][INFO] kitbashing item content/items/weapons/player/melee/blades/owo_slim_blade_flat_dclaw_02
04:06:34.664 [Lua] [MOD][extended_weapon_customization][INFO] kitbashing item content/items/weapons/player/ranged/magazines/syn_rippergun_rifle_magazine_02
04:06:34.664 [Lua] [MOD][extended_weapon_customization][INFO] kitbashing item content/items/weapons/player/ranged/magazines/syn_rippergun_rifle_magazine_06
04:06:34.664 [Lua] [MOD][extended_weapon_customization][INFO] kitbashing item content/items/weapons/player/ranged/magazines/syn_autogun_pistol_magazine_01
04:06:34.664 [Lua] [MOD][extended_weapon_customization][INFO] kitbashing item content/items/weapons/player/melee/blades/owo_slim_blade_flat_dclaw_03
04:06:34.664 [Lua] [MOD][extended_weapon_customization][INFO] kitbashing item content/items/weapons/player/ranged/magazines/syn_melta_gun_magazine_01
04:06:34.664 [Lua] [MOD][extended_weapon_customization][INFO] kitbashing item content/items/weapons/player/ranged/magazines/syn_lasgun_krieg_magazine_01
04:06:34.664 [Lua] [MOD][extended_weapon_customization][INFO] kitbashing item content/items/weapons/player/ranged/magazines/syn_autogun_rifle_ak_magazine_01
04:06:34.664 [Lua] [MOD][extended_weapon_customization][INFO] kitbashing item content/items/weapons/player/melee/blades/owo_slim_blade_flat_dclaw_04
04:06:34.664 [Lua] [MOD][extended_weapon_customization][INFO] kitbashing item content/items/weapons/player/ranged/magazines/syn_boltgun_pistol_magazine_02
04:06:34.664 [Lua] [MOD][extended_weapon_customization][INFO] kitbashing item content/items/weapons/player/ranged/magazines/syn_boltgun_pistol_magazine_01
04:06:34.664 [Lua] [MOD][extended_weapon_customization][INFO] kitbashing item content/items/weapons/player/ranged/stocks/syn_lasgun_pistol_stock_04
04:06:34.664 [Lua] [MOD][extended_weapon_customization][INFO] kitbashing item content/items/weapons/player/melee/blades/owo_slim_blade_flat_dclaw_05
04:06:34.664 [Lua] [MOD][extended_weapon_customization][INFO] kitbashing item content/items/weapons/player/ranged/magazines/syn_boltgun_rifle_magazine_02
04:06:34.664 [Lua] [MOD][extended_weapon_customization][INFO] kitbashing item content/items/weapons/player/ranged/magazines/syn_boltgun_rifle_magazine_01
04:06:34.664 [Lua] [MOD][extended_weapon_customization][INFO] kitbashing item content/items/weapons/player/ranged/magazines/syn_autogun_rifle_magazine_03
04:06:34.664 [Lua] [MOD][extended_weapon_customization][INFO] kitbashing item content/items/weapons/player/melee/blades/owo_slim_blade_flat_dclaw_06
04:06:34.664 [Lua] [MOD][extended_weapon_customization][INFO] kitbashing item content/items/weapons/player/ranged/magazines/syn_autogun_rifle_magazine_02
04:06:34.664 [Lua] [MOD][extended_weapon_customization][INFO] kitbashing item content/items/weapons/player/ranged/magazines/syn_plasma_rifle_magazine_ml01
04:06:34.664 [Lua] [MOD][extended_weapon_customization][INFO] kitbashing item content/items/weapons/player/melee/blades/owo_slim_blade_flat_dclaw_07
04:06:34.664 [Lua] [MOD][extended_weapon_customization][INFO] kitbashing item content/items/weapons/player/ranged/magazines/syn_plasma_rifle_magazine_06
04:06:34.664 [Lua] [MOD][extended_weapon_customization][INFO] kitbashing item content/items/weapons/player/ranged/magazines/syn_plasma_rifle_magazine_04
04:06:34.664 [Lua] [MOD][extended_weapon_customization][INFO] kitbashing item content/items/weapons/player/melee/blades/owo_slim_blade_flat_dclaw_ml01
04:06:34.664 [Lua] [MOD][extended_weapon_customization][INFO] kitbashing item content/items/weapons/player/ranged/magazines/syn_plasma_rifle_magazine_03
04:06:34.664 [Lua] [MOD][extended_weapon_customization][INFO] kitbashing item content/items/weapons/player/ranged/magazines/syn_plasma_rifle_magazine_02
04:06:34.664 [Lua] [MOD][extended_weapon_customization][INFO] kitbashing item content/items/weapons/player/ranged/magazines/syn_plasma_rifle_magazine_01
04:06:34.664 [Lua] [MOD][extended_weapon_customization][INFO] kitbashing item content/items/weapons/player/ranged/magazines/syn_lasgun_pistol_magazine_ml01
04:06:34.664 [Lua] [MOD][extended_weapon_customization][INFO] kitbashing item content/items/weapons/player/ranged/magazines/syn_lasgun_pistol_magazine_05
04:06:34.664 [Lua] [MOD][extended_weapon_customization][INFO] kitbashing item content/items/weapons/player/melee/blades/owo_slim_blade_flat_dclaw_g_01
04:06:34.664 [Lua] [MOD][extended_weapon_customization][INFO] kitbashing item content/items/weapons/player/ranged/magazines/syn_lasgun_pistol_magazine_03
04:06:34.664 [Lua] [MOD][extended_weapon_customization][INFO] kitbashing item content/items/weapons/player/ranged/magazines/syn_lasgun_pistol_magazine_01
04:06:34.664 [Lua] [MOD][extended_weapon_customization][INFO] kitbashing item content/items/weapons/player/melee/blades/owo_slim_blade_flat_dclaw_g_02
04:06:34.664 [Lua] [MOD][extended_weapon_customization][INFO] kitbashing item content/items/weapons/player/ranged/magazines/syn_lasgun_rifle_magazine_ml01
04:06:34.664 [Lua] [MOD][extended_weapon_customization][INFO] kitbashing item content/items/weapons/player/melee/grips/syn_combat_blade_grip_07
04:06:34.664 [Lua] [MOD][extended_weapon_customization][INFO] kitbashing item content/items/weapons/player/melee/blades/owo_slim_blade_flat_dclaw_g_03
04:06:34.664 [Lua] [MOD][extended_weapon_customization][INFO] kitbashing item content/items/weapons/player/ranged/magazines/syn_lasgun_rifle_magazine_01
04:06:34.664 [Lua] [MOD][extended_weapon_customization][INFO] kitbashing item content/items/weapons/player/melee/full/syn_force_staff_full_01
04:06:34.664 [Lua] [MOD][extended_weapon_customization][INFO] kitbashing item content/items/weapons/player/melee/blades/owo_slim_blade_flat_dclaw_g_04
04:06:34.664 [Lua] [MOD][extended_weapon_customization][INFO] kitbashing item content/items/weapons/player/ranged/underbarrels/syn_arc_rifle_underbarrel_01
04:06:34.664 [Lua] [MOD][extended_weapon_customization][INFO] kitbashing item content/items/weapons/player/ranged/magazines/syn_autogun_rifle_magazine_01
04:06:34.664 [Lua] [MOD][extended_weapon_customization][INFO] kitbashing item content/items/weapons/player/melee/blades/owo_slim_blade_flat_dclaw_g_05
04:06:34.664 [Lua] [MOD][extended_weapon_customization][INFO] kitbashing item content/items/weapons/player/melee/full/syn_force_staff_full_05
04:06:34.664 [Lua] [MOD][extended_weapon_customization][INFO] kitbashing item content/items/weapons/player/melee/grips/syn_combat_blade_grip_09
04:06:34.664 [Lua] [MOD][extended_weapon_customization][INFO] kitbashing item content/items/weapons/player/melee/blades/owo_slim_blade_flat_dclaw_g_06
04:06:34.665 [Lua] [MOD][extended_weapon_customization][INFO] kitbashing item content/items/weapons/player/melee/shafts/syn_ogryn_pickaxe_shaft_ml01
04:06:34.665 [Lua] [MOD][extended_weapon_customization][INFO] kitbashing item content/items/weapons/player/melee/shafts/syn_ogryn_pickaxe_shaft_02
04:06:34.665 [Lua] [MOD][extended_weapon_customization][INFO] kitbashing item content/items/weapons/player/melee/blades/owo_slim_blade_flat_dclaw_g_07
04:06:34.665 [Lua] [MOD][extended_weapon_customization][INFO] kitbashing item content/items/weapons/player/melee/grips/syn_combat_blade_grip_06
04:06:34.665 [Lua] [MOD][extended_weapon_customization][INFO] kitbashing item content/items/weapons/player/melee/grips/syn_combat_blade_grip_02
04:06:34.665 [Lua] [MOD][extended_weapon_customization][INFO] kitbashing item content/items/weapons/player/melee/blades/owo_slim_blade_flat_dclaw_g_ml01
04:06:34.665 [Lua] [MOD][extended_weapon_customization][INFO] kitbashing item content/items/weapons/player/ranged/bayonets/syn_kickback_shotgun_bayonet_06
04:06:34.665 [Lua] [MOD][extended_weapon_customization][INFO] kitbashing item content/items/weapons/player/melee/grips/syn_combat_blade_grip_04
04:06:34.665 [Lua] [MOD][extended_weapon_customization][INFO] kitbashing item content/items/weapons/player/ranged/stocks/syn_lasgun_rifle_elysian_stock_01
04:06:34.665 [Lua] [MOD][extended_weapon_customization][INFO] kitbashing item content/items/weapons/player/ranged/stocks/syn_lasgun_rifle_krieg_stock_ml01
04:06:34.665 [Lua] [MOD][extended_weapon_customization][INFO] kitbashing item content/items/weapons/player/melee/blades/owo_slim_blade_slim_dclaw_01
04:06:34.665 [Lua] [MOD][extended_weapon_customization][INFO] kitbashing item content/items/weapons/player/ranged/stocks/syn_lasgun_rifle_krieg_stock_05
04:06:34.665 [Lua] [MOD][extended_weapon_customization][INFO] kitbashing item content/items/weapons/player/ranged/stocks/syn_lasgun_rifle_krieg_stock_04
04:06:34.665 [Lua] [MOD][extended_weapon_customization][INFO] kitbashing item content/items/weapons/player/melee/blades/owo_slim_blade_slim_dclaw_02
04:06:34.665 [Lua] [MOD][extended_weapon_customization][INFO] kitbashing item content/items/weapons/player/ranged/stocks/syn_lasgun_rifle_krieg_stock_02
04:06:34.665 [Lua] [MOD][extended_weapon_customization][INFO] kitbashing item content/items/weapons/player/ranged/stocks/syn_lasgun_rifle_krieg_stock_01
04:06:34.665 [Lua] [MOD][extended_weapon_customization][INFO] kitbashing item content/items/weapons/player/melee/blades/owo_slim_blade_slim_dclaw_03
04:06:34.665 [Lua] [MOD][extended_weapon_customization][INFO] kitbashing item content/items/weapons/player/ranged/stocks/syn_stock_05
04:06:34.665 [Lua] [MOD][extended_weapon_customization][INFO] kitbashing item content/items/weapons/player/ranged/stocks/syn_stock_04
04:06:34.665 [Lua] [MOD][extended_weapon_customization][INFO] kitbashing item content/items/weapons/player/melee/blades/owo_slim_blade_slim_dclaw_04
04:06:34.665 [Lua] [MOD][extended_weapon_customization][INFO] kitbashing item content/items/weapons/player/ranged/bayonets/syn_kickback_shotgun_bayonet_05
04:06:34.665 [Lua] [MOD][extended_weapon_customization][INFO] kitbashing item content/items/weapons/player/ranged/stocks/syn_stock_02
04:06:34.665 [Lua] [MOD][extended_weapon_customization][INFO] kitbashing item content/items/weapons/player/melee/blades/owo_slim_blade_slim_dclaw_05
04:06:34.665 [Lua] [MOD][extended_weapon_customization][INFO] kitbashing item content/items/weapons/player/ranged/bayonets/syn_kickback_shotgun_bayonet_04
04:06:34.665 [Lua] [MOD][extended_weapon_customization][INFO] kitbashing item content/items/weapons/player/ranged/bayonets/syn_kickback_shotgun_bayonet_03
04:06:34.665 [Lua] [MOD][extended_weapon_customization][INFO] kitbashing item content/items/weapons/player/melee/blades/owo_slim_blade_slim_dclaw_06
04:06:34.665 [Lua] [MOD][extended_weapon_customization][INFO] kitbashing item content/items/weapons/player/ranged/bayonets/syn_kickback_shotgun_bayonet_02
04:06:34.665 [Lua] [MOD][extended_weapon_customization][INFO] kitbashing item content/items/weapons/player/ranged/bayonets/syn_kickback_shotgun_bayonet_01
04:06:34.665 [Lua] [MOD][extended_weapon_customization][INFO] kitbashing item content/items/weapons/player/melee/blades/owo_slim_blade_slim_dclaw_07
04:06:34.665 [Lua] [MOD][extended_weapon_customization][INFO] kitbashing item content/items/weapons/player/ranged/recievers/syn_heavyplasma_receiver_ml01
04:06:34.665 [Lua] [MOD][extended_weapon_customization][INFO] kitbashing item content/items/weapons/player/ranged/recievers/syn_heavyplasma_receiver_08
04:06:34.665 [Lua] [MOD][extended_weapon_customization][INFO] kitbashing item content/items/weapons/player/melee/blades/owo_slim_blade_slim_dclaw_ml01
04:06:34.665 [Lua] [MOD][extended_weapon_customization][INFO] kitbashing item content/items/weapons/player/ranged/recievers/syn_heavyplasma_receiver_07
04:06:34.665 [Lua] [MOD][extended_weapon_customization][INFO] kitbashing item content/items/weapons/player/ranged/recievers/syn_heavyplasma_receiver_06
04:06:34.665 [Lua] [MOD][extended_weapon_customization][INFO] kitbashing item content/items/weapons/player/ranged/recievers/syn_heavyplasma_receiver_05
04:06:34.665 [Lua] [MOD][extended_weapon_customization][INFO] kitbashing item content/items/weapons/player/ranged/recievers/syn_heavyplasma_receiver_04
04:06:34.665 [Lua] [MOD][extended_weapon_customization][INFO] kitbashing item content/items/weapons/player/melee/blades/owo_slim_blade_slim_dclaw_g_01
04:06:34.665 [Lua] [MOD][extended_weapon_customization][INFO] kitbashing item content/items/weapons/player/ranged/recievers/syn_heavyplasma_receiver_03
04:06:34.665 [Lua] [MOD][extended_weapon_customization][INFO] kitbashing item content/items/weapons/player/ranged/recievers/syn_heavyplasma_receiver_02
04:06:34.665 [Lua] [MOD][extended_weapon_customization][INFO] kitbashing item content/items/weapons/player/melee/blades/owo_slim_blade_slim_dclaw_g_02
04:06:34.665 [Lua] [MOD][extended_weapon_customization][INFO] kitbashing item content/items/weapons/player/ranged/recievers/syn_heavyplasma_receiver_01
04:06:34.665 [Lua] [MOD][extended_weapon_customization][INFO] kitbashing item content/items/weapons/player/ranged/syn_heavyplasma_sightrail_03_reflex
04:06:34.665 [Lua] [MOD][extended_weapon_customization][INFO] kitbashing item content/items/weapons/player/melee/blades/owo_slim_blade_slim_dclaw_g_03
04:06:34.665 [Lua] [MOD][extended_weapon_customization][INFO] kitbashing item content/items/weapons/player/ranged/syn_heavyplasma_sightrail_02_reflex
04:06:34.665 [Lua] [MOD][extended_weapon_customization][INFO] kitbashing item content/items/weapons/player/ranged/syn_heavyplasma_sightrail_01_reflex
04:06:34.665 [Lua] [MOD][extended_weapon_customization][INFO] kitbashing item content/items/weapons/player/melee/blades/owo_slim_blade_slim_dclaw_g_04
04:06:34.665 [Lua] [MOD][extended_weapon_customization][INFO] kitbashing item content/items/weapons/player/ranged/syn_heavyplasma_sightrail_03
04:06:34.665 [Lua] [MOD][extended_weapon_customization][INFO] kitbashing item content/items/weapons/player/ranged/syn_heavyplasma_sightrail_02
04:06:34.665 [Lua] [MOD][extended_weapon_customization][INFO] kitbashing item content/items/weapons/player/melee/blades/owo_slim_blade_slim_dclaw_g_05
04:06:34.665 [Lua] [MOD][extended_weapon_customization][INFO] kitbashing item content/items/weapons/player/ranged/syn_heavyplasma_sightrail_01
04:06:34.665 [Lua] [MOD][extended_weapon_customization][INFO] kitbashing item content/items/weapons/player/ranged/syn_heavyplasma_sightrail_00
04:06:34.665 [Lua] [MOD][extended_weapon_customization][INFO] kitbashing item content/items/weapons/player/melee/blades/owo_slim_blade_slim_dclaw_g_06
04:06:34.665 [Lua] [MOD][extended_weapon_customization][INFO] kitbashing item content/items/weapons/player/ranged/magazines/syn_ogryn_thompson_magazine_01
04:06:34.665 [Lua] [MOD][extended_weapon_customization][INFO] kitbashing item content/items/weapons/player/ranged/magazines/syn_ogryn_thompson_magazine_02
04:06:34.665 [Lua] [MOD][extended_weapon_customization][INFO] kitbashing item content/items/weapons/player/melee/blades/owo_slim_blade_slim_dclaw_g_07
04:06:34.665 [Lua] [MOD][extended_weapon_customization][INFO] kitbashing item content/items/weapons/player/ranged/magazines/syn_ogryn_thompson_magazine_03
04:06:34.665 [Lua] [MOD][extended_weapon_customization][INFO] kitbashing item content/items/weapons/player/ranged/magazines/syn_stubgun_ogryn_magazine_02
04:06:34.665 [Lua] [MOD][extended_weapon_customization][INFO] kitbashing item content/items/weapons/player/melee/blades/owo_slim_blade_slim_dclaw_g_ml01
04:06:34.665 [Lua] [MOD][extended_weapon_customization][INFO] kitbashing item content/items/weapons/player/ranged/magazines/syn_stubgun_ogryn_magazine_03
04:06:34.665 [Lua] [MOD][extended_weapon_customization][INFO] kitbashing item content/items/weapons/player/ranged/magazines/syn_stubgun_ogryn_magazine_04
04:06:34.665 [Lua] [MOD][extended_weapon_customization][INFO] kitbashing item content/items/weapons/player/ranged/magazines/syn_stubgun_ogryn_magazine_05
04:06:34.665 [Lua] [MOD][extended_weapon_customization][INFO] kitbashing item content/items/weapons/player/ranged/magazines/syn_stubgun_ogryn_magazine_ml01
04:06:34.665 [Lua] [MOD][extended_weapon_customization][INFO] kitbashing item content/items/weapons/player/melee/blades/owo_slim_blade_flat_hsword_01
04:06:34.665 [Lua] [MOD][extended_weapon_customization][INFO] kitbashing item content/items/weapons/player/ranged/magazines/syn_stubgun_ogryn_magazine_ml02
04:06:34.665 [Lua] [MOD][extended_weapon_customization][INFO] kitbashing item content/items/weapons/player/ranged/bayonets/syn_kickback_shotgun_bayonet_07
04:06:34.665 [Lua] [MOD][extended_weapon_customization][INFO] kitbashing item content/items/weapons/player/melee/blades/owo_slim_blade_flat_hsword_02
04:06:34.665 [Lua] [MOD][extended_weapon_customization][INFO] kitbashing item content/items/weapons/player/ranged/recievers/syn_phosphor_stubrevolver_04
04:06:34.665 [Lua] [MOD][extended_weapon_customization][INFO] kitbashing item content/items/weapons/player/ranged/recievers/syn_phosphor_stubrevolver_03
04:06:34.665 [Lua] [MOD][extended_weapon_customization][INFO] kitbashing item content/items/weapons/player/ranged/bayonets/syn_scythe_02
04:06:34.665 [Lua] [MOD][extended_weapon_customization][INFO] kitbashing item content/items/weapons/player/melee/blades/owo_slim_blade_flat_hsword_03
04:06:34.665 [Lua] [MOD][extended_weapon_customization][INFO] kitbashing item content/items/weapons/player/ranged/bayonets/syn_scythe_01
04:06:34.665 [Lua] [MOD][extended_weapon_customization][INFO] kitbashing item content/items/weapons/player/ranged/bipod/syn_bipod_leg_pickaxe_08
04:06:34.665 [Lua] [MOD][extended_weapon_customization][INFO] kitbashing item content/items/weapons/player/ranged/bipod/syn_bipod_leg_pickaxe_07
04:06:34.665 [Lua] [MOD][extended_weapon_customization][INFO] kitbashing item content/items/weapons/player/melee/blades/owo_slim_blade_flat_hsword_04
04:06:34.665 [Lua] [MOD][extended_weapon_customization][INFO] kitbashing item content/items/weapons/player/ranged/bipod/syn_bipod_leg_pickaxe_06
04:06:34.665 [Lua] [MOD][extended_weapon_customization][INFO] kitbashing item content/items/weapons/player/ranged/bipod/syn_bipod_leg_pickaxe_05
04:06:34.665 [Lua] [MOD][extended_weapon_customization][INFO] kitbashing item content/items/weapons/player/ranged/bipod/syn_bipod_leg_combatsword_01
04:06:34.665 [Lua] [MOD][extended_weapon_customization][INFO] kitbashing item content/items/weapons/player/melee/blades/owo_slim_blade_flat_hsword_05
04:06:34.665 [Lua] [MOD][extended_weapon_customization][INFO] kitbashing item content/items/weapons/player/ranged/bipod/syn_bipod_fixed
04:06:34.665 [Lua] [MOD][extended_weapon_customization][INFO] kitbashing item content/items/weapons/player/ranged/bipod/syn_bipod_motion
04:06:34.665 [Lua] [MOD][extended_weapon_customization][INFO] kitbashing item content/items/weapons/player/melee/blades/owo_slim_blade_flat_hsword_06
04:06:34.665 [Lua] [MOD][extended_weapon_customization][INFO] kitbashing item content/items/weapons/player/ranged/bipod/syn_bipod_center
04:06:34.665 [Lua] [MOD][extended_weapon_customization][INFO] kitbashing item content/items/weapons/player/ranged/syn_spellbook_servoskull2
04:06:34.665 [Lua] [MOD][extended_weapon_customization][INFO] kitbashing item content/items/weapons/player/melee/blades/owo_slim_blade_flat_hsword_ml01
04:06:34.666 [Lua] [MOD][extended_weapon_customization][INFO] kitbashing item content/items/weapons/player/ranged/syn_servoskull_2
04:06:34.666 [Lua] [MOD][extended_weapon_customization][INFO] kitbashing item content/items/weapons/player/ranged/syn_servoskull
04:06:34.666 [Lua] [MOD][extended_weapon_customization][INFO] kitbashing item content/items/weapons/player/ranged/muzzles/syn_silencer_02_arbites
04:06:34.666 [Lua] [MOD][extended_weapon_customization][INFO] kitbashing item content/items/weapons/player/ranged/muzzles/syn_rail_fins
04:06:34.666 [Lua] [MOD][extended_weapon_customization][INFO] kitbashing item content/items/weapons/player/ranged/barrels/syn_autogun_barrel_21_heavystubber
04:06:34.666 [Lua] [MOD][extended_weapon_customization][INFO] kitbashing item content/items/weapons/player/melee/blades/owo_slim_blade_flat_hsword_g_01
04:06:34.666 [Lua] [MOD][extended_weapon_customization][INFO] kitbashing item content/items/weapons/player/ranged/barrels/syn_autogun_barrel_20_heavystubber
04:06:34.666 [Lua] [MOD][extended_weapon_customization][INFO] kitbashing item content/items/weapons/player/ranged/barrels/syn_autogun_barrel_19_heavystubber
04:06:34.666 [Lua] [MOD][extended_weapon_customization][INFO] kitbashing item content/items/weapons/player/melee/blades/owo_slim_blade_flat_hsword_g_02
04:06:34.666 [Lua] [MOD][extended_weapon_customization][INFO] kitbashing item content/items/weapons/player/ranged/barrels/syn_autogun_barrel_18_heavystubber
04:06:34.666 [Lua] [MOD][extended_weapon_customization][INFO] kitbashing item content/items/weapons/player/ranged/barrels/syn_autogun_barrel_17_heavystubber
04:06:34.666 [Lua] [MOD][extended_weapon_customization][INFO] kitbashing item content/items/weapons/player/melee/blades/owo_slim_blade_flat_hsword_g_03
04:06:34.666 [Lua] [MOD][extended_weapon_customization][INFO] kitbashing item content/items/weapons/player/ranged/barrels/syn_autogun_barrel_16_heavystubber
04:06:34.666 [Lua] [MOD][extended_weapon_customization][INFO] kitbashing item content/items/weapons/player/ranged/barrels/syn_autogun_barrel_15_heavystubber
04:06:34.666 [Lua] [MOD][extended_weapon_customization][INFO] kitbashing item content/items/weapons/player/melee/blades/owo_slim_blade_flat_hsword_g_04
04:06:34.666 [Lua] [MOD][extended_weapon_customization][INFO] kitbashing item content/items/weapons/player/ranged/barrels/syn_autogun_barrel_14_heavystubber
04:06:34.666 [Lua] [MOD][extended_weapon_customization][INFO] kitbashing item content/items/weapons/player/ranged/barrels/syn_autogun_barrel_13_heavystubber
04:06:34.666 [Lua] [MOD][extended_weapon_customization][INFO] kitbashing item content/items/weapons/player/melee/blades/owo_slim_blade_flat_hsword_g_05
04:06:34.666 [Lua] [MOD][extended_weapon_customization][INFO] kitbashing item content/items/weapons/player/ranged/barrels/syn_autogun_barrel_12_heavystubber
04:06:34.666 [Lua] [MOD][extended_weapon_customization][INFO] kitbashing item content/items/weapons/player/ranged/barrels/syn_autogun_barrel_11_heavystubber
04:06:34.666 [Lua] [MOD][extended_weapon_customization][INFO] kitbashing item content/items/weapons/player/melee/blades/owo_slim_blade_flat_hsword_g_06
04:06:34.666 [Lua] [MOD][extended_weapon_customization][INFO] kitbashing item content/items/weapons/player/ranged/barrels/syn_autogun_barrel_10_heavystubber
04:06:34.666 [Lua] [MOD][extended_weapon_customization][INFO] kitbashing item content/items/weapons/player/ranged/barrels/syn_autogun_barrel_09_heavystubber
04:06:34.666 [Lua] [MOD][extended_weapon_customization][INFO] kitbashing item content/items/weapons/player/melee/blades/owo_slim_blade_flat_hsword_g_ml01
04:06:34.666 [Lua] [MOD][extended_weapon_customization][INFO] kitbashing item content/items/weapons/player/ranged/barrels/syn_autogun_barrel_08_heavystubber
04:06:34.666 [Lua] [MOD][extended_weapon_customization][INFO] kitbashing item content/items/weapons/player/ranged/barrels/syn_autogun_barrel_07_heavystubber
04:06:34.666 [Lua] [MOD][extended_weapon_customization][INFO] kitbashing item content/items/weapons/player/ranged/barrels/syn_autogun_barrel_06_heavystubber
04:06:34.666 [Lua] [MOD][extended_weapon_customization][INFO] kitbashing item content/items/weapons/player/ranged/barrels/syn_autogun_barrel_05_heavystubber
04:06:34.666 [Lua] [MOD][extended_weapon_customization][INFO] kitbashing item content/items/weapons/player/melee/blades/owo_slim_blade_slim_hsword_01
04:06:34.666 [Lua] [MOD][extended_weapon_customization][INFO] kitbashing item content/items/weapons/player/ranged/barrels/syn_autogun_barrel_04_heavystubber
04:06:34.666 [Lua] [MOD][extended_weapon_customization][INFO] kitbashing item content/items/weapons/player/ranged/barrels/syn_autogun_barrel_03_heavystubber
04:06:34.666 [Lua] [MOD][extended_weapon_customization][INFO] kitbashing item content/items/weapons/player/melee/blades/owo_slim_blade_slim_hsword_02
04:06:34.666 [Lua] [MOD][extended_weapon_customization][INFO] kitbashing item content/items/weapons/player/ranged/barrels/syn_combatshotgun_barrel_08_heavystubber
04:06:34.666 [Lua] [MOD][extended_weapon_customization][INFO] kitbashing item content/items/weapons/player/ranged/barrels/syn_combatshotgun_barrel_07_heavystubber
04:06:34.666 [Lua] [MOD][extended_weapon_customization][INFO] kitbashing item content/items/weapons/player/melee/blades/owo_slim_blade_slim_hsword_03
04:06:34.666 [Lua] [MOD][extended_weapon_customization][INFO] kitbashing item content/items/weapons/player/ranged/barrels/syn_combatshotgun_barrel_06_heavystubber
04:06:34.666 [Lua] [MOD][extended_weapon_customization][INFO] kitbashing item content/items/weapons/player/ranged/barrels/syn_combatshotgun_barrel_04_heavystubber
04:06:34.666 [Lua] [MOD][extended_weapon_customization][INFO] kitbashing item content/items/weapons/player/melee/blades/owo_slim_blade_slim_hsword_04
04:06:34.666 [Lua] [MOD][extended_weapon_customization][INFO] kitbashing item content/items/weapons/player/ranged/barrels/syn_combatshotgun_barrel_01_heavystubber
04:06:34.666 [Lua] [MOD][extended_weapon_customization][INFO] kitbashing item content/items/weapons/player/ranged/barrels/syn_combatshotgun_barrel_ml01_ripper
04:06:34.666 [Lua] [MOD][extended_weapon_customization][INFO] kitbashing item content/items/weapons/player/melee/blades/owo_slim_blade_slim_hsword_05
04:06:34.666 [Lua] [MOD][extended_weapon_customization][INFO] kitbashing item content/items/weapons/player/ranged/barrels/syn_combatshotgun_barrel_10_ripper
04:06:34.666 [Lua] [MOD][extended_weapon_customization][INFO] kitbashing item content/items/weapons/player/ranged/barrels/syn_combatshotgun_barrel_09_ripper
04:06:34.666 [Lua] [MOD][extended_weapon_customization][INFO] kitbashing item content/items/weapons/player/melee/blades/owo_slim_blade_slim_hsword_06
04:06:34.666 [Lua] [MOD][extended_weapon_customization][INFO] kitbashing item content/items/weapons/player/ranged/barrels/syn_combatshotgun_barrel_08_ripper
04:06:34.666 [Lua] [MOD][extended_weapon_customization][INFO] kitbashing item content/items/weapons/player/ranged/barrels/syn_combatshotgun_barrel_07_ripper
04:06:34.666 [Lua] [MOD][extended_weapon_customization][INFO] kitbashing item content/items/weapons/player/melee/blades/owo_slim_blade_slim_hsword_ml01
04:06:34.666 [Lua] [MOD][extended_weapon_customization][INFO] kitbashing item content/items/weapons/player/ranged/barrels/syn_combatshotgun_barrel_06_ripper
04:06:34.666 [Lua] [MOD][extended_weapon_customization][INFO] kitbashing item content/items/weapons/player/ranged/barrels/syn_combatshotgun_barrel_05_ripper
04:06:34.666 [Lua] [MOD][extended_weapon_customization][INFO] kitbashing item content/items/weapons/player/ranged/barrels/syn_combatshotgun_barrel_04_ripper
04:06:34.666 [Lua] [MOD][extended_weapon_customization][INFO] kitbashing item content/items/weapons/player/melee/syn_flail_connector_02
04:06:34.666 [Lua] [MOD][extended_weapon_customization][INFO] kitbashing item content/items/weapons/player/melee/blades/owo_slim_blade_slim_hsword_g_01
04:06:34.666 [Lua] [MOD][extended_weapon_customization][INFO] kitbashing item content/items/weapons/player/melee/syn_flail_crusher_connector_01
04:06:34.666 [Lua] [MOD][extended_weapon_customization][INFO] kitbashing item content/items/weapons/player/melee/syn_flail_crusher_connector_05
04:06:34.666 [Lua] [MOD][extended_weapon_customization][INFO] kitbashing item content/items/weapons/player/melee/blades/owo_slim_blade_slim_hsword_g_02
04:06:34.666 [Lua] [MOD][extended_weapon_customization][INFO] kitbashing item content/items/weapons/player/melee/grips/syn_shiv_grip_05
04:06:34.666 [Lua] [MOD][extended_weapon_customization][INFO] kitbashing item content/items/weapons/player/ranged/bayonets/syn_scythe_08
04:06:34.666 [Lua] [MOD][extended_weapon_customization][INFO] kitbashing item content/items/weapons/player/melee/blades/owo_slim_blade_slim_hsword_g_03
04:06:34.666 [Lua] [MOD][extended_weapon_customization][INFO] kitbashing item content/items/weapons/player/ranged/recievers/syn_kickback_shotgun_barrel_02
04:06:34.666 [Lua] [MOD][extended_weapon_customization][INFO] kitbashing item content/items/weapons/player/melee/grips/syn_2h_chain_sword_grip_04
04:06:34.666 [Lua] [MOD][extended_weapon_customization][INFO] kitbashing item content/items/weapons/player/melee/blades/owo_slim_blade_slim_hsword_g_04
04:06:34.666 [Lua] [MOD][extended_weapon_customization][INFO] kitbashing item content/items/weapons/player/melee/syn_frostmourne_hilt_sideblade
04:06:34.666 [Lua] [MOD][extended_weapon_customization][INFO] kitbashing item content/items/weapons/player/melee/syn_frostmourne_hilt_sidepoint
04:06:34.666 [Lua] [MOD][extended_weapon_customization][INFO] kitbashing item content/items/weapons/player/melee/blades/owo_slim_blade_slim_hsword_g_05
04:06:34.666 [Lua] [MOD][extended_weapon_customization][INFO] kitbashing item content/items/weapons/player/ranged/syn_stock_extension_02
04:06:34.666 [Lua] [MOD][extended_weapon_customization][INFO] kitbashing item content/items/weapons/player/ranged/stocks/syn_reinforced_stock_main_05
04:06:34.666 [Lua] [MOD][extended_weapon_customization][INFO] kitbashing item content/items/weapons/player/melee/blades/owo_slim_blade_slim_hsword_g_06
04:06:34.666 [Lua] [MOD][extended_weapon_customization][INFO] kitbashing item content/items/weapons/player/melee/syn_no_connector
04:06:34.666 [Lua] [MOD][extended_weapon_customization][INFO] kitbashing item content/items/weapons/player/melee/connectors/syn_human_power_maul_connector_01
04:06:34.666 [Lua] [MOD][extended_weapon_customization][INFO] kitbashing item content/items/weapons/player/melee/blades/owo_slim_blade_slim_hsword_g_ml01
04:06:34.666 [Lua] [MOD][extended_weapon_customization][INFO] kitbashing item content/items/weapons/player/melee/blades/syn_crucible_energy_blade_01
04:06:34.666 [Lua] [MOD][extended_weapon_customization][INFO] kitbashing item content/items/weapons/player/melee/blades/syn_crucible_energy_razor_01
04:06:34.666 [Lua] [MOD][extended_weapon_customization][INFO] kitbashing item content/items/weapons/player/melee/blades/syn_transonic_knife_blade_deluxe01
04:06:34.666 [Lua] [MOD][extended_weapon_customization][INFO] kitbashing item content/items/weapons/player/melee/blades/syn_crucible_energy_triangle_01
04:06:34.666 [Lua] [MOD][extended_weapon_customization][INFO] kitbashing item content/items/weapons/player/melee/blades/syn_transonic_knife_blade_01
04:06:34.666 [Lua] [MOD][extended_weapon_customization][INFO] kitbashing item content/items/weapons/player/melee/blades/syn_2h_power_sword_blade_04
04:06:34.666 [Lua] [MOD][extended_weapon_customization][INFO] kitbashing item content/items/weapons/player/melee/blades/syn_transonic_sword_blade_01
04:06:34.666 [Lua] [MOD][extended_weapon_customization][INFO] kitbashing item content/items/weapons/player/melee/blades/syn_blades/power_sword_blade_08
04:06:34.666 [Lua] [MOD][extended_weapon_customization][INFO] kitbashing item content/items/weapons/player/ranged/syn_reflex/syn_reflex_02
04:06:34.666 [Lua] [MOD][extended_weapon_customization][INFO] kitbashing item content/items/weapons/player/melee/pommels/syn_power_sword_pommel_02
04:06:34.666 [Lua] [MOD][extended_weapon_customization][INFO] kitbashing item content/items/weapons/player/melee/pommels/syn_axe_pommel_02
04:06:34.666 [Lua] [MOD][extended_weapon_customization][INFO] kitbashing item content/items/weapons/player/melee/pommels/syn_axe_pommel_03
04:06:34.666 [Lua] [MOD][extended_weapon_customization][INFO] kitbashing item content/items/weapons/player/ranged/stocks/syn_lasgun_pistol_stock_01
04:06:34.666 [Lua] [MOD][extended_weapon_customization][INFO] kitbashing item content/items/weapons/player/melee/pommels/syn_2h_power_sword_pommel_02
04:06:34.666 [Lua] [MOD][extended_weapon_customization][INFO] kitbashing item content/items/weapons/player/ranged/bayonets/syn_rippergun_rifle_bayonet_05
04:06:34.667 [Lua] [MOD][extended_weapon_customization][INFO] kitbashing item content/items/weapons/player/melee/blades/syn_chain_circular_saw_shaft_01
04:06:34.667 [Lua] [MOD][extended_weapon_customization][INFO] kitbashing item content/items/weapons/player/ranged/connectors/owo_invisible_shock_maul_connector_01
04:06:34.667 [Lua] [MOD][extended_weapon_customization][INFO] kitbashing item content/items/weapons/player/melee/blades/syn_chain_circular_saw_disc_ml01
04:06:34.667 [Lua] [MOD][extended_weapon_customization][INFO] kitbashing item content/items/weapons/player/melee/blades/syn_chain_circular_saw_blade_01
04:06:34.667 [Lua] [MOD][extended_weapon_customization][INFO] kitbashing item content/items/weapons/player/ranged/connectors/owo_invisible_shock_maul_connector_empty
04:06:34.667 [Lua] [MOD][extended_weapon_customization][INFO] kitbashing item content/items/weapons/player/melee/blades/syn_chain_circular_saw_blade_03
04:06:34.667 [Lua] [MOD][extended_weapon_customization][INFO] kitbashing item content/items/weapons/player/melee/blades/syn_chain_circular_saw_blade_04
04:06:34.667 [Lua] [MOD][extended_weapon_customization][INFO] kitbashing item content/items/weapons/player/melee/blades/syn_chain_circular_saw_blade_05
04:06:34.667 [Lua] [MOD][extended_weapon_customization][INFO] kitbashing item content/items/weapons/player/melee/blades/syn_chain_circular_saw_blade_07
04:06:34.667 [Lua] [MOD][extended_weapon_customization][INFO] kitbashing item content/items/weapons/player/melee/blades/syn_chain_circular_saw_blade_ml01
04:06:34.667 [Lua] [MOD][extended_weapon_customization][INFO] kitbashing item content/items/weapons/player/melee/blades/syn_chainaxe_head_01
04:06:34.667 [Lua] [MOD][extended_weapon_customization][INFO] kitbashing item content/items/weapons/player/melee/connectors/syn_2h_power_maul_connector_01
04:06:34.667 [Lua] [MOD][extended_weapon_customization][INFO] kitbashing item content/items/weapons/player/melee/grips/syn_combat_blade_grip_05
04:06:34.667 [Lua] [MOD][extended_weapon_customization][INFO] kitbashing item content/items/weapons/player/melee/blades/owo_chainsword_blade_01
04:06:34.667 [Lua] [MOD][extended_weapon_customization][INFO] kitbashing item content/items/weapons/player/melee/connectors/syn_thunder_hammer_connector_05
04:06:34.667 [Lua] [MOD][extended_weapon_customization][INFO] kitbashing item content/items/weapons/player/melee/connectors/syn_2h_power_maul_connector_02
04:06:34.667 [Lua] [MOD][extended_weapon_customization][INFO] kitbashing item content/items/weapons/player/melee/blades/owo_chainsword_blade_02
04:06:34.667 [Lua] [MOD][extended_weapon_customization][INFO] kitbashing item content/items/weapons/player/melee/connectors/syn_2h_power_maul_connector_ml01
04:06:34.667 [Lua] [MOD][extended_weapon_customization][INFO] kitbashing item content/items/weapons/player/melee/grips/syn_combat_blade_grip_ml01
04:06:34.667 [Lua] [MOD][extended_weapon_customization][INFO] kitbashing item content/items/weapons/player/melee/pommels/syn_2h_power_sword_pommel_ml01
04:06:34.667 [Lua] [MOD][extended_weapon_customization][INFO] kitbashing item content/items/weapons/player/melee/blades/owo_chainsword_blade_03
04:06:34.667 [Lua] [MOD][extended_weapon_customization][INFO] kitbashing item content/items/weapons/player/melee/blades/syn_blades/power_sword_blade_02
04:06:34.667 [Lua] [MOD][extended_weapon_customization][INFO] kitbashing item content/items/weapons/player/melee/blades/syn_blades/power_sword_blade_03
04:06:34.667 [Lua] [MOD][extended_weapon_customization][INFO] kitbashing item content/items/weapons/player/melee/blades/owo_chainsword_blade_04
04:06:34.667 [Lua] [MOD][extended_weapon_customization][INFO] kitbashing item content/items/weapons/player/melee/blades/syn_blades/power_sword_blade_06
04:06:34.667 [Lua] [MOD][extended_weapon_customization][INFO] kitbashing item content/items/weapons/player/melee/blades/syn_blades/power_sword_blade_07
04:06:34.667 [Lua] [MOD][extended_weapon_customization][INFO] kitbashing item content/items/weapons/player/melee/blades/syn_blades/power_sword_blade_08_ml01
04:06:34.667 [Lua] [MOD][extended_weapon_customization][INFO] kitbashing item content/items/weapons/player/melee/blades/owo_chainsword_blade_05
04:06:34.667 [Lua] [MOD][extended_weapon_customization][INFO] kitbashing item content/items/weapons/player/melee/blades/syn_blades/power_sword_blade_ml01
04:06:34.667 [Lua] [MOD][extended_weapon_customization][INFO] kitbashing item content/items/weapons/player/ranged/recievers/syn_boltgun_pistol_receiver_04
04:06:34.667 [Lua] [MOD][extended_weapon_customization][INFO] kitbashing item content/items/weapons/player/melee/blades/syn_power_falchion_blade_02
04:06:34.667 [Lua] [MOD][extended_weapon_customization][INFO] kitbashing item content/items/weapons/player/melee/blades/owo_chainsword_blade_06
04:06:34.667 [Lua] [MOD][extended_weapon_customization][INFO] kitbashing item content/items/weapons/player/melee/pommels/syn_thunder_hammer_pommel_05
04:06:34.667 [Lua] [MOD][extended_weapon_customization][INFO] kitbashing item content/items/weapons/player/ranged/stocks/syn_arc_rifle_stock_01
04:06:34.667 [Lua] [MOD][extended_weapon_customization][INFO] kitbashing item content/items/weapons/player/melee/pommels/syn_power_sword_pommel_07
04:06:34.667 [Lua] [MOD][extended_weapon_customization][INFO] kitbashing item content/items/weapons/player/melee/blades/owo_chainsword_blade_07
04:06:34.667 [Lua] [MOD][extended_weapon_customization][INFO] kitbashing item content/items/weapons/player/melee/pommels/syn_power_sword_pommel_deluxe01
04:06:34.667 [Lua] [MOD][extended_weapon_customization][INFO] kitbashing item content/items/weapons/player/melee/pommels/syn_2h_force_sword_pommel_03
04:06:34.667 [Lua] [MOD][extended_weapon_customization][INFO] kitbashing item content/items/weapons/player/ranged/stocks/syn_arc_rifle_stock_ml01
04:06:34.667 [Lua] [MOD][extended_weapon_customization][INFO] kitbashing item content/items/weapons/player/melee/blades/owo_chainsword_blade_08
04:06:34.667 [Lua] [MOD][extended_weapon_customization][INFO] kitbashing item content/items/weapons/player/melee/syn_holymoonlight_bladeshroudac10
04:06:34.667 [Lua] [MOD][extended_weapon_customization][INFO] kitbashing item content/items/weapons/player/melee/syn_powerclaw_grip_01
04:06:34.667 [Lua] [MOD][extended_weapon_customization][INFO] kitbashing item content/items/weapons/player/melee/heads/syn_shovel_head_01
04:06:34.667 [Lua] [MOD][extended_weapon_customization][INFO] kitbashing item content/items/weapons/player/melee/heads/syn_shovel_head_02
04:06:34.667 [Lua] [MOD][extended_weapon_customization][INFO] kitbashing item content/items/weapons/player/melee/blades/owo_chainsword_blade_09
04:06:34.667 [Lua] [MOD][extended_weapon_customization][INFO] kitbashing item content/items/weapons/player/melee/heads/syn_shovel_head_04
04:06:34.667 [Lua] [MOD][extended_weapon_customization][INFO] kitbashing item content/items/weapons/player/melee/heads/syn_shovel_head_05
04:06:34.667 [Lua] [MOD][extended_weapon_customization][INFO] kitbashing item content/items/weapons/player/melee/heads/syn_shovel_head_06
04:06:34.667 [Lua] [MOD][extended_weapon_customization][INFO] kitbashing item content/items/weapons/player/melee/blades/owo_chainsword_blade_10
04:06:34.667 [Lua] [MOD][extended_weapon_customization][INFO] kitbashing item content/items/weapons/player/melee/syn_chain_connector
04:06:34.667 [Lua] [MOD][extended_weapon_customization][INFO] kitbashing item content/items/weapons/player/melee/syn_chain_ender
04:06:34.667 [Lua] [MOD][extended_weapon_customization][INFO] kitbashing item content/items/weapons/player/melee/syn_chain_starter
04:06:34.667 [Lua] [MOD][extended_weapon_customization][INFO] kitbashing item content/items/weapons/player/melee/syn_flail_connector_01
04:06:34.667 [Lua] [MOD][extended_weapon_customization][INFO] kitbashing item content/items/weapons/player/melee/blades/owo_chainsword_blade_11
04:06:34.667 [Lua] [MOD][extended_weapon_customization][INFO] kitbashing item content/items/weapons/player/melee/syn_flail_connector_03
04:06:34.667 [Lua] [MOD][extended_weapon_customization][INFO] kitbashing item content/items/weapons/player/melee/syn_flail_connector_04
04:06:34.667 [Lua] [MOD][extended_weapon_customization][INFO] kitbashing item content/items/weapons/player/melee/syn_flail_connector_05
04:06:34.667 [Lua] [MOD][extended_weapon_customization][INFO] kitbashing item content/items/weapons/player/melee/syn_flail_connector_ml01
04:06:34.667 [Lua] [MOD][extended_weapon_customization][INFO] kitbashing item content/items/weapons/player/melee/blades/owo_chainsword_blade_12
04:06:34.667 [Lua] [MOD][extended_weapon_customization][INFO] kitbashing item content/items/weapons/player/melee/syn_flail_crusher_connector_02
04:06:34.667 [Lua] [MOD][extended_weapon_customization][INFO] kitbashing item content/items/weapons/player/melee/syn_flail_crusher_connector_03
04:06:34.667 [Lua] [MOD][extended_weapon_customization][INFO] kitbashing item content/items/weapons/player/melee/syn_flail_crusher_connector_04
04:06:34.667 [Lua] [MOD][extended_weapon_customization][INFO] kitbashing item content/items/weapons/player/melee/blades/owo_chainsword_blade_ml01
04:06:34.667 [Lua] [MOD][extended_weapon_customization][INFO] kitbashing item content/items/weapons/player/melee/syn_flail_crusher_connector_06
04:06:34.667 [Lua] [MOD][extended_weapon_customization][INFO] kitbashing item content/items/weapons/player/melee/syn_flail_crusher_connector_ml01
04:06:34.667 [Lua] [MOD][extended_weapon_customization][INFO] kitbashing item content/items/weapons/player/melee/syn_spike/syn_spike_06
04:06:34.667 [Lua] [MOD][extended_weapon_customization][INFO] kitbashing item content/items/weapons/player/melee/body/syn_maul_body_01_crowbar
04:06:34.667 [Lua] [MOD][extended_weapon_customization][INFO] kitbashing item content/items/weapons/player/melee/body/syn_maul_body_02_crowbar
04:06:34.667 [Lua] [MOD][extended_weapon_customization][INFO] kitbashing item content/items/weapons/player/melee/body/syn_maul_body_03_crowbar
04:06:34.667 [Lua] [MOD][extended_weapon_customization][INFO] kitbashing item content/items/weapons/player/melee/body/syn_maul_body_04_crowbar
04:06:34.667 [Lua] [MOD][extended_weapon_customization][INFO] kitbashing item content/items/weapons/player/melee/body/syn_maul_body_05_crowbar
04:06:34.667 [Lua] [MOD][extended_weapon_customization][INFO] kitbashing item content/items/weapons/player/melee/body/syn_maul_body_06_crowbar
04:06:34.667 [Lua] [MOD][extended_weapon_customization][INFO] kitbashing item content/items/weapons/player/melee/body/syn_maul_body_ml01_crowbar
04:06:34.667 [Lua] [MOD][extended_weapon_customization][INFO] kitbashing item content/items/weapons/player/melee/heads/syn_human_power_maul_short_head_03
04:06:34.667 [Lua] [MOD][extended_weapon_customization][INFO] kitbashing item content/items/weapons/player/melee/blades/syn_shiv_blade_05
04:06:34.667 [Lua] [MOD][extended_weapon_customization][INFO] kitbashing item content/items/weapons/player/melee/blades/syn_shiv_blade_06
04:06:34.667 [Lua] [MOD][extended_weapon_customization][INFO] kitbashing item content/items/weapons/player/melee/blades/owo_chainsword_2h_blade_01
04:06:34.667 [Lua] [MOD][extended_weapon_customization][INFO] kitbashing item content/items/weapons/player/melee/syn_eaglehead_bladeshroudac13_01
04:06:34.667 [Lua] [MOD][extended_weapon_customization][INFO] kitbashing item content/items/weapons/player/melee/grips/syn_shiv_grip_06
04:06:34.667 [Lua] [MOD][extended_weapon_customization][INFO] kitbashing item content/items/weapons/player/melee/blades/owo_chainsword_2h_blade_02
04:06:34.667 [Lua] [MOD][extended_weapon_customization][INFO] kitbashing item content/items/weapons/player/melee/grips/syn_2h_chain_sword_grip_01
04:06:34.667 [Lua] [MOD][extended_weapon_customization][INFO] kitbashing item content/items/weapons/player/melee/grips/syn_2h_chain_sword_grip_02
04:06:34.667 [Lua] [MOD][extended_weapon_customization][INFO] kitbashing item content/items/weapons/player/melee/grips/syn_2h_chain_sword_grip_03
04:06:34.667 [Lua] [MOD][extended_weapon_customization][INFO] kitbashing item content/items/weapons/player/melee/blades/owo_chainsword_2h_blade_03
04:06:34.667 [Lua] [MOD][extended_weapon_customization][INFO] kitbashing item content/items/weapons/player/melee/grips/syn_2h_chain_sword_grip_ml01
04:06:34.667 [Lua] [MOD][extended_weapon_customization][INFO] kitbashing item content/items/weapons/player/melee/syn_frostmourne_hilt_skull
04:06:34.667 [Lua] [MOD][extended_weapon_customization][INFO] kitbashing item content/items/weapons/player/melee/syn_frostmourne_hilt_triangle
04:06:34.667 [Lua] [MOD][extended_weapon_customization][INFO] kitbashing item content/items/weapons/player/melee/blades/owo_chainsword_2h_blade_04
04:06:34.667 [Lua] [MOD][extended_weapon_customization][INFO] kitbashing item content/items/weapons/player/melee/syn_frostmourne_hilt_sidehorn
04:06:34.667 [Lua] [MOD][extended_weapon_customization][INFO] kitbashing item content/items/weapons/player/melee/syn_frostmourne_hilt_sideblade_2
04:06:34.667 [Lua] [MOD][extended_weapon_customization][INFO] kitbashing item content/items/weapons/player/melee/syn_frostmourne_hilt_sidehorn_2
04:06:34.667 [Lua] [MOD][extended_weapon_customization][INFO] kitbashing item content/items/weapons/player/melee/blades/owo_chainsword_2h_blade_06
04:06:34.668 [Lua] [MOD][extended_weapon_customization][INFO] kitbashing item content/items/weapons/player/melee/syn_frostmourne_leftblade
04:06:34.668 [Lua] [MOD][extended_weapon_customization][INFO] kitbashing item content/items/weapons/player/melee/blades/syn_2h_power_sword_blade_03
04:06:34.668 [Lua] [MOD][extended_weapon_customization][INFO] kitbashing item content/items/weapons/player/melee/syn_frostmourne_rightblade
04:06:34.668 [Lua] [MOD][extended_weapon_customization][INFO] kitbashing item content/items/weapons/player/melee/blades/owo_chainsword_2h_blade_07
04:06:34.668 [Lua] [MOD][extended_weapon_customization][INFO] kitbashing item content/items/weapons/player/melee/syn_frostmourne_topblade
04:06:34.668 [Lua] [MOD][extended_weapon_customization][INFO] kitbashing item content/items/weapons/player/melee/syn_frostmourne_centerblade
04:06:34.668 [Lua] [MOD][extended_weapon_customization][INFO] kitbashing item content/items/weapons/player/melee/syn_holymoonlight_bladeshroudac12
04:06:34.668 [Lua] [MOD][extended_weapon_customization][INFO] kitbashing item content/items/weapons/player/melee/blades/owo_chainsword_2h_blade_ml01
04:06:34.668 [Lua] [MOD][extended_weapon_customization][INFO] kitbashing item content/items/weapons/player/melee/syn_holymoonlight_bladeshroudac9
04:06:34.668 [Lua] [MOD][extended_weapon_customization][INFO] kitbashing item content/items/weapons/player/melee/syn_holymoonlight_bladeshroudac7
04:06:34.668 [Lua] [MOD][extended_weapon_customization][INFO] kitbashing item content/items/weapons/player/melee/syn_holymoonlight_cloth
04:06:34.668 [Lua] [MOD][extended_weapon_customization][INFO] kitbashing item content/items/weapons/player/melee/syn_holymoonlight_blade_main
04:06:34.668 [Lua] [MOD][extended_weapon_customization][INFO] kitbashing item content/items/weapons/player/melee/syn_holymoonlight_bladeshroud
04:06:34.668 [Lua] [MOD][extended_weapon_customization][INFO] kitbashing item content/items/weapons/player/melee/syn_holymoonlight_bladeshroudac
04:06:34.668 [Lua] [MOD][extended_weapon_customization][INFO] kitbashing item content/items/weapons/player/melee/syn_negotiator_bladeshroudac13_01
04:06:34.668 [Lua] [MOD][extended_weapon_customization][INFO] kitbashing item content/items/weapons/player/melee/syn_negotiator_bladeshroudac13_02
04:06:34.668 [Lua] [MOD][extended_weapon_customization][INFO] kitbashing item content/items/weapons/player/melee/syn_negotiator_bladeshroudac12_01
04:06:34.668 [Lua] [MOD][extended_weapon_customization][INFO] kitbashing item content/items/weapons/player/melee/syn_negotiator_bladeshroudac12_02
04:06:34.668 [Lua] [MOD][extended_weapon_customization][INFO] kitbashing item content/items/weapons/player/melee/syn_negotiator_bladeshroudac11_01
04:06:34.668 [Lua] [MOD][extended_weapon_customization][INFO] kitbashing item content/items/weapons/player/melee/syn_negotiator_bladeshroudac10_01
04:06:34.668 [Lua] [MOD][extended_weapon_customization][INFO] kitbashing item content/items/weapons/player/melee/head_rears/owo_rear_spike_01
04:06:34.668 [Lua] [MOD][extended_weapon_customization][INFO] kitbashing item content/items/weapons/player/melee/syn_eaglehead_bladeshroudac09_01
04:06:34.668 [Lua] [MOD][extended_weapon_customization][INFO] kitbashing item content/items/weapons/player/melee/syn_eaglehead_bladeshroudac07_01
04:06:34.668 [Lua] [MOD][extended_weapon_customization][INFO] kitbashing item content/items/weapons/player/melee/head_rears/owo_rear_spike_02
04:06:34.668 [Lua] [MOD][extended_weapon_customization][INFO] kitbashing item content/items/weapons/player/melee/pommels/syn_axe_pommel_05
04:06:34.668 [Lua] [MOD][extended_weapon_customization][INFO] kitbashing item content/items/weapons/player/melee/grips/syn_hatchet_grip_01
04:06:34.668 [Lua] [MOD][extended_weapon_customization][INFO] kitbashing item content/items/weapons/player/melee/pommels/syn_hatchet_pommel_04
04:06:34.668 [Lua] [MOD][extended_weapon_customization][INFO] kitbashing item content/items/weapons/player/melee/syn_power_sword_connector_01
04:06:34.668 [Lua] [MOD][extended_weapon_customization][INFO] kitbashing item content/items/weapons/player/melee/blade/syn_double_chainaxe_head_01_secondary
04:06:34.668 [Lua] [MOD][extended_weapon_customization][INFO] kitbashing item content/items/weapons/player/melee/blade/syn_shield_doomguy_blade_01
04:06:34.668 [Lua] [MOD][extended_weapon_customization][INFO] kitbashing item content/items/weapons/player/melee/blades/syn_shield_doomguy_disc_01
04:06:34.668 [Lua] [MOD][extended_weapon_customization][INFO] kitbashing item content/items/weapons/player/melee/blade/syn_shield_doomguy_chain_01
04:06:34.668 [Lua] [MOD][extended_weapon_customization][INFO] kitbashing item content/items/weapons/player/melee/blade/syn_shield_doomguy_edges_01
04:06:34.668 [Lua] [MOD][extended_weapon_customization][INFO] kitbashing item content/items/weapons/player/melee/pommels/syn_thunder_hammer_pommel_04
04:06:34.668 [Lua] [MOD][extended_weapon_customization][INFO] kitbashing item content/items/weapons/player/melee/pommels/syn_2h_force_sword_pommel_04
04:06:34.668 [Lua] [MOD][extended_weapon_customization][INFO] kitbashing item content/items/weapons/player/melee/grips/syn_hatchet_grip_03
04:06:34.668 [Lua] [MOD][extended_weapon_customization][INFO] kitbashing item content/items/weapons/player/melee/grips/syn_power_sword_grip_04
04:06:34.668 [Lua] [MOD][extended_weapon_customization][INFO] kitbashing item content/items/weapons/player/ranged/emblems/syn_emblemleft_04b
04:06:34.668 [Lua] [MOD][extended_weapon_customization][INFO] kitbashing item content/items/weapons/player/ranged/barrels/syn_multilaser_muzzle_01
04:06:34.668 [Lua] [MOD][extended_weapon_customization][INFO] kitbashing item content/items/weapons/player/melee/pommels/syn_force_sword_pommel_04
04:06:34.668 [Lua] [MOD][extended_weapon_customization][INFO] kitbashing item content/items/weapons/player/ranged/emblems/syn_emblemleft_04c
04:06:34.668 [Lua] [MOD][extended_weapon_customization][INFO] kitbashing item content/items/weapons/player/ranged/emblems/syn_emblemright_07
04:06:34.668 [Lua] [MOD][extended_weapon_customization][INFO] kitbashing item content/items/weapons/player/ranged/emblems/syn_emblemleft_04e
04:06:34.668 [Lua] [MOD][extended_weapon_customization][INFO] kitbashing item content/items/weapons/player/ranged/syn_bigtome
04:06:34.668 [Lua] [MOD][extended_weapon_customization][INFO] kitbashing item content/items/weapons/player/ranged/syn_tome
04:06:34.668 [Lua] [MOD][extended_weapon_customization][INFO] kitbashing item content/items/weapons/player/ranged/syn_grimoire
04:06:34.668 [Lua] [MOD][extended_weapon_customization][INFO] kitbashing item content/items/weapons/player/melee/shields/syn_halo
04:06:34.668 [Lua] [MOD][extended_weapon_customization][INFO] added material override oxidized_metal_gold_wear_01 resource content/characters/tiling_materials/gold_01/metal_gold_01_bca
04:06:34.668 [Lua] [MOD][extended_weapon_customization][INFO] added material override oxidized_metal_gold_wear_01 resource content/characters/tiling_materials/gold_01/metal_gold_01_nm
04:06:34.668 [Lua] [MOD][extended_weapon_customization][INFO] added material override oxidized_metal_gold_wear_01 resource content/characters/tiling_materials/gold_01/metal_gold_01_nm
04:06:34.668 [Lua] [MOD][extended_weapon_customization][INFO] added material override oxidized_metal_gold_wear_01 resource content/characters/tiling_materials/gold_01/metal_gold_01_orm
04:06:34.668 [Lua] [MOD][extended_weapon_customization][INFO] added material override oxidized_metal_gold_wear_01 resource content/characters/tiling_materials/gold_01/metal_gold_01_orm
04:06:34.668 [Lua] [MOD][extended_weapon_customization][INFO] added material override oxidized_metal_gold_wear_01 resource content/characters/tiling_materials/gold_01/metal_gold_01_bca
04:06:34.668 [Lua] [MOD][extended_weapon_customization][INFO] added material override oxidized_metal_gold_wear_01 resource content/textures/colors/oxidation_color_black_01
04:06:34.668 [Lua] [MOD][extended_weapon_customization][INFO] added material override oxidized_metal_gold_wear_01 resource content/textures/colors/oxidation_color_black_01
04:06:34.668 [Lua] [MOD][extended_weapon_customization][INFO] kitbashing item content/items/weapons/player/melee/shields/syn_holyrelic
04:06:34.668 [Lua] [MOD][extended_weapon_customization][INFO] kitbashing item content/items/weapons/player/melee/shields/syn_power_falchion_blade_01
04:06:34.668 [Lua] [MOD][extended_weapon_customization][INFO] kitbashing item content/items/weapons/player/melee/shields/syn_power_falchion_blade_02
04:06:34.668 [Lua] [MOD][extended_weapon_customization][INFO] kitbashing item content/items/weapons/player/melee/shields/syn_combat_sword_blade_01
04:06:34.668 [Lua] [MOD][extended_weapon_customization][INFO] kitbashing item content/items/weapons/player/melee/pommels/syn_2h_force_sword_pommel_02
04:06:34.668 [Lua] [MOD][extended_weapon_customization][INFO] kitbashing item content/items/weapons/player/ranged/emblems/syn_emblem_device_left_08
04:06:34.668 [Lua] [MOD][extended_weapon_customization][INFO] kitbashing item content/items/weapons/player/ranged/emblems/syn_emblemleft_03
04:06:34.668 [Lua] [MOD][extended_weapon_customization][INFO] kitbashing item content/items/weapons/player/ranged/emblems/syn_emblemright_09c
04:06:34.668 [Lua] [MOD][extended_weapon_customization][INFO] kitbashing item content/items/weapons/player/melee/pommels/syn_2h_power_maul_pommel_03
04:06:34.668 [Lua] [MOD][extended_weapon_customization][INFO] kitbashing item content/items/weapons/player/ranged/emblems/syn_emblem_device_left_09
04:06:34.668 [Lua] [MOD][extended_weapon_customization][INFO] kitbashing item content/items/weapons/player/melee/shafts/syn_2h_power_maul_shaft_02
04:06:34.668 [Lua] [MOD][extended_weapon_customization][INFO] kitbashing item content/items/weapons/player/ranged/stocks/syn_galvanic_rifle_stock_01
04:06:34.668 [Lua] [MOD][extended_weapon_customization][INFO] kitbashing item content/items/weapons/player/ranged/muzzles/syn_galvanic_rifle_muzzle_01
04:06:34.668 [Lua] [MOD][extended_weapon_customization][INFO] kitbashing item content/items/weapons/player/ranged/stocks/syn_galvanic_rifle_stock_deluxe01
04:06:34.668 [Lua] [MOD][extended_weapon_customization][INFO] kitbashing item content/items/weapons/player/ranged/muzzles/syn_galvanic_rifle_muzzle_deluxe01
04:06:34.668 [Lua] [MOD][extended_weapon_customization][INFO] kitbashing item content/items/weapons/player/ranged/stocks/syn_galvanic_rifle_stock_ml01
04:06:34.668 [Lua] [MOD][extended_weapon_customization][INFO] kitbashing item content/items/weapons/player/ranged/muzzles/syn_galvanic_rifle_muzzle_ml01
04:06:34.668 [Lua] [MOD][extended_weapon_customization][INFO] kitbashing item content/items/weapons/player/melee/shafts/syn_2h_power_maul_shaft_01
04:06:34.668 [Lua] [MOD][extended_weapon_customization][INFO] kitbashing item content/items/weapons/player/melee/shafts/syn_2h_power_maul_shaft_03
04:06:34.668 [Lua] [MOD][extended_weapon_customization][INFO] kitbashing item content/items/weapons/player/melee/shafts/syn_2h_power_maul_shaft_04
04:06:34.668 [Lua] [MOD][extended_weapon_customization][INFO] kitbashing item content/items/weapons/player/melee/shafts/syn_2h_power_maul_shaft_05
04:06:34.668 [Lua] [MOD][extended_weapon_customization][INFO] kitbashing item content/items/weapons/player/melee/shafts/syn_2h_power_maul_shaft_06
04:06:34.668 [Lua] [MOD][extended_weapon_customization][INFO] kitbashing item content/items/weapons/player/melee/shafts/syn_2h_power_maul_shaft_07
04:06:34.668 [Lua] [MOD][extended_weapon_customization][INFO] kitbashing item content/items/weapons/player/melee/shafts/syn_2h_power_maul_shaft_ml01
04:06:34.668 [Lua] [MOD][extended_weapon_customization][INFO] kitbashing item content/items/weapons/player/melee/shafts/syn_thunder_hammer_shaft_01
04:06:34.668 [Lua] [MOD][extended_weapon_customization][INFO] kitbashing item content/items/weapons/player/melee/shafts/syn_thunder_hammer_shaft_02
04:06:34.668 [Lua] [MOD][extended_weapon_customization][INFO] kitbashing item content/items/weapons/player/melee/shafts/syn_thunder_hammer_shaft_03
04:06:34.668 [Lua] [MOD][extended_weapon_customization][INFO] kitbashing item content/items/weapons/player/melee/shafts/syn_thunder_hammer_shaft_04
04:06:34.668 [Lua] [MOD][extended_weapon_customization][INFO] kitbashing item content/items/weapons/player/melee/shafts/syn_thunder_hammer_shaft_05
04:06:34.668 [Lua] [MOD][extended_weapon_customization][INFO] kitbashing item content/items/weapons/player/melee/shafts/syn_thunder_hammer_shaft_06
04:06:34.668 [Lua] [MOD][extended_weapon_customization][INFO] kitbashing item content/items/weapons/player/melee/shafts/syn_thunder_hammer_shaft_ml01
04:06:34.668 [Lua] [MOD][extended_weapon_customization][INFO] kitbashing item content/items/weapons/player/melee/blades/syn_combat_knife_blade_01
04:06:34.669 [Lua] [MOD][extended_weapon_customization][INFO] kitbashing item content/items/weapons/player/melee/blades/syn_combat_knife_blade_02
04:06:34.669 [Lua] [MOD][extended_weapon_customization][INFO] kitbashing item content/items/weapons/player/melee/blades/syn_combat_knife_blade_03
04:06:34.669 [Lua] [MOD][extended_weapon_customization][INFO] kitbashing item content/items/weapons/player/melee/blades/syn_combat_knife_blade_04
04:06:34.669 [Lua] [MOD][extended_weapon_customization][INFO] kitbashing item content/items/weapons/player/melee/blades/syn_combat_knife_blade_07
04:06:34.669 [Lua] [MOD][extended_weapon_customization][INFO] kitbashing item content/items/weapons/player/melee/blades/syn_transonic_knife_blade_01_cinematic
04:06:34.669 [Lua] [MOD][extended_weapon_customization][INFO] kitbashing item content/items/weapons/player/melee/blades/syn_transonic_knife_blade_ml01
04:06:34.669 [Lua] [MOD][extended_weapon_customization][INFO] kitbashing item content/items/weapons/player/melee/heads/syn_shovel_head_ml01
04:06:34.669 [Lua] [MOD][extended_weapon_customization][INFO] kitbashing item content/items/weapons/player/melee/heads/syn_shovel_head_03
04:06:34.669 [Lua] [MOD][extended_weapon_customization][INFO] kitbashing item content/items/weapons/player/melee/ogryn/syn_axe_head_08
04:06:34.669 [Lua] [MOD][extended_weapon_customization][INFO] kitbashing item content/items/weapons/player/melee/pommels/syn_power_sword_pommel_07_ml01
04:06:34.669 [Lua] [MOD][extended_weapon_customization][INFO] kitbashing item content/items/weapons/player/ranged/stocks/syn_arc_rifle_stock_deluxe01
04:06:34.669 [Lua] [MOD][extended_weapon_customization][INFO] kitbashing item content/items/weapons/player/melee/connectors/syn_thunder_hammer_connector_01
04:06:34.669 [Lua] [MOD][extended_weapon_customization][INFO] kitbashing item content/items/weapons/player/melee/blades/syn_blades/power_sword_blade_deluxe01
04:06:34.669 [Lua] [MOD][extended_weapon_customization][INFO] kitbashing item content/items/weapons/player/melee/blades/syn_blades/power_sword_blade_05
04:06:34.669 [Lua] [MOD][extended_weapon_customization][INFO] kitbashing item content/items/weapons/player/melee/blades/syn_blades/power_sword_blade_01
04:06:34.669 [Lua] [MOD][extended_weapon_customization][INFO] kitbashing item content/items/weapons/player/melee/grips/syn_combat_blade_grip_03
04:06:34.669 [Lua] [MOD][extended_weapon_customization][INFO] kitbashing item content/items/weapons/player/melee/pommels/syn_2h_power_sword_pommel_01
04:06:34.669 [Lua] [MOD][extended_weapon_customization][INFO] kitbashing item content/items/weapons/player/melee/blades/syn_chain_circular_saw_blade_02
04:06:34.669 [Lua] [MOD][extended_weapon_customization][INFO] kitbashing item content/items/weapons/player/melee/blades/syn_chain_circular_saw_disc_01
04:06:34.669 [Lua] [MOD][extended_weapon_customization][INFO] kitbashing item content/items/weapons/player/melee/blades/syn_transonic_sword_blade_deluxe01_red
04:06:34.669 [Lua] [MOD][extended_weapon_customization][INFO] kitbashing item content/items/weapons/player/ranged/barrels/syn_assaultshotgun_barrel_01
04:06:34.669 [Lua] [MOD][extended_weapon_customization][INFO] kitbashing item content/items/weapons/player/ranged/barrels/syn_assaultshotgun_barrel_02
04:06:34.669 [Lua] [MOD][extended_weapon_customization][INFO] kitbashing item content/items/weapons/player/ranged/barrels/syn_assaultshotgun_barrel_03
04:06:34.669 [Lua] [MOD][extended_weapon_customization][INFO] kitbashing item content/items/weapons/player/ranged/barrels/syn_assaultshotgun_barrel_04
04:06:34.669 [Lua] [MOD][extended_weapon_customization][INFO] kitbashing item content/items/weapons/player/ranged/barrels/syn_assaultshotgun_barrel_05
04:06:34.669 [Lua] [MOD][extended_weapon_customization][INFO] kitbashing item content/items/weapons/player/ranged/barrels/syn_assaultshotgun_barrel_01_stubber
04:06:34.669 [Lua] [MOD][extended_weapon_customization][INFO] kitbashing item content/items/weapons/player/ranged/barrels/syn_assaultshotgun_barrel_02_stubber
04:06:34.669 [Lua] [MOD][extended_weapon_customization][INFO] kitbashing item content/items/weapons/player/ranged/barrels/syn_assaultshotgun_barrel_03_stubber
04:06:34.669 [Lua] [MOD][extended_weapon_customization][INFO] kitbashing item content/items/weapons/player/ranged/barrels/syn_assaultshotgun_barrel_04_stubber
04:06:34.669 [Lua] [MOD][extended_weapon_customization][INFO] kitbashing item content/items/weapons/player/ranged/barrels/syn_assaultshotgun_barrel_05_stubber
04:06:34.670 [Lua] [MOD][extended_weapon_customization][INFO] kitbashing item content/items/weapons/player/ranged/barrels/syn_ripper_stubgun_barrel_03
04:06:34.670 [Lua] [MOD][extended_weapon_customization][INFO] kitbashing item content/items/weapons/player/ranged/barrels/syn_ripper_stubgun_barrel_04
04:06:34.670 [Lua] [MOD][extended_weapon_customization][INFO] kitbashing item content/items/weapons/player/ranged/barrels/syn_ripper_stubgun_barrel_05
04:06:34.670 [Lua] [MOD][extended_weapon_customization][INFO] kitbashing item content/items/weapons/player/ranged/barrels/syn_ripper_stubgun_barrel_06
04:06:34.670 [Lua] [MOD][extended_weapon_customization][INFO] kitbashing item content/items/weapons/player/ranged/barrels/syn_aquilon_barrelcase_1
04:06:34.670 [Lua] [MOD][extended_weapon_customization][INFO] kitbashing item content/items/weapons/player/ranged/barrels/syn_aquilon_barrelcase_2
04:06:34.670 [Lua] [MOD][extended_weapon_customization][INFO] kitbashing item content/items/weapons/player/ranged/barrels/syn_combatshotgun_barrel_01_ripper
04:06:34.670 [Lua] [MOD][extended_weapon_customization][INFO] kitbashing item content/items/weapons/player/ranged/bayonets/syn_kickback_shotgun_bayonet_ml01
04:06:34.670 [Lua] [MOD][extended_weapon_customization][INFO] kitbashing item content/items/weapons/player/ranged/sights/syn_autogun_pistol_sight_01
04:06:34.670 [Lua] [MOD][extended_weapon_customization][INFO] kitbashing item content/items/weapons/player/melee/grips/syn_power_sword_grip_02
04:06:34.670 [Lua] [MOD][extended_weapon_customization][INFO] kitbashing item content/items/weapons/player/melee/pommels/syn_axe_pommel_01
04:06:34.670 [Lua] [MOD][extended_weapon_customization][INFO] kitbashing item content/items/weapons/player/ranged/sights/syn_shotgun_rifle_sight_01
04:06:34.670 [Lua] [MOD][extended_weapon_customization][INFO] kitbashing item content/items/weapons/player/ranged/underbarrels/syn_boltgun_rifle_underbarrel_01
04:06:34.670 [Lua] [MOD][extended_weapon_customization][INFO] kitbashing item content/items/weapons/player/melee/pommels/power_sword_pommel_02
04:06:34.670 [Lua] [MOD][extended_weapon_customization][INFO] kitbashing item content/items/weapons/player/ranged/underbarrels/syn_assault_shotgun_underbarrel_01
04:06:34.670 [Lua] [MOD][extended_weapon_customization][INFO] kitbashing item content/items/weapons/player/ranged/syn_shotgun_magdrum_sides_ml
04:06:34.670 [Lua] [MOD][extended_weapon_customization][INFO] kitbashing item content/items/weapons/player/ranged/syn_shotgun_magdrum_sides
04:06:34.670 [Lua] [MOD][extended_weapon_customization][INFO] kitbashing item content/items/weapons/player/ranged/syn_shotgun_magdrum_9
04:06:34.670 [Lua] [MOD][extended_weapon_customization][INFO] kitbashing item content/items/weapons/player/ranged/syn_shotgun_magdrum_8
04:06:34.670 [Lua] [MOD][extended_weapon_customization][INFO] kitbashing item content/items/weapons/player/ranged/syn_shotgun_magdrum_7
04:06:34.670 [Lua] [MOD][extended_weapon_customization][INFO] kitbashing item content/items/weapons/player/ranged/syn_shotgun_magdrum_6
04:06:34.670 [Lua] [MOD][extended_weapon_customization][INFO] kitbashing item content/items/weapons/player/ranged/syn_shotgun_magdrum_5
04:06:34.670 [Lua] [MOD][extended_weapon_customization][INFO] kitbashing item content/items/weapons/player/ranged/magwell/syn_m41a_magwell_04_ogryn
04:06:34.670 [Lua] [MOD][extended_weapon_customization][INFO] kitbashing item content/items/weapons/player/ranged/magazines/syn_autogun_rifle_magazine_01_single_stubber
04:06:34.670 [Lua] [MOD][extended_weapon_customization][INFO] kitbashing item content/items/weapons/player/ranged/magazines/syn_autogun_rifle_magazine_01_double_stubber
04:06:34.670 [Lua] [MOD][extended_weapon_customization][INFO] kitbashing item content/items/weapons/player/ranged/magazines/syn_autogun_rifle_magazine_02_single_stubber
04:06:34.670 [Lua] [MOD][extended_weapon_customization][INFO] kitbashing item content/items/weapons/player/ranged/magazines/syn_autogun_rifle_magazine_02_double_stubber
04:06:34.670 [Lua] [MOD][extended_weapon_customization][INFO] kitbashing item content/items/weapons/player/ranged/magazines/syn_autogun_rifle_magazine_03_single_stubber
04:06:34.670 [Lua] [MOD][extended_weapon_customization][INFO] kitbashing item content/items/weapons/player/ranged/magazines/syn_autogun_rifle_magazine_03_double_stubber
04:06:34.670 [Lua] [MOD][extended_weapon_customization][INFO] kitbashing item content/items/weapons/player/ranged/magazines/syn_autogun_rifle_ak_magazine_01_single_stubber
04:06:34.670 [Lua] [MOD][extended_weapon_customization][INFO] kitbashing item content/items/weapons/player/ranged/magazines/syn_autogun_rifle_ak_magazine_01_double_stubber
04:06:34.670 [Lua] [MOD][extended_weapon_customization][INFO] kitbashing item content/items/weapons/player/ranged/magwell/syn_m41a_magwell_01_ogryn
04:06:34.670 [Lua] [MOD][extended_weapon_customization][INFO] kitbashing item content/items/weapons/player/ranged/magwell/syn_m41a_magwell_02_ogryn
04:06:34.670 [Lua] [MOD][extended_weapon_customization][INFO] kitbashing item content/items/weapons/player/ranged/magwell/syn_m41a_magwell_03_ogryn
04:06:34.670 [Lua] [MOD][extended_weapon_customization][INFO] kitbashing item content/items/weapons/player/ranged/stocks/syn_reinforcedstock_outer_ml
04:06:34.670 [Lua] [MOD][extended_weapon_customization][INFO] kitbashing item content/items/weapons/player/ranged/stocks/syn_reinforcedstock_inner
04:06:34.670 [Lua] [MOD][extended_weapon_customization][INFO] kitbashing item content/items/weapons/player/ranged/stocks/syn_phosphor_stock_31
04:06:34.670 [Lua] [MOD][extended_weapon_customization][INFO] kitbashing item content/items/weapons/player/ranged/receiver_extension/recon_main_09
04:06:34.670 [Lua] [MOD][extended_weapon_customization][INFO] kitbashing item content/items/weapons/player/ranged/receiver_extension/recon_main_08
04:06:34.670 [Lua] [MOD][extended_weapon_customization][INFO] kitbashing item content/items/weapons/player/ranged/receiver_extension/recon_main_07
04:06:34.670 [Lua] [MOD][extended_weapon_customization][INFO] kitbashing item content/items/weapons/player/ranged/receiver_extension/recon_main_06
04:06:34.670 [Lua] [MOD][extended_weapon_customization][INFO] kitbashing item content/items/weapons/player/ranged/receiver_extension/recon_main_05
04:06:34.670 [Lua] [MOD][extended_weapon_customization][INFO] kitbashing item content/items/weapons/player/ranged/receiver_extension/recon_main_04
04:06:34.670 [Lua] [MOD][extended_weapon_customization][INFO] kitbashing item content/items/weapons/player/ranged/receiver_extension/recon_main_03
04:06:34.670 [Lua] [MOD][extended_weapon_customization][INFO] kitbashing item content/items/weapons/player/ranged/receiver_extension/recon_main_02
04:06:34.670 [Lua] [MOD][extended_weapon_customization][INFO] kitbashing item content/items/weapons/player/ranged/receiver_extension/recon_main_01
04:06:34.670 [Lua] [MOD][extended_weapon_customization][INFO] kitbashing item content/items/weapons/player/ranged/stocks/syn_plasma_rifle_stock_01
04:06:34.670 [Lua] [MOD][extended_weapon_customization][INFO] kitbashing item content/items/weapons/player/ranged/stocks/syn_plasma_rifle_stock_02
04:06:34.670 [Lua] [MOD][extended_weapon_customization][INFO] kitbashing item content/items/weapons/player/ranged/stocks/syn_plasma_rifle_stock_03
04:06:34.670 [Lua] [MOD][extended_weapon_customization][INFO] kitbashing item content/items/weapons/player/ranged/stocks/syn_plasma_rifle_stock_04
04:06:34.670 [Lua] [MOD][extended_weapon_customization][INFO] kitbashing item content/items/weapons/player/ranged/stocks/syn_plasma_rifle_stock_05
04:06:34.670 [Lua] [MOD][extended_weapon_customization][INFO] kitbashing item content/items/weapons/player/ranged/stocks/syn_plasma_rifle_stock_07
04:06:34.670 [Lua] [MOD][extended_weapon_customization][INFO] kitbashing item content/items/weapons/player/ranged/stocks/syn_plasma_rifle_stock_08
04:06:34.670 [Lua] [MOD][extended_weapon_customization][INFO] kitbashing item content/items/weapons/player/ranged/stocks/syn_plasma_rifle_stock_ml01
04:06:34.670 [Lua] [MOD][extended_weapon_customization][INFO] kitbashing item content/items/weapons/player/ranged/stocks/syn_stock_01
04:06:34.670 [Lua] [MOD][extended_weapon_customization][INFO] kitbashing item content/items/weapons/player/ranged/underbarrels/syn_no_arc_underbarrel
04:06:34.670 [Lua] [MOD][extended_weapon_customization][INFO] kitbashing item content/items/weapons/player/ranged/stocks/syn_stock_03
04:06:34.670 [Lua] [MOD][extended_weapon_customization][INFO] kitbashing item content/items/weapons/player/ranged/sights/syn_reflex_sight_01
04:06:34.670 [Lua] [MOD][extended_weapon_customization][INFO] kitbashing item content/items/weapons/player/ranged/sights/syn_reflex_sight_01a
04:06:34.670 [Lua] [MOD][extended_weapon_customization][INFO] kitbashing item content/items/weapons/player/ranged/sights/syn_reflex_sight_02
04:06:34.670 [Lua] [MOD][extended_weapon_customization][INFO] kitbashing item content/items/weapons/player/ranged/sights/syn_reflex_sight_02a
04:06:34.670 [Lua] [MOD][extended_weapon_customization][INFO] kitbashing item content/items/weapons/player/ranged/sights/syn_reflex_sight_03
04:06:34.670 [Lua] [MOD][extended_weapon_customization][INFO] kitbashing item content/items/weapons/player/ranged/sights/syn_reflex_sight_03a
04:06:34.670 [Lua] [MOD][extended_weapon_customization][INFO] kitbashing item content/items/weapons/player/ranged/sights/syn_vs_hpr_1x_01
04:06:34.670 [Lua] [MOD][extended_weapon_customization][INFO] kitbashing item content/items/weapons/player/ranged/sights/syn_vs_hpr_1x_02
04:06:34.670 [Lua] [MOD][extended_weapon_customization][INFO] kitbashing item content/items/weapons/player/ranged/sights/syn_lasgun_rifle_sight_01
04:06:34.670 [Lua] [MOD][extended_weapon_customization][INFO] kitbashing item content/items/weapons/player/melee/grips/syn_combat_blade_grip_01
04:06:34.670 [Lua] [MOD][extended_weapon_customization][INFO] kitbashing item content/items/weapons/player/ranged/syn_no_mag_ext
04:06:34.670 [Lua] [MOD][extended_weapon_customization][INFO] kitbashing item content/items/weapons/player/ranged/syn_vs_double_energy_track_01
04:06:34.670 [Lua] [MOD][extended_weapon_customization][INFO] kitbashing item content/items/weapons/player/ranged/syn_vs_triple_energy_track_01
04:06:34.670 [Lua] [MOD][extended_weapon_customization][INFO] kitbashing item content/items/weapons/player/ranged/receivers/syn_vs_receiver_01
04:06:34.670 [Lua] [MOD][extended_weapon_customization][INFO] kitbashing item content/items/weapons/player/ranged/receivers/syn_vs_receiver_02
04:06:34.670 [Lua] [MOD][extended_weapon_customization][INFO] kitbashing item content/items/weapons/player/ranged/receivers/syn_vs_receiver_03
04:06:34.670 [Lua] [MOD][extended_weapon_customization][INFO] kitbashing item content/items/weapons/player/ranged/barrels/syn_autogun_stubgun_barrel_01
04:06:34.670 [Lua] [MOD][extended_weapon_customization][INFO] kitbashing item content/items/weapons/player/ranged/barrels/syn_autogun_stubgun_barrel_02
04:06:34.670 [Lua] [MOD][extended_weapon_customization][INFO] kitbashing item content/items/weapons/player/ranged/barrels/syn_autogun_stubgun_barrel_03
04:06:34.670 [Lua] [MOD][extended_weapon_customization][INFO] kitbashing item content/items/weapons/player/ranged/barrels/syn_autogun_stubgun_barrel_04
04:06:34.670 [Lua] [MOD][extended_weapon_customization][INFO] kitbashing item content/items/weapons/player/ranged/barrels/syn_autogun_stubgun_barrel_05
04:06:34.670 [Lua] [MOD][extended_weapon_customization][INFO] kitbashing item content/items/weapons/player/ranged/barrels/syn_autogun_stubgun_barrel_06
04:06:34.670 [Lua] [MOD][extended_weapon_customization][INFO] kitbashing item content/items/weapons/player/ranged/barrels/syn_autogun_stubgun_barrel_07
04:06:34.670 [Lua] [MOD][extended_weapon_customization][INFO] kitbashing item content/items/weapons/player/ranged/barrels/syn_primaris_barrel_01_autogun
04:06:34.671 [Lua] [MOD][extended_weapon_customization][INFO] kitbashing item content/items/weapons/player/ranged/barrels/syn_primaris_barrel_02_autogun
04:06:34.671 [Lua] [MOD][extended_weapon_customization][INFO] kitbashing item content/items/weapons/player/ranged/barrels/syn_primaris_barrel_03_autogun
04:06:34.671 [Lua] [MOD][extended_weapon_customization][INFO] kitbashing item content/items/weapons/player/ranged/barrels/syn_primaris_barrel_04_autogun
04:06:34.671 [Lua] [MOD][extended_weapon_customization][INFO] kitbashing item content/items/weapons/player/ranged/barrels/syn_primaris_barrel_05_autogun
04:06:34.671 [Lua] [MOD][extended_weapon_customization][INFO] kitbashing item content/items/weapons/player/ranged/barrels/syn_primaris_barrel_06_autogun
04:06:34.671 [Lua] [MOD][extended_weapon_customization][INFO] kitbashing item content/items/weapons/player/ranged/barrels/syn_primaris_barrel_07_autogun
04:06:34.671 [Lua] [MOD][extended_weapon_customization][INFO] kitbashing item content/items/weapons/player/ranged/barrels/syn_primaris_barrel_08_autogun
04:06:34.671 [Lua] [MOD][extended_weapon_customization][INFO] kitbashing item content/items/weapons/player/ranged/barrels/syn_combatshotgun_barrel_01_autogun
04:06:34.671 [Lua] [MOD][extended_weapon_customization][INFO] kitbashing item content/items/weapons/player/ranged/barrels/syn_combatshotgun_barrel_04_autogun
04:06:34.671 [Lua] [MOD][extended_weapon_customization][INFO] kitbashing item content/items/weapons/player/ranged/barrels/syn_combatshotgun_barrel_05_autogun
04:06:34.671 [Lua] [MOD][extended_weapon_customization][INFO] kitbashing item content/items/weapons/player/ranged/barrels/syn_combatshotgun_barrel_06_autogun
04:06:34.671 [Lua] [MOD][extended_weapon_customization][INFO] kitbashing item content/items/weapons/player/ranged/barrels/syn_combatshotgun_barrel_07_autogun
04:06:34.671 [Lua] [MOD][extended_weapon_customization][INFO] kitbashing item content/items/weapons/player/ranged/barrels/syn_combatshotgun_barrel_08_autogun
04:06:34.671 [Lua] [MOD][extended_weapon_customization][INFO] kitbashing item content/items/weapons/player/ranged/barrels/syn_combatshotgun_barrel_09_autogun
04:06:34.671 [Lua] [MOD][extended_weapon_customization][INFO] kitbashing item content/items/weapons/player/ranged/barrels/syn_combatshotgun_barrel_10_autogun
04:06:34.671 [Lua] [MOD][extended_weapon_customization][INFO] kitbashing item content/items/weapons/player/ranged/barrels/syn_combatshotgun_barrel_ml01_autogun
04:06:34.671 [Lua] [MOD][extended_weapon_customization][INFO] kitbashing item content/items/weapons/player/ranged/barrels/syn_hellgun_barrel_01
04:06:34.671 [Lua] [MOD][extended_weapon_customization][INFO] kitbashing item content/items/weapons/player/ranged/barrels/syn_hellgun_barrel_02
04:06:34.671 [Lua] [MOD][extended_weapon_customization][INFO] kitbashing item content/items/weapons/player/ranged/barrels/syn_hellgun_barrel_03
04:06:34.671 [Lua] [MOD][extended_weapon_customization][INFO] kitbashing item content/items/weapons/player/ranged/barrels/syn_hellgun_barrel_03a
04:06:34.671 [Lua] [MOD][extended_weapon_customization][INFO] kitbashing item content/items/weapons/player/ranged/barrels/syn_hellgun_barrel_03b
04:06:34.671 [Lua] [MOD][extended_weapon_customization][INFO] kitbashing item content/items/weapons/player/ranged/barrels/syn_hellgun_barrel_03c
04:06:34.671 [Lua] [MOD][extended_weapon_customization][INFO] kitbashing item content/items/weapons/player/ranged/barrels/syn_hellgun_barrel_07
04:06:34.671 [Lua] [MOD][extended_weapon_customization][INFO] kitbashing item content/items/weapons/player/ranged/barrels/syn_hellgun_barrel_04
04:06:34.671 [Lua] [MOD][extended_weapon_customization][INFO] kitbashing item content/items/weapons/player/ranged/barrels/syn_hellgun_barrel_04a
04:06:34.671 [Lua] [MOD][extended_weapon_customization][INFO] kitbashing item content/items/weapons/player/ranged/barrels/syn_hellgun_barrel_05
04:06:34.671 [Lua] [MOD][extended_weapon_customization][INFO] kitbashing item content/items/weapons/player/ranged/barrels/syn_hellgun_barrel_05a
04:06:34.671 [Lua] [MOD][extended_weapon_customization][INFO] kitbashing item content/items/weapons/player/ranged/barrels/syn_hellgun_barrel_06
04:06:34.671 [Lua] [MOD][extended_weapon_customization][INFO] kitbashing item content/items/weapons/player/ranged/barrels/syn_hellgun_barrel_06a
04:06:34.671 [Lua] [MOD][extended_weapon_customization][INFO] kitbashing item content/items/weapons/player/ranged/barrels/syn_hellgun_barrel_07_vs
04:06:34.671 [Lua] [MOD][extended_weapon_customization][INFO] kitbashing item content/items/weapons/player/ranged/barrels/syn_auto_carbine_barrel_01
04:06:34.671 [Lua] [MOD][extended_weapon_customization][INFO] kitbashing item content/items/weapons/player/ranged/barrels/syn_auto_carbine_barrel_02
04:06:34.671 [Lua] [MOD][extended_weapon_customization][INFO] kitbashing item content/items/weapons/player/ranged/barrels/syn_auto_carbine_barrel_03
04:06:34.671 [Lua] [MOD][extended_weapon_customization][INFO] kitbashing item content/items/weapons/player/ranged/barrels/syn_auto_carbine_barrel_04
04:06:34.671 [Lua] [MOD][extended_weapon_customization][INFO] kitbashing item content/items/weapons/player/ranged/barrels/syn_auto_carbine_barrel_05
04:06:34.671 [Lua] [MOD][extended_weapon_customization][INFO] kitbashing item content/items/weapons/player/ranged/barrels/syn_las_carbine_barrel_02
04:06:34.671 [Lua] [MOD][extended_weapon_customization][INFO] kitbashing item content/items/weapons/player/ranged/barrels/syn_las_carbine_barrel_03
04:06:34.671 [Lua] [MOD][extended_weapon_customization][INFO] kitbashing item content/items/weapons/player/ranged/barrels/syn_las_carbine_barrel_04
04:06:34.671 [Lua] [MOD][extended_weapon_customization][INFO] kitbashing item content/items/weapons/player/ranged/barrels/syn_las_carbine_barrel_05
04:06:34.671 [Lua] [MOD][extended_weapon_customization][INFO] kitbashing item content/items/weapons/player/ranged/barrels/syn_las_carbine_barrel_06
04:06:34.671 [Lua] [MOD][extended_weapon_customization][INFO] kitbashing item content/items/weapons/player/ranged/barrels/syn_las_carbine_barrel_ml01
04:06:34.671 [Lua] [MOD][extended_weapon_customization][INFO] kitbashing item content/items/weapons/player/ranged/barrels/syn_rotary_barrel_01
04:06:34.671 [Lua] [MOD][extended_weapon_customization][INFO] kitbashing item content/items/weapons/player/ranged/barrels/syn_rotary_barrel_02
04:06:34.671 [Lua] [MOD][extended_weapon_customization][INFO] kitbashing item content/items/weapons/player/ranged/barrels/syn_rotary_barrel_01a
04:06:34.671 [Lua] [MOD][extended_weapon_customization][INFO] kitbashing item content/items/weapons/player/ranged/barrels/syn_rotary_barrel_02a
04:06:34.671 [Lua] [MOD][extended_weapon_customization][INFO] kitbashing item content/items/weapons/player/ranged/barrels/syn_gk8gauss_barrel_01
04:06:34.671 [Lua] [MOD][extended_weapon_customization][INFO] kitbashing item content/items/weapons/player/ranged/barrels/syn_gk8gauss_barrel_02
04:06:34.671 [Lua] [MOD][extended_weapon_customization][INFO] kitbashing item content/items/weapons/player/ranged/barrels/syn_gk8gauss_barrel_03
04:06:34.671 [Lua] [MOD][extended_weapon_customization][INFO] kitbashing item content/items/weapons/player/ranged/barrels/syn_gk8gauss_barrel_04
04:06:34.671 [Lua] [MOD][extended_weapon_customization][INFO] kitbashing item content/items/weapons/player/ranged/barrels/syn_thompson_barrel_01
04:06:34.671 [Lua] [MOD][extended_weapon_customization][INFO] kitbashing item content/items/weapons/player/ranged/barrels/syn_thompson_barrel_02
04:06:34.671 [Lua] [MOD][extended_weapon_customization][INFO] kitbashing item content/items/weapons/player/ranged/barrels/syn_thompson_barrel_03
04:06:34.671 [Lua] [MOD][extended_weapon_customization][INFO] kitbashing item content/items/weapons/player/ranged/barrels/syn_daewook11_barrel_01
04:06:34.671 [Lua] [MOD][extended_weapon_customization][INFO] kitbashing item content/items/weapons/player/ranged/emblems/syn_emblem_left_01
04:06:34.671 [Lua] [MOD][extended_weapon_customization][INFO] kitbashing item content/items/weapons/player/ranged/emblems/syn_emblem_left_02
04:06:34.671 [Lua] [MOD][extended_weapon_customization][INFO] kitbashing item content/items/weapons/player/ranged/emblems/syn_emblem_left_03
04:06:34.671 [Lua] [MOD][extended_weapon_customization][INFO] kitbashing item content/items/weapons/player/ranged/emblems/syn_emblem_left_04
04:06:34.671 [Lua] [MOD][extended_weapon_customization][INFO] kitbashing item content/items/weapons/player/ranged/emblems/syn_emblem_left_05
04:06:34.671 [Lua] [MOD][extended_weapon_customization][INFO] kitbashing item content/items/weapons/player/ranged/emblems/syn_emblem_left_06
04:06:34.671 [Lua] [MOD][extended_weapon_customization][INFO] kitbashing item content/items/weapons/player/ranged/emblems/syn_emblem_left_07
04:06:34.671 [Lua] [MOD][extended_weapon_customization][INFO] kitbashing item content/items/weapons/player/ranged/emblems/syn_emblem_left_08
04:06:34.671 [Lua] [MOD][extended_weapon_customization][INFO] kitbashing item content/items/weapons/player/ranged/emblems/syn_emblem_left_09
04:06:34.671 [Lua] [MOD][extended_weapon_customization][INFO] kitbashing item content/items/weapons/player/ranged/emblems/syn_emblem_left_10
04:06:34.671 [Lua] [MOD][extended_weapon_customization][INFO] kitbashing item content/items/weapons/player/ranged/emblems/syn_emblem_left_11
04:06:34.671 [Lua] [MOD][extended_weapon_customization][INFO] kitbashing item content/items/weapons/player/ranged/emblems/syn_emblem_left_12
04:06:34.671 [Lua] [MOD][extended_weapon_customization][INFO] kitbashing item content/items/weapons/player/ranged/emblems/syn_emblem_left_13
04:06:34.671 [Lua] [MOD][extended_weapon_customization][INFO] kitbashing item content/items/weapons/player/ranged/emblems/syn_emblem_left_14
04:06:34.671 [Lua] [MOD][extended_weapon_customization][INFO] kitbashing item content/items/weapons/player/ranged/emblems/syn_emblem_left_15
04:06:34.671 [Lua] [MOD][extended_weapon_customization][INFO] kitbashing item content/items/weapons/player/ranged/emblems/syn_emblem_left_16
04:06:34.671 [Lua] [MOD][extended_weapon_customization][INFO] kitbashing item content/items/weapons/player/ranged/emblems/syn_emblem_left_17
04:06:34.671 [Lua] [MOD][extended_weapon_customization][INFO] kitbashing item content/items/weapons/player/ranged/emblems/syn_emblem_left_18
04:06:34.671 [Lua] [MOD][extended_weapon_customization][INFO] kitbashing item content/items/weapons/player/ranged/emblems/syn_emblem_left_19
04:06:34.671 [Lua] [MOD][extended_weapon_customization][INFO] kitbashing item content/items/weapons/player/ranged/emblems/syn_emblem_left_20
04:06:34.671 [Lua] [MOD][extended_weapon_customization][INFO] kitbashing item content/items/weapons/player/ranged/emblems/syn_emblem_left_21
04:06:34.671 [Lua] [MOD][extended_weapon_customization][INFO] kitbashing item content/items/weapons/player/ranged/emblems/syn_emblem_right_01
04:06:34.671 [Lua] [MOD][extended_weapon_customization][INFO] kitbashing item content/items/weapons/player/ranged/emblems/syn_emblem_right_02
04:06:34.671 [Lua] [MOD][extended_weapon_customization][INFO] kitbashing item content/items/weapons/player/ranged/emblems/syn_emblem_right_03
04:06:34.671 [Lua] [MOD][extended_weapon_customization][INFO] kitbashing item content/items/weapons/player/ranged/emblems/syn_emblem_right_04
04:06:34.672 [Lua] [MOD][extended_weapon_customization][INFO] kitbashing item content/items/weapons/player/ranged/emblems/syn_emblem_right_05
04:06:34.672 [Lua] [MOD][extended_weapon_customization][INFO] kitbashing item content/items/weapons/player/ranged/emblems/syn_emblem_right_06
04:06:34.672 [Lua] [MOD][extended_weapon_customization][INFO] kitbashing item content/items/weapons/player/ranged/emblems/syn_emblem_right_07
04:06:34.672 [Lua] [MOD][extended_weapon_customization][INFO] kitbashing item content/items/weapons/player/ranged/emblems/syn_emblem_right_08
04:06:34.672 [Lua] [MOD][extended_weapon_customization][INFO] kitbashing item content/items/weapons/player/ranged/emblems/syn_emblem_right_09
04:06:34.672 [Lua] [MOD][extended_weapon_customization][INFO] kitbashing item content/items/weapons/player/ranged/emblems/syn_emblem_right_10
04:06:34.672 [Lua] [MOD][extended_weapon_customization][INFO] kitbashing item content/items/weapons/player/ranged/emblems/syn_emblem_right_11
04:06:34.672 [Lua] [MOD][extended_weapon_customization][INFO] kitbashing item content/items/weapons/player/ranged/emblems/syn_emblem_right_12
04:06:34.672 [Lua] [MOD][extended_weapon_customization][INFO] kitbashing item content/items/weapons/player/ranged/emblems/syn_emblem_right_13
04:06:34.672 [Lua] [MOD][extended_weapon_customization][INFO] kitbashing item content/items/weapons/player/ranged/emblems/syn_emblem_right_14
04:06:34.672 [Lua] [MOD][extended_weapon_customization][INFO] kitbashing item content/items/weapons/player/ranged/emblems/syn_emblem_right_15
04:06:34.672 [Lua] [MOD][extended_weapon_customization][INFO] kitbashing item content/items/weapons/player/ranged/emblems/syn_emblem_right_16
04:06:34.672 [Lua] [MOD][extended_weapon_customization][INFO] kitbashing item content/items/weapons/player/ranged/emblems/syn_emblem_right_17
04:06:34.672 [Lua] [MOD][extended_weapon_customization][INFO] kitbashing item content/items/weapons/player/ranged/emblems/syn_emblem_right_18
04:06:34.672 [Lua] [MOD][extended_weapon_customization][INFO] kitbashing item content/items/weapons/player/ranged/emblems/syn_emblem_right_19
04:06:34.672 [Lua] [MOD][extended_weapon_customization][INFO] kitbashing item content/items/weapons/player/ranged/emblems/syn_emblem_right_20
04:06:34.672 [Lua] [MOD][extended_weapon_customization][INFO] kitbashing item content/items/weapons/player/ranged/emblems/syn_emblem_right_21
04:06:34.672 [Lua] [MOD][extended_weapon_customization][INFO] kitbashing item content/items/weapons/player/ranged/muzzles/syn_silencer_01
04:06:34.672 [Lua] [MOD][extended_weapon_customization][INFO] kitbashing item content/items/weapons/player/ranged/muzzles/syn_silencer_02
04:06:34.672 [Lua] [MOD][extended_weapon_customization][INFO] kitbashing item content/items/weapons/player/ranged/muzzles/syn_eagle_auto_muzzle_01
04:06:34.672 [Lua] [MOD][extended_weapon_customization][INFO] kitbashing item content/items/weapons/player/ranged/muzzles/syn_eagle_auto_muzzle_ml01
04:06:34.672 [Lua] [MOD][extended_weapon_customization][INFO] kitbashing item content/items/weapons/player/ranged/muzzles/syn_eagle_las_muzzle_01
04:06:34.672 [Lua] [MOD][extended_weapon_customization][INFO] kitbashing item content/items/weapons/player/ranged/muzzles/syn_eagle_las_muzzle_ml01
04:06:34.672 [Lua] [MOD][extended_weapon_customization][INFO] kitbashing item content/items/weapons/player/ranged/muzzles/syn_blade_auto_muzzle_01
04:06:34.672 [Lua] [MOD][extended_weapon_customization][INFO] kitbashing item content/items/weapons/player/ranged/muzzles/syn_blade_auto_muzzle_02
04:06:34.672 [Lua] [MOD][extended_weapon_customization][INFO] kitbashing item content/items/weapons/player/ranged/muzzles/syn_blade_auto_muzzle_ml01
04:06:34.672 [Lua] [MOD][extended_weapon_customization][INFO] kitbashing item content/items/weapons/player/ranged/muzzles/syn_blade_las_muzzle_01
04:06:34.672 [Lua] [MOD][extended_weapon_customization][INFO] kitbashing item content/items/weapons/player/ranged/muzzles/syn_blade_las_muzzle_02
04:06:34.672 [Lua] [MOD][extended_weapon_customization][INFO] kitbashing item content/items/weapons/player/ranged/muzzles/syn_blade_las_muzzle_ml01
04:06:34.672 [Lua] [MOD][extended_weapon_customization][INFO] kitbashing item content/items/weapons/player/ranged/muzzles/syn_golden_emblem_muzzle_01
04:06:34.672 [Lua] [MOD][extended_weapon_customization][INFO] kitbashing item content/items/weapons/player/ranged/muzzles/syn_invisible_muzzle
04:06:34.672 [Lua] [MOD][extended_weapon_customization][INFO] kitbashing item content/items/weapons/player/ranged/muzzles/syn_psi_muzzle_01
04:06:34.672 [Lua] [MOD][extended_weapon_customization][INFO] kitbashing item content/items/weapons/player/ranged/muzzles/syn_psi_muzzle_02
04:06:34.672 [Lua] [MOD][extended_weapon_customization][INFO] kitbashing item content/items/weapons/player/ranged/muzzles/syn_psi_muzzle_03
04:06:34.672 [Lua] [MOD][extended_weapon_customization][INFO] kitbashing item content/items/weapons/player/ranged/muzzles/syn_psi_muzzle_04
04:06:34.672 [Lua] [MOD][extended_weapon_customization][INFO] kitbashing item content/items/weapons/player/ranged/muzzles/syn_emission_condenser
04:06:34.672 [Lua] [MOD][extended_weapon_customization][INFO] kitbashing item content/items/weapons/player/ranged/muzzles/syn_emission_condenser_45
04:06:34.672 [Lua] [MOD][extended_weapon_customization][INFO] kitbashing item content/items/weapons/player/ranged/muzzles/syn_emission_condenser_60
04:06:34.672 [Lua] [MOD][extended_weapon_customization][INFO] kitbashing item content/items/weapons/player/ranged/muzzles/syn_rail_stabilizer
04:06:34.672 [Lua] [MOD][extended_weapon_customization][INFO] kitbashing item content/items/weapons/player/ranged/muzzles/syn_rail_stabilizer_vs
04:06:34.672 [Lua] [MOD][extended_weapon_customization][INFO] kitbashing item content/items/weapons/player/ranged/barrels/syn_autogun_rifle_barrel_03
04:06:34.672 [Lua] [MOD][extended_weapon_customization][INFO] kitbashing item content/items/weapons/player/ranged/bipod/syn_bipod_00
04:06:34.672 [Lua] [MOD][extended_weapon_customization][INFO] kitbashing item content/items/weapons/player/ranged/bipod/syn_bipod_01
04:06:34.672 [Lua] [MOD][extended_weapon_customization][INFO] kitbashing item content/items/weapons/player/ranged/bipod/syn_bipod_02
04:06:34.672 [Lua] [MOD][extended_weapon_customization][INFO] kitbashing item content/items/weapons/player/ranged/bipod/syn_bipod_03
04:06:34.672 [Lua] [MOD][extended_weapon_customization][INFO] kitbashing item content/items/weapons/player/ranged/bipod/syn_bipod_04
04:06:34.672 [Lua] [MOD][extended_weapon_customization][INFO] kitbashing item content/items/weapons/player/ranged/bipod/syn_bipod_05
04:06:34.672 [Lua] [MOD][extended_weapon_customization][INFO] kitbashing item content/items/weapons/player/ranged/bipod/syn_bipod_06
04:06:34.672 [Lua] [MOD][extended_weapon_customization][INFO] kitbashing item content/items/weapons/player/ranged/bipod/syn_bipod_07
04:06:34.672 [Lua] [MOD][extended_weapon_customization][INFO] kitbashing item content/items/weapons/player/ranged/bipod/syn_bipod_08
04:06:34.672 [Lua] [MOD][extended_weapon_customization][INFO] kitbashing item content/items/weapons/player/ranged/bipod/syn_bipod_09
04:06:34.672 [Lua] [MOD][extended_weapon_customization][INFO] kitbashing item content/items/weapons/player/ranged/bipod/syn_bipod_10
04:06:34.672 [Lua] [MOD][extended_weapon_customization][INFO] kitbashing item content/items/weapons/player/ranged/bipod/syn_bipod_11
04:06:34.672 [Lua] [MOD][extended_weapon_customization][INFO] kitbashing item content/items/weapons/player/ranged/bipod/syn_bipod_12
04:06:34.672 [Lua] [MOD][extended_weapon_customization][INFO] kitbashing item content/items/weapons/player/ranged/bipod/syn_bipod_13
04:06:34.672 [Lua] [MOD][extended_weapon_customization][INFO] kitbashing item content/items/weapons/player/ranged/bipod/syn_bipod_14
04:06:34.672 [Lua] [MOD][extended_weapon_customization][INFO] kitbashing item content/items/weapons/player/ranged/bipod/syn_bipod_15
04:06:34.672 [Lua] [MOD][extended_weapon_customization][INFO] kitbashing item content/items/weapons/player/ranged/bipod/syn_bipod_16
04:06:34.672 [Lua] [MOD][extended_weapon_customization][INFO] kitbashing item content/items/weapons/player/ranged/bipod/syn_bipod_17
04:06:34.672 [Lua] [MOD][extended_weapon_customization][INFO] kitbashing item content/items/weapons/player/ranged/bipod/syn_bipod_18
04:06:34.672 [Lua] [MOD][extended_weapon_customization][INFO] kitbashing item content/items/weapons/player/ranged/bipod/syn_bipod_19
04:06:34.672 [Lua] [MOD][extended_weapon_customization][INFO] kitbashing item content/items/weapons/player/ranged/bipod/syn_bipod_20
04:06:34.672 [Lua] [MOD][extended_weapon_customization][INFO] kitbashing item content/items/weapons/player/ranged/bipod/syn_bipod_21
04:06:34.672 [Lua] [MOD][extended_weapon_customization][INFO] kitbashing item content/items/weapons/player/ranged/bipod/syn_bipod_01_forward
04:06:34.672 [Lua] [MOD][extended_weapon_customization][INFO] kitbashing item content/items/weapons/player/ranged/bipod/syn_bipod_02_forward
04:06:34.672 [Lua] [MOD][extended_weapon_customization][INFO] kitbashing item content/items/weapons/player/ranged/bipod/syn_bipod_03_forward
04:06:34.672 [Lua] [MOD][extended_weapon_customization][INFO] kitbashing item content/items/weapons/player/ranged/bipod/syn_bipod_04_forward
04:06:34.672 [Lua] [MOD][extended_weapon_customization][INFO] kitbashing item content/items/weapons/player/ranged/bipod/syn_bipod_05_forward
04:06:34.672 [Lua] [MOD][extended_weapon_customization][INFO] kitbashing item content/items/weapons/player/ranged/bipod/syn_bipod_06_forward
04:06:34.672 [Lua] [MOD][extended_weapon_customization][INFO] kitbashing item content/items/weapons/player/ranged/bipod/syn_bipod_07_forward
04:06:34.672 [Lua] [MOD][extended_weapon_customization][INFO] kitbashing item content/items/weapons/player/ranged/bipod/syn_bipod_08_forward
04:06:34.672 [Lua] [MOD][extended_weapon_customization][INFO] kitbashing item content/items/weapons/player/ranged/bipod/syn_bipod_09_forward
04:06:34.672 [Lua] [MOD][extended_weapon_customization][INFO] kitbashing item content/items/weapons/player/ranged/bipod/syn_bipod_10_forward
04:06:34.672 [Lua] [MOD][extended_weapon_customization][INFO] kitbashing item content/items/weapons/player/ranged/bipod/syn_bipod_11_forward
04:06:34.673 [Lua] [MOD][extended_weapon_customization][INFO] kitbashing item content/items/weapons/player/ranged/bipod/syn_bipod_12_forward
04:06:34.673 [Lua] [MOD][extended_weapon_customization][INFO] kitbashing item content/items/weapons/player/ranged/bipod/syn_bipod_13_forward
04:06:34.673 [Lua] [MOD][extended_weapon_customization][INFO] kitbashing item content/items/weapons/player/ranged/bipod/syn_bipod_14_forward
04:06:34.673 [Lua] [MOD][extended_weapon_customization][INFO] kitbashing item content/items/weapons/player/ranged/bipod/syn_bipod_15_forward
04:06:34.673 [Lua] [MOD][extended_weapon_customization][INFO] kitbashing item content/items/weapons/player/ranged/bipod/syn_bipod_16_forward
04:06:34.673 [Lua] [MOD][extended_weapon_customization][INFO] kitbashing item content/items/weapons/player/ranged/bipod/syn_bipod_17_forward
04:06:34.673 [Lua] [MOD][extended_weapon_customization][INFO] kitbashing item content/items/weapons/player/ranged/bipod/syn_bipod_18_forward
04:06:34.673 [Lua] [MOD][extended_weapon_customization][INFO] kitbashing item content/items/weapons/player/ranged/bipod/syn_bipod_19_forward
04:06:34.673 [Lua] [MOD][extended_weapon_customization][INFO] kitbashing item content/items/weapons/player/ranged/bipod/syn_bipod_20_forward
04:06:34.673 [Lua] [MOD][extended_weapon_customization][INFO] kitbashing item content/items/weapons/player/ranged/bipod/syn_bipod_21_forward
04:06:34.673 [Lua] [MOD][extended_weapon_customization][INFO] kitbashing item content/items/weapons/player/ranged/bipod/syn_bipod_01_backward
04:06:34.673 [Lua] [MOD][extended_weapon_customization][INFO] kitbashing item content/items/weapons/player/ranged/bipod/syn_bipod_02_backward
04:06:34.673 [Lua] [MOD][extended_weapon_customization][INFO] kitbashing item content/items/weapons/player/ranged/bipod/syn_bipod_03_backward
04:06:34.673 [Lua] [MOD][extended_weapon_customization][INFO] kitbashing item content/items/weapons/player/ranged/bipod/syn_bipod_04_backward
04:06:34.673 [Lua] [MOD][extended_weapon_customization][INFO] kitbashing item content/items/weapons/player/ranged/bipod/syn_bipod_05_backward
04:06:34.673 [Lua] [MOD][extended_weapon_customization][INFO] kitbashing item content/items/weapons/player/ranged/bipod/syn_bipod_06_backward
04:06:34.673 [Lua] [MOD][extended_weapon_customization][INFO] kitbashing item content/items/weapons/player/ranged/bipod/syn_bipod_07_backward
04:06:34.673 [Lua] [MOD][extended_weapon_customization][INFO] kitbashing item content/items/weapons/player/ranged/bipod/syn_bipod_08_backward
04:06:34.673 [Lua] [MOD][extended_weapon_customization][INFO] kitbashing item content/items/weapons/player/ranged/bipod/syn_bipod_09_backward
04:06:34.673 [Lua] [MOD][extended_weapon_customization][INFO] kitbashing item content/items/weapons/player/ranged/bipod/syn_bipod_10_backward
04:06:34.673 [Lua] [MOD][extended_weapon_customization][INFO] kitbashing item content/items/weapons/player/ranged/bipod/syn_bipod_11_backward
04:06:34.673 [Lua] [MOD][extended_weapon_customization][INFO] kitbashing item content/items/weapons/player/ranged/bipod/syn_bipod_12_backward
04:06:34.673 [Lua] [MOD][extended_weapon_customization][INFO] kitbashing item content/items/weapons/player/ranged/bipod/syn_bipod_13_backward
04:06:34.673 [Lua] [MOD][extended_weapon_customization][INFO] kitbashing item content/items/weapons/player/ranged/bipod/syn_bipod_14_backward
04:06:34.673 [Lua] [MOD][extended_weapon_customization][INFO] kitbashing item content/items/weapons/player/ranged/bipod/syn_bipod_15_backward
04:06:34.673 [Lua] [MOD][extended_weapon_customization][INFO] kitbashing item content/items/weapons/player/ranged/bipod/syn_bipod_16_backward
04:06:34.673 [Lua] [MOD][extended_weapon_customization][INFO] kitbashing item content/items/weapons/player/ranged/bipod/syn_bipod_17_backward
04:06:34.673 [Lua] [MOD][extended_weapon_customization][INFO] kitbashing item content/items/weapons/player/ranged/bipod/syn_bipod_18_backward
04:06:34.673 [Lua] [MOD][extended_weapon_customization][INFO] kitbashing item content/items/weapons/player/ranged/bipod/syn_bipod_19_backward
04:06:34.673 [Lua] [MOD][extended_weapon_customization][INFO] kitbashing item content/items/weapons/player/ranged/bipod/syn_bipod_20_backward
04:06:34.673 [Lua] [MOD][extended_weapon_customization][INFO] kitbashing item content/items/weapons/player/ranged/bipod/syn_bipod_21_backward
04:06:34.673 [Lua] [MOD][extended_weapon_customization][INFO] kitbashing item content/items/weapons/player/ranged/magazines/syn_autogun_rifle_magazine_01_single
04:06:34.673 [Lua] [MOD][extended_weapon_customization][INFO] kitbashing item content/items/weapons/player/ranged/magazines/syn_autogun_rifle_magazine_01_double
04:06:34.673 [Lua] [MOD][extended_weapon_customization][INFO] kitbashing item content/items/weapons/player/ranged/magazines/syn_autogun_rifle_magazine_02_single
04:06:34.673 [Lua] [MOD][extended_weapon_customization][INFO] kitbashing item content/items/weapons/player/ranged/magazines/syn_autogun_rifle_magazine_02_double
04:06:34.673 [Lua] [MOD][extended_weapon_customization][INFO] kitbashing item content/items/weapons/player/ranged/magazines/syn_autogun_rifle_magazine_03_single
04:06:34.673 [Lua] [MOD][extended_weapon_customization][INFO] kitbashing item content/items/weapons/player/ranged/magazines/syn_autogun_rifle_magazine_03_double
04:06:34.673 [Lua] [MOD][extended_weapon_customization][INFO] kitbashing item content/items/weapons/player/ranged/magazines/syn_autogun_rifle_ak_magazine_01_single
04:06:34.673 [Lua] [MOD][extended_weapon_customization][INFO] kitbashing item content/items/weapons/player/ranged/magazines/syn_autogun_rifle_ak_magazine_01_double
04:06:34.673 [Lua] [MOD][extended_weapon_customization][INFO] kitbashing item content/items/weapons/player/ranged/magazines/syn_autogun_rifle_laser_magazine_01
04:06:34.673 [Lua] [MOD][extended_weapon_customization][INFO] kitbashing item content/items/weapons/player/ranged/magazines/syn_autogun_rifle_laser_magazine_02
04:06:34.673 [Lua] [MOD][extended_weapon_customization][INFO] kitbashing item content/items/weapons/player/ranged/magazines/syn_autogun_rifle_laser_magazine_03
04:06:34.673 [Lua] [MOD][extended_weapon_customization][INFO] kitbashing item content/items/weapons/player/ranged/magazines/syn_boltgun_rifle_magazine_01_ba
04:06:34.673 [Lua] [MOD][extended_weapon_customization][INFO] kitbashing item content/items/weapons/player/ranged/magazines/syn_boltgun_rifle_magazine_02_ba
04:06:34.673 [Lua] [MOD][extended_weapon_customization][INFO] kitbashing item content/items/weapons/player/ranged/magazines/syn_boltgun_rifle_magazine_01_double
04:06:34.673 [Lua] [MOD][extended_weapon_customization][INFO] kitbashing item content/items/weapons/player/ranged/magazines/syn_boltgun_rifle_magazine_02_double
04:06:34.673 [Lua] [MOD][extended_weapon_customization][INFO] kitbashing item content/items/weapons/player/ranged/magazines/syn_autogun_pistol_magazine_01_single
04:06:34.673 [Lua] [MOD][extended_weapon_customization][INFO] kitbashing item content/items/weapons/player/ranged/magazines/syn_autogun_pistol_magazine_01_double
04:06:34.673 [Lua] [MOD][extended_weapon_customization][INFO] kitbashing item content/items/weapons/player/ranged/magazines/syn_aquilon_magdrum_02_autogun
04:06:34.673 [Lua] [MOD][extended_weapon_customization][INFO] kitbashing item content/items/weapons/player/ranged/magazines/syn_aquilon_magdrum_03_autogun
04:06:34.673 [Lua] [MOD][extended_weapon_customization][INFO] kitbashing item content/items/weapons/player/ranged/magazines/syn_aquilon_magdrum_04_autogun
04:06:34.673 [Lua] [MOD][extended_weapon_customization][INFO] kitbashing item content/items/weapons/player/ranged/magazines/syn_aquilon_magdrum_05_autogun
04:06:34.673 [Lua] [MOD][extended_weapon_customization][INFO] kitbashing item content/items/weapons/player/ranged/magazines/syn_aquilon_magdrum_06_autogun
04:06:34.673 [Lua] [MOD][extended_weapon_customization][INFO] kitbashing item content/items/weapons/player/ranged/magazines/syn_aquilon_magdrum_07_autogun
04:06:34.673 [Lua] [MOD][extended_weapon_customization][INFO] kitbashing item content/items/weapons/player/ranged/magazines/syn_aquilon_magdrum_08_autogun
04:06:34.673 [Lua] [MOD][extended_weapon_customization][INFO] kitbashing item content/items/weapons/player/ranged/magazines/syn_aquilon_magdrum_double_autogun
04:06:34.673 [Lua] [MOD][extended_weapon_customization][INFO] kitbashing item content/items/weapons/player/ranged/magazines/syn_aquilon_magdrum_02_m41a_autogun
04:06:34.673 [Lua] [MOD][extended_weapon_customization][INFO] kitbashing item content/items/weapons/player/ranged/magazines/syn_aquilon_magdrum_03_m41a_autogun
04:06:34.673 [Lua] [MOD][extended_weapon_customization][INFO] kitbashing item content/items/weapons/player/ranged/magazines/syn_aquilon_magdrum_04_m41a_autogun
04:06:34.673 [Lua] [MOD][extended_weapon_customization][INFO] kitbashing item content/items/weapons/player/ranged/magazines/syn_aquilon_magdrum_05_m41a_autogun
04:06:34.673 [Lua] [MOD][extended_weapon_customization][INFO] kitbashing item content/items/weapons/player/ranged/magazines/syn_aquilon_magdrum_06_m41a_autogun
04:06:34.673 [Lua] [MOD][extended_weapon_customization][INFO] kitbashing item content/items/weapons/player/ranged/magazines/syn_aquilon_magdrum_07_m41a_autogun
04:06:34.673 [Lua] [MOD][extended_weapon_customization][INFO] kitbashing item content/items/weapons/player/ranged/magazines/syn_aquilon_magdrum_08_m41a_autogun
04:06:34.673 [Lua] [MOD][extended_weapon_customization][INFO] kitbashing item content/items/weapons/player/ranged/magazines/syn_aquilon_magdrum_double_m41a_autogun
04:06:34.673 [Lua] [MOD][extended_weapon_customization][INFO] kitbashing item content/items/weapons/player/ranged/magazines/syn_hag_magazine_01_auto
04:06:34.673 [Lua] [MOD][extended_weapon_customization][INFO] kitbashing item content/items/weapons/player/ranged/magazines/syn_hag_magazine_02_auto
04:06:34.673 [Lua] [MOD][extended_weapon_customization][INFO] kitbashing item content/items/weapons/player/ranged/magazines/syn_hag_magazine_03_auto
04:06:34.673 [Lua] [MOD][extended_weapon_customization][INFO] kitbashing item content/items/weapons/player/ranged/magazines/syn_hag_magazine_04_auto
04:06:34.673 [Lua] [MOD][extended_weapon_customization][INFO] kitbashing item content/items/weapons/player/ranged/magazines/syn_hag_magazine_05_auto
04:06:34.673 [Lua] [MOD][extended_weapon_customization][INFO] kitbashing item content/items/weapons/player/ranged/magazines/syn_hag_magazine_06_auto
04:06:34.673 [Lua] [MOD][extended_weapon_customization][INFO] kitbashing item content/items/weapons/player/ranged/magazines/syn_hag_magazine_07_auto
04:06:34.673 [Lua] [MOD][extended_weapon_customization][INFO] kitbashing item content/items/weapons/player/ranged/magazines/syn_hag_magazine_08_auto
04:06:34.673 [Lua] [MOD][extended_weapon_customization][INFO] kitbashing item content/items/weapons/player/ranged/magazines/syn_hag_magazine_09_auto
04:06:34.673 [Lua] [MOD][extended_weapon_customization][INFO] kitbashing item content/items/weapons/player/ranged/magazines/syn_taupulserifle_magazine_01
04:06:34.673 [Lua] [MOD][extended_weapon_customization][INFO] kitbashing item content/items/weapons/player/ranged/magazines/syn_ammobelt_01
04:06:34.673 [Lua] [MOD][extended_weapon_customization][INFO] kitbashing item content/items/weapons/player/ranged/magazines/syn_ammobelt_02
04:06:34.673 [Lua] [MOD][extended_weapon_customization][INFO] kitbashing item content/items/weapons/player/ranged/magazines/syn_ammobelt_03
04:06:34.673 [Lua] [MOD][extended_weapon_customization][INFO] kitbashing item content/items/weapons/player/ranged/magazines/syn_autogun_phosphor_magazine_01
04:06:34.673 [Lua] [MOD][extended_weapon_customization][INFO] kitbashing item content/items/weapons/player/ranged/magazines/syn_autogun_phosphor_magazine_02
04:06:34.673 [Lua] [MOD][extended_weapon_customization][INFO] kitbashing item content/items/weapons/player/ranged/magazines/syn_autogun_phosphor_magazine_03
04:06:34.673 [Lua] [MOD][extended_weapon_customization][INFO] kitbashing item content/items/weapons/player/ranged/magazines/syn_autogun_phosphor_magazine_04
04:06:34.673 [Lua] [MOD][extended_weapon_customization][INFO] kitbashing item content/items/weapons/player/ranged/magazines/syn_thompson_magazine_01
04:06:34.673 [Lua] [MOD][extended_weapon_customization][INFO] kitbashing item content/items/weapons/player/ranged/magazines/syn_thompson_magazine_02
04:06:34.674 [Lua] [MOD][extended_weapon_customization][INFO] kitbashing item content/items/weapons/player/ranged/magazines/syn_thompson_magazine_03
04:06:34.674 [Lua] [MOD][extended_weapon_customization][INFO] kitbashing item content/items/weapons/player/ranged/magazines/syn_hag_extension_01
04:06:34.674 [Lua] [MOD][extended_weapon_customization][INFO] kitbashing item content/items/weapons/player/ranged/magazines/syn_ammobelt_extension_01
04:06:34.674 [Lua] [MOD][extended_weapon_customization][INFO] kitbashing item content/items/weapons/player/ranged/magwell/syn_empty_magwell
04:06:34.674 [Lua] [MOD][extended_weapon_customization][INFO] kitbashing item content/items/weapons/player/ranged/magwell/syn_vector_magwell_01
04:06:34.674 [Lua] [MOD][extended_weapon_customization][INFO] kitbashing item content/items/weapons/player/ranged/magwell/syn_vector_magwell_01a
04:06:34.674 [Lua] [MOD][extended_weapon_customization][INFO] kitbashing item content/items/weapons/player/ranged/magwell/syn_vector_magwell_02
04:06:34.674 [Lua] [MOD][extended_weapon_customization][INFO] kitbashing item content/items/weapons/player/ranged/magwell/syn_vector_magwell_02a
04:06:34.674 [Lua] [MOD][extended_weapon_customization][INFO] kitbashing item content/items/weapons/player/ranged/magwell/syn_vector_magwell_02b
04:06:34.674 [Lua] [MOD][extended_weapon_customization][INFO] kitbashing item content/items/weapons/player/ranged/magwell/syn_m41a_magwell_01
04:06:34.674 [Lua] [MOD][extended_weapon_customization][INFO] kitbashing item content/items/weapons/player/ranged/magwell/syn_m41a_magwell_02
04:06:34.674 [Lua] [MOD][extended_weapon_customization][INFO] kitbashing item content/items/weapons/player/ranged/magwell/syn_m41a_magwell_03
04:06:34.674 [Lua] [MOD][extended_weapon_customization][INFO] kitbashing item content/items/weapons/player/ranged/magwell/syn_m41a_magwell_04
04:06:34.674 [Lua] [MOD][extended_weapon_customization][INFO] kitbashing item content/items/weapons/player/ranged/magwell/syn_vector_magwell_03
04:06:34.674 [Lua] [MOD][extended_weapon_customization][INFO] kitbashing item content/items/weapons/player/ranged/magwell/syn_vector_magwell_04
04:06:34.674 [Lua] [MOD][extended_weapon_customization][INFO] kitbashing item content/items/weapons/player/ranged/magwell/syn_vector_magwell_05
04:06:34.674 [Lua] [MOD][extended_weapon_customization][INFO] kitbashing item content/items/weapons/player/ranged/magwell/syn_vector_magwell_06
04:06:34.674 [Lua] [MOD][extended_weapon_customization][INFO] kitbashing item content/items/weapons/player/ranged/magwell/syn_vector_magwell_07
04:06:34.674 [Lua] [MOD][extended_weapon_customization][INFO] kitbashing item content/items/weapons/player/ranged/magwell/syn_vector_magwell_08
04:06:34.674 [Lua] [MOD][extended_weapon_customization][INFO] kitbashing item content/items/weapons/player/ranged/stocks/syn_reinforced_stock_01
04:06:34.674 [Lua] [MOD][extended_weapon_customization][INFO] kitbashing item content/items/weapons/player/ranged/stocks/syn_reinforced_stock_02
04:06:34.674 [Lua] [MOD][extended_weapon_customization][INFO] kitbashing item content/items/weapons/player/ranged/stocks/syn_reinforced_stock_03
04:06:34.674 [Lua] [MOD][extended_weapon_customization][INFO] kitbashing item content/items/weapons/player/ranged/stocks/syn_reinforced_stock_04
04:06:34.674 [Lua] [MOD][extended_weapon_customization][INFO] kitbashing item content/items/weapons/player/ranged/stocks/syn_reinforced_stock_05
04:06:34.674 [Lua] [MOD][extended_weapon_customization][INFO] kitbashing item content/items/weapons/player/ranged/stocks/syn_reinforced_stock_06
04:06:34.674 [Lua] [MOD][extended_weapon_customization][INFO] kitbashing item content/items/weapons/player/ranged/stocks/syn_reinforced_stock_07
04:06:34.674 [Lua] [MOD][extended_weapon_customization][INFO] kitbashing item content/items/weapons/player/ranged/stocks/syn_reinforced_stock_08
04:06:34.674 [Lua] [MOD][extended_weapon_customization][INFO] kitbashing item content/items/weapons/player/ranged/stocks/syn_reinforced_stock_09
04:06:34.674 [Lua] [MOD][extended_weapon_customization][INFO] kitbashing item content/items/weapons/player/ranged/stocks/syn_reinforced_stock_10
04:06:34.674 [Lua] [MOD][extended_weapon_customization][INFO] kitbashing item content/items/weapons/player/ranged/stocks/syn_reinforced_stock_11
04:06:34.674 [Lua] [MOD][extended_weapon_customization][INFO] kitbashing item content/items/weapons/player/ranged/stocks/syn_reinforced_stock_12
04:06:34.674 [Lua] [MOD][extended_weapon_customization][INFO] kitbashing item content/items/weapons/player/ranged/stocks/syn_reinforced_stock_13
04:06:34.674 [Lua] [MOD][extended_weapon_customization][INFO] kitbashing item content/items/weapons/player/ranged/stocks/syn_reinforced_stock_14
04:06:34.674 [Lua] [MOD][extended_weapon_customization][INFO] kitbashing item content/items/weapons/player/ranged/stocks/syn_reinforced_stock_15
04:06:34.674 [Lua] [MOD][extended_weapon_customization][INFO] kitbashing item content/items/weapons/player/ranged/stocks/syn_reinforced_stock_16
04:06:34.674 [Lua] [MOD][extended_weapon_customization][INFO] kitbashing item content/items/weapons/player/ranged/stocks/syn_reinforced_stock_17
04:06:34.674 [Lua] [MOD][extended_weapon_customization][INFO] kitbashing item content/items/weapons/player/ranged/stocks/syn_reinforced_stock_18
04:06:34.674 [Lua] [MOD][extended_weapon_customization][INFO] kitbashing item content/items/weapons/player/ranged/stocks/syn_reinforced_stock_01_alt
04:06:34.674 [Lua] [MOD][extended_weapon_customization][INFO] kitbashing item content/items/weapons/player/ranged/stocks/syn_reinforced_stock_02_alt
04:06:34.674 [Lua] [MOD][extended_weapon_customization][INFO] kitbashing item content/items/weapons/player/ranged/stocks/syn_reinforced_stock_03_alt
04:06:34.674 [Lua] [MOD][extended_weapon_customization][INFO] kitbashing item content/items/weapons/player/ranged/stocks/syn_reinforced_stock_04_alt
04:06:34.674 [Lua] [MOD][extended_weapon_customization][INFO] kitbashing item content/items/weapons/player/ranged/stocks/syn_reinforced_stock_05_alt
04:06:34.674 [Lua] [MOD][extended_weapon_customization][INFO] kitbashing item content/items/weapons/player/ranged/stocks/syn_reinforced_stock_06_alt
04:06:34.674 [Lua] [MOD][extended_weapon_customization][INFO] kitbashing item content/items/weapons/player/ranged/stocks/syn_reinforced_stock_07_alt
04:06:34.674 [Lua] [MOD][extended_weapon_customization][INFO] kitbashing item content/items/weapons/player/ranged/stocks/syn_reinforced_stock_08_alt
04:06:34.674 [Lua] [MOD][extended_weapon_customization][INFO] kitbashing item content/items/weapons/player/ranged/stocks/syn_reinforced_stock_09_alt
04:06:34.674 [Lua] [MOD][extended_weapon_customization][INFO] kitbashing item content/items/weapons/player/ranged/stocks/syn_reinforced_stock_10_alt
04:06:34.674 [Lua] [MOD][extended_weapon_customization][INFO] kitbashing item content/items/weapons/player/ranged/stocks/syn_reinforced_stock_11_alt
04:06:34.674 [Lua] [MOD][extended_weapon_customization][INFO] kitbashing item content/items/weapons/player/ranged/stocks/syn_reinforced_stock_12_alt
04:06:34.674 [Lua] [MOD][extended_weapon_customization][INFO] kitbashing item content/items/weapons/player/ranged/stocks/syn_reinforced_stock_13_alt
04:06:34.674 [Lua] [MOD][extended_weapon_customization][INFO] kitbashing item content/items/weapons/player/ranged/stocks/syn_reinforced_stock_14_alt
04:06:34.674 [Lua] [MOD][extended_weapon_customization][INFO] kitbashing item content/items/weapons/player/ranged/stocks/syn_reinforced_stock_15_alt
04:06:34.674 [Lua] [MOD][extended_weapon_customization][INFO] kitbashing item content/items/weapons/player/ranged/stocks/syn_reinforced_stock_16_alt
04:06:34.674 [Lua] [MOD][extended_weapon_customization][INFO] kitbashing item content/items/weapons/player/ranged/stocks/syn_reinforced_stock_17_alt
04:06:34.674 [Lua] [MOD][extended_weapon_customization][INFO] kitbashing item content/items/weapons/player/ranged/stocks/syn_reinforced_stock_18_alt
04:06:34.674 [Lua] [MOD][extended_weapon_customization][INFO] kitbashing item content/items/weapons/player/ranged/stocks/syn_reinforced_stock_10_m41a
04:06:34.674 [Lua] [MOD][extended_weapon_customization][INFO] kitbashing item content/items/weapons/player/ranged/stocks/syn_reinforced_stock_11_m41a
04:06:34.674 [Lua] [MOD][extended_weapon_customization][INFO] kitbashing item content/items/weapons/player/ranged/stocks/syn_reinforced_stock_12_m41a
04:06:34.674 [Lua] [MOD][extended_weapon_customization][INFO] kitbashing item content/items/weapons/player/ranged/stocks/syn_reinforced_stock_13_m41a
04:06:34.674 [Lua] [MOD][extended_weapon_customization][INFO] kitbashing item content/items/weapons/player/ranged/stocks/syn_reinforced_stock_14_m41a
04:06:34.674 [Lua] [MOD][extended_weapon_customization][INFO] kitbashing item content/items/weapons/player/ranged/stocks/syn_reinforced_stock_16_m41a
04:06:34.674 [Lua] [MOD][extended_weapon_customization][INFO] kitbashing item content/items/weapons/player/ranged/stocks/syn_reinforced_stock_17_m41a
04:06:34.674 [Lua] [MOD][extended_weapon_customization][INFO] kitbashing item content/items/weapons/player/ranged/stocks/syn_reinforced_stock_18_m41a
04:06:34.674 [Lua] [MOD][extended_weapon_customization][INFO] kitbashing item content/items/weapons/player/ranged/receiver_extension/ma5_extension_00
04:06:34.674 [Lua] [MOD][extended_weapon_customization][INFO] kitbashing item content/items/weapons/player/ranged/receiver_extension/ma5_extension_01
04:06:34.674 [Lua] [MOD][extended_weapon_customization][INFO] kitbashing item content/items/weapons/player/ranged/receiver_extension/ma5_extension_02
04:06:34.674 [Lua] [MOD][extended_weapon_customization][INFO] kitbashing item content/items/weapons/player/ranged/receiver_extension/ma5_extension_03
04:06:34.674 [Lua] [MOD][extended_weapon_customization][INFO] kitbashing item content/items/weapons/player/ranged/receiver_extension/ma5_extension_04
04:06:34.674 [Lua] [MOD][extended_weapon_customization][INFO] kitbashing item content/items/weapons/player/ranged/receiver_extension/ma5_extension_05
04:06:34.674 [Lua] [MOD][extended_weapon_customization][INFO] kitbashing item content/items/weapons/player/ranged/receiver_extension/ma5_extension_06
04:06:34.674 [Lua] [MOD][extended_weapon_customization][INFO] kitbashing item content/items/weapons/player/ranged/receiver_extension/ma5_extension_07
04:06:34.674 [Lua] [MOD][extended_weapon_customization][INFO] kitbashing item content/items/weapons/player/ranged/receiver_extension/ma5_extension_08
04:06:34.674 [Lua] [MOD][extended_weapon_customization][INFO] kitbashing item content/items/weapons/player/ranged/receiver_extension/ma5_extension_09
04:06:34.674 [Lua] [MOD][extended_weapon_customization][INFO] kitbashing item content/items/weapons/player/ranged/receiver_extension/ma5_extension_10
04:06:34.674 [Lua] [MOD][extended_weapon_customization][INFO] kitbashing item content/items/weapons/player/ranged/receiver_extension/ma5_extension_11
04:06:34.674 [Lua] [MOD][extended_weapon_customization][INFO] kitbashing item content/items/weapons/player/ranged/receiver_extension/ma5_extension_12
04:06:34.674 [Lua] [MOD][extended_weapon_customization][INFO] kitbashing item content/items/weapons/player/ranged/receiver_extension/ma5_extension_13
04:06:34.674 [Lua] [MOD][extended_weapon_customization][INFO] kitbashing item content/items/weapons/player/ranged/receiver_extension/ma5_extension_14
04:06:34.674 [Lua] [MOD][extended_weapon_customization][INFO] kitbashing item content/items/weapons/player/ranged/receiver_extension/ma5_extension_15
04:06:34.674 [Lua] [MOD][extended_weapon_customization][INFO] kitbashing item content/items/weapons/player/ranged/receiver_extension/ma5_extension_16
04:06:34.674 [Lua] [MOD][extended_weapon_customization][INFO] kitbashing item content/items/weapons/player/ranged/receiver_extension/ma5_extension_17
04:06:34.674 [Lua] [MOD][extended_weapon_customization][INFO] kitbashing item content/items/weapons/player/ranged/receiver_extension/ma5_extension_18
04:06:34.674 [Lua] [MOD][extended_weapon_customization][INFO] kitbashing item content/items/weapons/player/ranged/receiver_extension/ma5_extension_19
04:06:34.674 [Lua] [MOD][extended_weapon_customization][INFO] kitbashing item content/items/weapons/player/ranged/receiver_extension/ma5_extension_20
04:06:34.675 [Lua] [MOD][extended_weapon_customization][INFO] kitbashing item content/items/weapons/player/ranged/receiver_extension/ma5_extension_21
04:06:34.675 [Lua] [MOD][extended_weapon_customization][INFO] kitbashing item content/items/weapons/player/ranged/receiver_extension/recon_extension_01
04:06:34.675 [Lua] [MOD][extended_weapon_customization][INFO] kitbashing item content/items/weapons/player/ranged/receiver_extension/recon_extension_02
04:06:34.675 [Lua] [MOD][extended_weapon_customization][INFO] kitbashing item content/items/weapons/player/ranged/receiver_extension/recon_extension_03
04:06:34.675 [Lua] [MOD][extended_weapon_customization][INFO] kitbashing item content/items/weapons/player/ranged/receiver_extension/recon_extension_04
04:06:34.675 [Lua] [MOD][extended_weapon_customization][INFO] kitbashing item content/items/weapons/player/ranged/receiver_extension/recon_extension_05
04:06:34.675 [Lua] [MOD][extended_weapon_customization][INFO] kitbashing item content/items/weapons/player/ranged/receiver_extension/recon_extension_06
04:06:34.675 [Lua] [MOD][extended_weapon_customization][INFO] kitbashing item content/items/weapons/player/ranged/receiver_extension/recon_extension_07
04:06:34.675 [Lua] [MOD][extended_weapon_customization][INFO] kitbashing item content/items/weapons/player/ranged/receiver_extension/recon_extension_08
04:06:34.675 [Lua] [MOD][extended_weapon_customization][INFO] kitbashing item content/items/weapons/player/ranged/receiver_extension/recon_extension_09
04:06:34.675 [Lua] [MOD][extended_weapon_customization][INFO] kitbashing item content/items/weapons/player/ranged/receiver_extension/g36_extension_01
04:06:34.675 [Lua] [MOD][extended_weapon_customization][INFO] kitbashing item content/items/weapons/player/ranged/receiver_extension/g36_extension_02
04:06:34.675 [Lua] [MOD][extended_weapon_customization][INFO] kitbashing item content/items/weapons/player/ranged/sights/aquilon_scope_01
04:06:34.675 [Lua] [MOD][extended_weapon_customization][INFO] kitbashing item content/items/weapons/player/ranged/sights/aquilon_scope_01a
04:06:34.675 [Lua] [MOD][extended_weapon_customization][INFO] kitbashing item content/items/weapons/player/ranged/sights/aquilon_scope_01b
04:06:34.675 [Lua] [MOD][extended_weapon_customization][INFO] kitbashing item content/items/weapons/player/ranged/sights/aquilon_scope_01c
04:06:34.675 [Lua] [MOD][extended_weapon_customization][INFO] kitbashing item content/items/weapons/player/ranged/sights/aquilon_scope_01d
04:06:34.675 [Lua] [MOD][extended_weapon_customization][INFO] kitbashing item content/items/weapons/player/ranged/sights/aquilon_scope_01e
04:06:34.675 [Lua] [MOD][extended_weapon_customization][INFO] kitbashing item content/items/weapons/player/ranged/sights/aquilon_scope_01f
04:06:34.675 [Lua] [MOD][extended_weapon_customization][INFO] kitbashing item content/items/weapons/player/ranged/sights/aquilon_scope_01g
04:06:34.675 [Lua] [MOD][extended_weapon_customization][INFO] kitbashing item content/items/weapons/player/ranged/sights/aquilon_scope_01h
04:06:34.675 [Lua] [MOD][extended_weapon_customization][INFO] kitbashing item content/items/weapons/player/ranged/sights/aquilon_scope_01i
04:06:34.675 [Lua] [MOD][extended_weapon_customization][INFO] kitbashing item content/items/weapons/player/ranged/sights/aquilon_scope_01j
04:06:34.675 [Lua] [MOD][extended_weapon_customization][INFO] kitbashing item content/items/weapons/player/ranged/sights/aquilon_scope_01k
04:06:34.675 [Lua] [MOD][extended_weapon_customization][INFO] kitbashing item content/items/weapons/player/ranged/sights/aquilon_scope_01l
04:06:34.675 [Lua] [MOD][extended_weapon_customization][INFO] kitbashing item content/items/weapons/player/ranged/sights/aquilon_scope_01m
04:06:34.675 [Lua] [MOD][extended_weapon_customization][INFO] kitbashing item content/items/weapons/player/ranged/sights/aquilon_scope_02
04:06:34.675 [Lua] [MOD][extended_weapon_customization][INFO] kitbashing item content/items/weapons/player/ranged/sights/aquilon_scope_02a
04:06:34.675 [Lua] [MOD][extended_weapon_customization][INFO] kitbashing item content/items/weapons/player/ranged/sights/aquilon_scope_02b
04:06:34.675 [Lua] [MOD][extended_weapon_customization][INFO] kitbashing item content/items/weapons/player/ranged/sights/aquilon_scope_02c
04:06:34.675 [Lua] [MOD][extended_weapon_customization][INFO] kitbashing item content/items/weapons/player/ranged/sights/aquilon_scope_02d
04:06:34.675 [Lua] [MOD][extended_weapon_customization][INFO] kitbashing item content/items/weapons/player/ranged/sights/aquilon_scope_02e
04:06:34.675 [Lua] [MOD][extended_weapon_customization][INFO] kitbashing item content/items/weapons/player/ranged/sights/aquilon_scope_02f
04:06:34.675 [Lua] [MOD][extended_weapon_customization][INFO] kitbashing item content/items/weapons/player/ranged/sights/aquilon_scope_02g
04:06:34.675 [Lua] [MOD][extended_weapon_customization][INFO] kitbashing item content/items/weapons/player/ranged/sights/aquilon_scope_03
04:06:34.675 [Lua] [MOD][extended_weapon_customization][INFO] kitbashing item content/items/weapons/player/ranged/sights/aquilon_scope_03a
04:06:34.675 [Lua] [MOD][extended_weapon_customization][INFO] kitbashing item content/items/weapons/player/ranged/sights/aquilon_scope_03b
04:06:34.675 [Lua] [MOD][extended_weapon_customization][INFO] kitbashing item content/items/weapons/player/ranged/sights/aquilon_scope_03c
04:06:34.675 [Lua] [MOD][extended_weapon_customization][INFO] kitbashing item content/items/weapons/player/ranged/sights/aquilon_scope_04
04:06:34.675 [Lua] [MOD][extended_weapon_customization][INFO] kitbashing item content/items/weapons/player/ranged/sights/aquilon_scope_04a
04:06:34.675 [Lua] [MOD][extended_weapon_customization][INFO] kitbashing item content/items/weapons/player/ranged/sights/aquilon_scope_05
04:06:34.675 [Lua] [MOD][extended_weapon_customization][INFO] kitbashing item content/items/weapons/player/ranged/sights/aquilon_scope_05a
04:06:34.675 [Lua] [MOD][extended_weapon_customization][INFO] kitbashing item content/items/weapons/player/ranged/sights/aquilon_scope_05b
04:06:34.675 [Lua] [MOD][extended_weapon_customization][INFO] kitbashing item content/items/weapons/player/ranged/sights/aquilon_scope_05c
04:06:34.675 [Lua] [MOD][extended_weapon_customization][INFO] kitbashing item content/items/weapons/player/ranged/sights/aquilon_scope_05d
04:06:34.675 [Lua] [MOD][extended_weapon_customization][INFO] kitbashing item content/items/weapons/player/ranged/sights/aquilon_scope_05e
04:06:34.675 [Lua] [MOD][extended_weapon_customization][INFO] kitbashing item content/items/weapons/player/ranged/sights/syn_vs_hpr_2x_01
04:06:34.675 [Lua] [MOD][extended_weapon_customization][INFO] kitbashing item content/items/weapons/player/ranged/sights/syn_vs_hpr_2x_02
04:06:34.675 [Lua] [MOD][extended_weapon_customization][INFO] kitbashing item content/items/weapons/player/ranged/sights/syn_vs_hpr_4x_01
04:06:34.675 [Lua] [MOD][extended_weapon_customization][INFO] kitbashing item content/items/weapons/player/ranged/sights/syn_vs_hpr_4x_02
04:06:34.675 [Lua] [MOD][extended_weapon_customization][INFO] kitbashing item content/items/weapons/player/ranged/sight/syn_ADS_irons
04:06:34.675 [Lua] [MOD][extended_weapon_customization][INFO] kitbashing item content/items/weapons/player/ranged/receivers/syn_flechette_blaster_receiver_01
04:06:34.675 [Lua] [MOD][extended_weapon_customization][INFO] kitbashing item content/items/weapons/player/ranged/receivers/syn_flechette_blaster_receiver_02
04:06:34.675 [Lua] [MOD][extended_weapon_customization][INFO] kitbashing item content/items/weapons/player/ranged/receivers/syn_flechette_blaster_receiver_03
04:06:34.675 [Lua] [MOD][extended_weapon_customization][INFO] kitbashing item content/items/weapons/player/ranged/grips/syn_flechette_blaster_grip_01
04:06:34.675 [Lua] [MOD][extended_weapon_customization][INFO] kitbashing item content/items/weapons/player/ranged/grips/syn_flechette_blaster_grip_02
04:06:34.675 [Lua] [MOD][extended_weapon_customization][INFO] kitbashing item content/items/weapons/player/ranged/grips/syn_flechette_blaster_grip_03
04:06:34.675 [Lua] [MOD][extended_weapon_customization][INFO] kitbashing item content/items/weapons/player/ranged/magacc/syn_boltgun_02
04:06:34.675 [Lua] [MOD][extended_weapon_customization][INFO] kitbashing item content/items/weapons/player/ranged/magacc/syn_autogun_03
04:06:34.675 [Lua] [MOD][extended_weapon_customization][INFO] kitbashing item content/items/weapons/player/ranged/magacc/syn_flamer_pipes_02
04:06:34.675 [Lua] [MOD][extended_weapon_customization][INFO] kitbashing item content/items/weapons/player/ranged/magazines/syn_fletchette_blaster_mag_01
04:06:34.675 [Lua] [MOD][extended_weapon_customization][INFO] kitbashing item content/items/weapons/player/ranged/magazines/syn_fletchette_blaster_mag_02
04:06:34.675 [Lua] [MOD][extended_weapon_customization][INFO] kitbashing item content/items/weapons/player/ranged/magazines/syn_fletchette_blaster_mag_03
04:06:34.675 [Lua] [MOD][extended_weapon_customization][INFO] kitbashing item content/items/weapons/player/ranged/magwell/syn_vector_magwell_01_autopistol
04:06:34.675 [Lua] [MOD][extended_weapon_customization][INFO] kitbashing item content/items/weapons/player/ranged/magwell/syn_vector_magwell_02_autopistol
04:06:34.675 [Lua] [MOD][extended_weapon_customization][INFO] kitbashing item content/items/weapons/player/ranged/stocks/syn_autogun_rifle_stock_01
04:06:34.675 [Lua] [MOD][extended_weapon_customization][INFO] kitbashing item content/items/weapons/player/ranged/stocks/syn_autogun_rifle_stock_02
04:06:34.675 [Lua] [MOD][extended_weapon_customization][INFO] kitbashing item content/items/weapons/player/ranged/stocks/syn_autogun_rifle_stock_03
04:06:34.675 [Lua] [MOD][extended_weapon_customization][INFO] kitbashing item content/items/weapons/player/ranged/stocks/syn_autogun_rifle_stock_04
04:06:34.675 [Lua] [MOD][extended_weapon_customization][INFO] kitbashing item content/items/weapons/player/ranged/stocks/syn_autogun_rifle_stock_ml01
04:06:34.675 [Lua] [MOD][extended_weapon_customization][INFO] kitbashing item content/items/weapons/player/ranged/stocks/syn_autogun_rifle_ak_stock_01
04:06:34.675 [Lua] [MOD][extended_weapon_customization][INFO] kitbashing item content/items/weapons/player/ranged/stocks/syn_autogun_rifle_ak_stock_02
04:06:34.676 [Lua] [MOD][extended_weapon_customization][INFO] kitbashing item content/items/weapons/player/ranged/stocks/syn_autogun_rifle_ak_stock_03
04:06:34.676 [Lua] [MOD][extended_weapon_customization][INFO] kitbashing item content/items/weapons/player/ranged/stocks/syn_autogun_rifle_ak_stock_04
04:06:34.676 [Lua] [MOD][extended_weapon_customization][INFO] kitbashing item content/items/weapons/player/ranged/stocks/syn_autogun_rifle_ak_stock_05
04:06:34.676 [Lua] [MOD][extended_weapon_customization][INFO] kitbashing item content/items/weapons/player/ranged/stocks/syn_autogun_rifle_ak_stock_06
04:06:34.676 [Lua] [MOD][extended_weapon_customization][INFO] kitbashing item content/items/weapons/player/ranged/stocks/syn_autogun_rifle_ak_stock_07
04:06:34.676 [Lua] [MOD][extended_weapon_customization][INFO] kitbashing item content/items/weapons/player/ranged/stocks/syn_autogun_rifle_ak_stock_ml01
04:06:34.676 [Lua] [MOD][extended_weapon_customization][INFO] kitbashing item content/items/weapons/player/ranged/stocks/syn_autogun_rifle_killshot_stock_01
04:06:34.676 [Lua] [MOD][extended_weapon_customization][INFO] kitbashing item content/items/weapons/player/ranged/stocks/syn_autogun_rifle_killshot_stock_02
04:06:34.676 [Lua] [MOD][extended_weapon_customization][INFO] kitbashing item content/items/weapons/player/ranged/stocks/syn_autogun_rifle_killshot_stock_ml01
04:06:34.676 [Lua] [MOD][extended_weapon_customization][INFO] kitbashing item content/items/weapons/player/ranged/stocks/syn_lasgun_rifle_stock_01
04:06:34.676 [Lua] [MOD][extended_weapon_customization][INFO] kitbashing item content/items/weapons/player/ranged/stocks/syn_lasgun_rifle_stock_02
04:06:34.676 [Lua] [MOD][extended_weapon_customization][INFO] kitbashing item content/items/weapons/player/ranged/stocks/syn_lasgun_rifle_stock_03
04:06:34.676 [Lua] [MOD][extended_weapon_customization][INFO] kitbashing item content/items/weapons/player/ranged/lenses/lense_01
04:06:34.676 [Lua] [MOD][extended_weapon_customization][INFO] kitbashing item content/items/weapons/player/ranged/scope_bodies/scope_body_01
04:06:34.676 [Lua] [MOD][extended_weapon_customization][INFO] kitbashing item content/items/weapons/player/ranged/scope_bodies/scope_body_02
04:06:34.676 [Lua] [MOD][extended_weapon_customization][INFO] kitbashing item content/items/weapons/player/ranged/sights/scope_01
04:06:34.676 [Lua] [MOD][extended_weapon_customization][INFO] kitbashing item content/items/weapons/player/ranged/sights/shotgun_rifle_sight_invisible_01
04:06:34.676 [Lua] [MOD][extended_weapon_customization][INFO] kitbashing item content/items/weapons/player/ranged/sights/shotgun_double_barrel_sight_invisible_01
04:06:34.676 [Lua] [MOD][extended_weapon_customization][INFO] kitbashing item content/items/weapons/player/ranged/sights/reflex_sight_show_01
04:06:34.676 [Lua] [MOD][extended_weapon_customization][INFO] kitbashing item content/items/weapons/player/ranged/sights/reflex_sight_show_02
04:06:34.676 [Lua] [MOD][extended_weapon_customization][INFO] kitbashing item content/items/weapons/player/ranged/sights/reflex_sight_show_03
04:06:34.676 [Lua] [MOD][extended_weapon_customization][INFO] kitbashing item content/items/weapons/player/ranged/sights/scope_show_01
04:06:34.676 [Lua] [MOD][extended_weapon_customization][INFO] kitbashing item content/items/weapons/player/ranged/laser_pointers/laser_pointer_01
04:06:34.676 [Lua] [MOD][extended_weapon_customization][INFO] kitbashing item content/items/weapons/player/ranged/laser_pointers/laser_pointer_02
04:06:34.676 [Lua] [MOD][extended_weapon_customization][INFO] kitbashing item content/items/weapons/player/ranged/laser_pointers/laser_pointer_03
04:06:34.676 [Lua] [MOD][extended_weapon_customization][INFO] kitbashing item content/items/weapons/player/ranged/laser_pointers/laser_pointer_05
04:06:34.676 [Lua] [MOD][extended_weapon_customization][INFO] kitbashing item content/items/weapons/player/ranged/laser_pointers/laser_pointer_green_01
04:06:34.676 [Lua] [MOD][extended_weapon_customization][INFO] kitbashing item content/items/weapons/player/ranged/laser_pointers/laser_pointer_green_02
04:06:34.676 [Lua] [MOD][extended_weapon_customization][INFO] kitbashing item content/items/weapons/player/ranged/laser_pointers/laser_pointer_green_03
04:06:34.676 [Lua] [MOD][extended_weapon_customization][INFO] kitbashing item content/items/weapons/player/ranged/laser_pointers/laser_pointer_green_05
04:06:34.676 [Lua] [MOD][extended_weapon_customization][INFO] kitbashing item content/items/weapons/player/ranged/laser_pointers/laser_pointer_ogryn_01
04:06:34.676 [Lua] [MOD][extended_weapon_customization][INFO] kitbashing item content/items/weapons/player/ranged/laser_pointers/laser_pointer_ogryn_long_01
04:06:34.676 [Lua] [MOD][extended_weapon_customization][INFO] kitbashing item content/items/weapons/player/ranged/laser_pointers/laser_pointer_ogryn_green_01
04:06:34.676 [Lua] [MOD][extended_weapon_customization][INFO] kitbashing item content/items/weapons/player/ranged/laser_pointers/laser_pointer_ogryn_long_green_01
04:06:34.676 [Lua] [MOD][extended_weapon_customization][INFO] kitbashing item content/items/weapons/player/melee/tanks/laser_blade_tank_01
04:06:34.676 [Lua] [MOD][extended_weapon_customization][INFO] kitbashing item content/items/weapons/player/melee/tanks/laser_blade_tank_02
04:06:34.676 [Lua] [MOD][extended_weapon_customization][INFO] kitbashing item content/items/weapons/player/ranged/sights/lasgun_sight
04:06:34.676 [Lua] [MOD][extended_weapon_customization][INFO] kitbashing item content/items/weapons/player/ranged/combimag/syn_plasmacombi_magwell_ml01
04:06:34.676 [Lua] [MOD][extended_weapon_customization][INFO] kitbashing item content/items/weapons/player/ranged/combimag/syn_plasmacombi_magwell_01_alt
04:06:34.676 [Lua] [MOD][extended_weapon_customization][INFO] kitbashing item content/items/weapons/player/melee/shields/syn_shield_bigtome_silver
04:06:34.676 [Lua] [MOD][extended_weapon_customization][INFO] kitbashing item content/items/weapons/player/ranged/combimag/syn_plasmacombi_magwell_03_alt
04:06:34.676 [Lua] [MOD][extended_weapon_customization][INFO] kitbashing item content/items/weapons/player/ranged/combimag/syn_plasmacombi_magwell_ml01_alt
04:06:34.676 [Lua] [MOD][extended_weapon_customization][INFO] kitbashing item content/items/weapons/player/ranged/combimag/syn_needlecombi_magwell_01
04:06:34.676 [Lua] [MOD][extended_weapon_customization][INFO] kitbashing item content/items/weapons/player/ranged/combimag/syn_needlecombi_magwell_02
04:06:34.676 [Lua] [MOD][extended_weapon_customization][INFO] kitbashing item content/items/weapons/player/ranged/combimag/syn_needlecombi_magwell_03
04:06:34.676 [Lua] [MOD][extended_weapon_customization][INFO] kitbashing item content/items/weapons/player/ranged/underbarrel/syn_plasmacombi_01
04:06:34.676 [Lua] [MOD][extended_weapon_customization][INFO] kitbashing item content/items/weapons/player/ranged/underbarrel/syn_plasmacombi_02
04:06:34.676 [Lua] [MOD][extended_weapon_customization][INFO] kitbashing item content/items/weapons/player/ranged/underbarrel/syn_plasmacombi_03
04:06:34.676 [Lua] [MOD][extended_weapon_customization][INFO] kitbashing item content/items/weapons/player/ranged/underbarrel/syn_plasmacombi_04
04:06:34.676 [Lua] [MOD][extended_weapon_customization][INFO] kitbashing item content/items/weapons/player/ranged/underbarrel/syn_plasmacombi_05
04:06:34.676 [Lua] [MOD][extended_weapon_customization][INFO] kitbashing item content/items/weapons/player/ranged/underbarrel/syn_plasmacombi_07
04:06:34.676 [Lua] [MOD][extended_weapon_customization][INFO] kitbashing item content/items/weapons/player/ranged/underbarrel/syn_plasmacombi_08
04:06:34.676 [Lua] [MOD][extended_weapon_customization][INFO] kitbashing item content/items/weapons/player/ranged/underbarrel/syn_plasmacombi_ml01
04:06:34.676 [Lua] [MOD][extended_weapon_customization][INFO] kitbashing item content/items/weapons/player/ranged/underbarrel/syn_needlecombi_01
04:06:34.676 [Lua] [MOD][extended_weapon_customization][INFO] kitbashing item content/items/weapons/player/ranged/underbarrel/syn_needlecombi_02
04:06:34.676 [Lua] [MOD][extended_weapon_customization][INFO] kitbashing item content/items/weapons/player/ranged/underbarrel/syn_needlecombi_03
04:06:34.676 [Lua] [MOD][extended_weapon_customization][INFO] kitbashing item content/items/weapons/player/ranged/underbarrel/syn_grenadecombi_01
04:06:34.676 [Lua] [MOD][extended_weapon_customization][INFO] kitbashing item content/items/weapons/player/ranged/underbarrel/syn_grenadecombi_02
04:06:34.676 [Lua] [MOD][extended_weapon_customization][INFO] kitbashing item content/items/weapons/player/ranged/underbarrel/syn_grenadecombi_03
04:06:34.676 [Lua] [MOD][extended_weapon_customization][INFO] kitbashing item content/items/weapons/player/ranged/barrels/syn_primaris_barrel_01
04:06:34.676 [Lua] [MOD][extended_weapon_customization][INFO] kitbashing item content/items/weapons/player/ranged/barrels/syn_primaris_barrel_02
04:06:34.676 [Lua] [MOD][extended_weapon_customization][INFO] kitbashing item content/items/weapons/player/ranged/barrels/syn_primaris_barrel_03
04:06:34.676 [Lua] [MOD][extended_weapon_customization][INFO] kitbashing item content/items/weapons/player/ranged/barrels/syn_primaris_barrel_04
04:06:34.676 [Lua] [MOD][extended_weapon_customization][INFO] kitbashing item content/items/weapons/player/ranged/barrels/syn_primaris_barrel_05
04:06:34.676 [Lua] [MOD][extended_weapon_customization][INFO] kitbashing item content/items/weapons/player/ranged/barrels/syn_primaris_barrel_06
04:06:34.676 [Lua] [MOD][extended_weapon_customization][INFO] kitbashing item content/items/weapons/player/ranged/barrels/syn_primaris_barrel_07
04:06:34.676 [Lua] [MOD][extended_weapon_customization][INFO] kitbashing item content/items/weapons/player/ranged/barrels/syn_primaris_barrel_08
04:06:34.676 [Lua] [MOD][extended_weapon_customization][INFO] kitbashing item content/items/weapons/player/ranged/barrels/syn_combatshotgun_barrel_01_boltgun
04:06:34.676 [Lua] [MOD][extended_weapon_customization][INFO] kitbashing item content/items/weapons/player/ranged/barrels/syn_combatshotgun_barrel_04_boltgun
04:06:34.676 [Lua] [MOD][extended_weapon_customization][INFO] kitbashing item content/items/weapons/player/ranged/barrels/syn_combatshotgun_barrel_05_boltgun
04:06:34.676 [Lua] [MOD][extended_weapon_customization][INFO] kitbashing item content/items/weapons/player/ranged/barrels/syn_combatshotgun_barrel_06_boltgun
04:06:34.676 [Lua] [MOD][extended_weapon_customization][INFO] kitbashing item content/items/weapons/player/ranged/barrels/syn_combatshotgun_barrel_07_boltgun
04:06:34.676 [Lua] [MOD][extended_weapon_customization][INFO] kitbashing item content/items/weapons/player/ranged/barrels/syn_combatshotgun_barrel_08_boltgun
04:06:34.676 [Lua] [MOD][extended_weapon_customization][INFO] kitbashing item content/items/weapons/player/ranged/barrels/syn_combatshotgun_barrel_09_boltgun
04:06:34.676 [Lua] [MOD][extended_weapon_customization][INFO] kitbashing item content/items/weapons/player/ranged/barrels/syn_combatshotgun_barrel_10_boltgun
04:06:34.676 [Lua] [MOD][extended_weapon_customization][INFO] kitbashing item content/items/weapons/player/ranged/barrels/syn_combatshotgun_barrel_ml01_boltgun
04:06:34.676 [Lua] [MOD][extended_weapon_customization][INFO] kitbashing item content/items/weapons/player/ranged/barrels/syn_bolter_stubgun_barrel_01
04:06:34.676 [Lua] [MOD][extended_weapon_customization][INFO] kitbashing item content/items/weapons/player/ranged/barrels/syn_bolter_stubgun_barrel_02
04:06:34.676 [Lua] [MOD][extended_weapon_customization][INFO] kitbashing item content/items/weapons/player/ranged/barrels/syn_bolter_stubgun_barrel_03
04:06:34.676 [Lua] [MOD][extended_weapon_customization][INFO] kitbashing item content/items/weapons/player/ranged/barrels/syn_bolter_stubgun_barrel_04
04:06:34.676 [Lua] [MOD][extended_weapon_customization][INFO] kitbashing item content/items/weapons/player/ranged/barrels/syn_bolter_stubgun_barrel_05
04:06:34.676 [Lua] [MOD][extended_weapon_customization][INFO] kitbashing item content/items/weapons/player/ranged/barrels/syn_bolter_stubgun_barrel_06
04:06:34.676 [Lua] [MOD][extended_weapon_customization][INFO] kitbashing item content/items/weapons/player/ranged/barrels/syn_bolter_stubgun_barrel_07
04:06:34.676 [Lua] [MOD][extended_weapon_customization][INFO] kitbashing item content/items/weapons/player/ranged/barrels/syn_bolter_autogun_barrel_01
04:06:34.676 [Lua] [MOD][extended_weapon_customization][INFO] kitbashing item content/items/weapons/player/ranged/barrels/syn_bolter_autogun_barrel_02
04:06:34.676 [Lua] [MOD][extended_weapon_customization][INFO] kitbashing item content/items/weapons/player/ranged/barrels/syn_bolter_autogun_barrel_03
04:06:34.676 [Lua] [MOD][extended_weapon_customization][INFO] kitbashing item content/items/weapons/player/ranged/barrels/syn_bolter_autogun_barrel_04
04:06:34.676 [Lua] [MOD][extended_weapon_customization][INFO] kitbashing item content/items/weapons/player/ranged/barrels/syn_bolter_autogun_barrel_05
04:06:34.676 [Lua] [MOD][extended_weapon_customization][INFO] kitbashing item content/items/weapons/player/ranged/barrels/syn_bolter_autogun_barrel_06
04:06:34.676 [Lua] [MOD][extended_weapon_customization][INFO] kitbashing item content/items/weapons/player/ranged/barrels/syn_bolter_autogun_barrel_07
04:06:34.677 [Lua] [MOD][extended_weapon_customization][INFO] kitbashing item content/items/weapons/player/ranged/barrels/syn_bolter_autogun_barrel_08
04:06:34.677 [Lua] [MOD][extended_weapon_customization][INFO] kitbashing item content/items/weapons/player/ranged/barrels/syn_bolter_autogun_barrel_09
04:06:34.677 [Lua] [MOD][extended_weapon_customization][INFO] kitbashing item content/items/weapons/player/ranged/barrels/syn_bolter_autogun_barrel_10
04:06:34.677 [Lua] [MOD][extended_weapon_customization][INFO] kitbashing item content/items/weapons/player/ranged/barrels/syn_bolter_autogun_barrel_11
04:06:34.677 [Lua] [MOD][extended_weapon_customization][INFO] kitbashing item content/items/weapons/player/ranged/barrels/syn_bolter_autogun_barrel_12
04:06:34.677 [Lua] [MOD][extended_weapon_customization][INFO] kitbashing item content/items/weapons/player/ranged/barrels/syn_bolter_autogun_barrel_13
04:06:34.677 [Lua] [MOD][extended_weapon_customization][INFO] kitbashing item content/items/weapons/player/ranged/barrels/syn_bolter_autogun_barrel_14
04:06:34.677 [Lua] [MOD][extended_weapon_customization][INFO] kitbashing item content/items/weapons/player/ranged/barrels/syn_bolter_autogun_barrel_15
04:06:34.677 [Lua] [MOD][extended_weapon_customization][INFO] kitbashing item content/items/weapons/player/ranged/barrels/syn_bolter_autogun_barrel_16
04:06:34.677 [Lua] [MOD][extended_weapon_customization][INFO] kitbashing item content/items/weapons/player/ranged/barrels/syn_bolter_autogun_barrel_17
04:06:34.677 [Lua] [MOD][extended_weapon_customization][INFO] kitbashing item content/items/weapons/player/ranged/barrels/syn_bolter_autogun_barrel_18
04:06:34.677 [Lua] [MOD][extended_weapon_customization][INFO] kitbashing item content/items/weapons/player/ranged/barrels/syn_bolter_autogun_barrel_19
04:06:34.677 [Lua] [MOD][extended_weapon_customization][INFO] kitbashing item content/items/weapons/player/ranged/barrels/syn_bolter_autogun_barrel_20
04:06:34.677 [Lua] [MOD][extended_weapon_customization][INFO] kitbashing item content/items/weapons/player/ranged/barrels/syn_bolter_autogun_barrel_21
04:06:34.677 [Lua] [MOD][extended_weapon_customization][INFO] kitbashing item content/items/weapons/player/ranged/barrels/syn_auto_carbine_barrel_01_bolter
04:06:34.677 [Lua] [MOD][extended_weapon_customization][INFO] kitbashing item content/items/weapons/player/ranged/barrels/syn_auto_carbine_barrel_02_bolter
04:06:34.677 [Lua] [MOD][extended_weapon_customization][INFO] kitbashing item content/items/weapons/player/ranged/barrels/syn_auto_carbine_barrel_03_bolter
04:06:34.677 [Lua] [MOD][extended_weapon_customization][INFO] kitbashing item content/items/weapons/player/ranged/barrels/syn_auto_carbine_barrel_04_bolter
04:06:34.677 [Lua] [MOD][extended_weapon_customization][INFO] kitbashing item content/items/weapons/player/ranged/barrels/syn_auto_carbine_barrel_05_bolter
04:06:34.677 [Lua] [MOD][extended_weapon_customization][INFO] kitbashing item content/items/weapons/player/ranged/barrels/syn_las_carbine_barrel_02_bolter
04:06:34.677 [Lua] [MOD][extended_weapon_customization][INFO] kitbashing item content/items/weapons/player/ranged/barrels/syn_las_carbine_barrel_03_bolter
04:06:34.677 [Lua] [MOD][extended_weapon_customization][INFO] kitbashing item content/items/weapons/player/ranged/barrels/syn_las_carbine_barrel_04_bolter
04:06:34.677 [Lua] [MOD][extended_weapon_customization][INFO] kitbashing item content/items/weapons/player/ranged/barrels/syn_las_carbine_barrel_05_bolter
04:06:34.677 [Lua] [MOD][extended_weapon_customization][INFO] kitbashing item content/items/weapons/player/ranged/barrels/syn_las_carbine_barrel_06_bolter
04:06:34.677 [Lua] [MOD][extended_weapon_customization][INFO] kitbashing item content/items/weapons/player/ranged/barrels/syn_las_carbine_barrel_ml01_bolter
04:06:34.677 [Lua] [MOD][extended_weapon_customization][INFO] kitbashing item content/items/weapons/player/ranged/barrels/syn_gk8gauss_barrel_bolter_01
04:06:34.677 [Lua] [MOD][extended_weapon_customization][INFO] kitbashing item content/items/weapons/player/ranged/barrels/syn_gk8gauss_barrel_bolter_02
04:06:34.677 [Lua] [MOD][extended_weapon_customization][INFO] kitbashing item content/items/weapons/player/ranged/barrels/syn_gk8gauss_barrel_bolter_03
04:06:34.677 [Lua] [MOD][extended_weapon_customization][INFO] kitbashing item content/items/weapons/player/ranged/barrels/syn_gk8gauss_barrel_bolter_04
04:06:34.677 [Lua] [MOD][extended_weapon_customization][INFO] kitbashing item content/items/weapons/player/ranged/barrels/syn_gk8gauss_barrel_bolter_01alt
04:06:34.677 [Lua] [MOD][extended_weapon_customization][INFO] kitbashing item content/items/weapons/player/ranged/barrels/syn_gk8gauss_barrel_bolter_02alt
04:06:34.677 [Lua] [MOD][extended_weapon_customization][INFO] kitbashing item content/items/weapons/player/ranged/barrels/syn_gk8gauss_barrel_bolter_03alt
04:06:34.677 [Lua] [MOD][extended_weapon_customization][INFO] kitbashing item content/items/weapons/player/ranged/barrels/syn_gk8gauss_barrel_bolter_04alt
04:06:34.677 [Lua] [MOD][extended_weapon_customization][INFO] kitbashing item content/items/weapons/player/ranged/magazines/syn_bolter_pistol_magazine_01_single
04:06:34.677 [Lua] [MOD][extended_weapon_customization][INFO] kitbashing item content/items/weapons/player/ranged/magazines/syn_bolter_pistol_magazine_02_single
04:06:34.677 [Lua] [MOD][extended_weapon_customization][INFO] kitbashing item content/items/weapons/player/ranged/magazines/syn_combiplasma_magazine_01
04:06:34.677 [Lua] [MOD][extended_weapon_customization][INFO] kitbashing item content/items/weapons/player/ranged/magazines/syn_combiplasma_magazine_02
04:06:34.677 [Lua] [MOD][extended_weapon_customization][INFO] kitbashing item content/items/weapons/player/ranged/magazines/syn_combiplasma_magazine_03
04:06:34.677 [Lua] [MOD][extended_weapon_customization][INFO] kitbashing item content/items/weapons/player/ranged/magazines/syn_combiplasma_magazine_04
04:06:34.677 [Lua] [MOD][extended_weapon_customization][INFO] kitbashing item content/items/weapons/player/ranged/magazines/syn_combiplasma_magazine_06
04:06:34.677 [Lua] [MOD][extended_weapon_customization][INFO] kitbashing item content/items/weapons/player/ranged/magazines/syn_combiplasma_magazine_ml01
04:06:34.677 [Lua] [MOD][extended_weapon_customization][INFO] kitbashing item content/items/weapons/player/ranged/magazines/syn_combiplasma_magazine_01_alt
04:06:34.677 [Lua] [MOD][extended_weapon_customization][INFO] kitbashing item content/items/weapons/player/ranged/magazines/syn_combiplasma_magazine_02_alt
04:06:34.677 [Lua] [MOD][extended_weapon_customization][INFO] kitbashing item content/items/weapons/player/ranged/magazines/syn_combiplasma_magazine_03_alt
04:06:34.677 [Lua] [MOD][extended_weapon_customization][INFO] kitbashing item content/items/weapons/player/ranged/magazines/syn_combiplasma_magazine_04_alt
04:06:34.677 [Lua] [MOD][extended_weapon_customization][INFO] kitbashing item content/items/weapons/player/ranged/magazines/syn_combiplasma_magazine_06_alt
04:06:34.677 [Lua] [MOD][extended_weapon_customization][INFO] kitbashing item content/items/weapons/player/ranged/magazines/syn_combiplasma_magazine_ml01_alt
04:06:34.677 [Lua] [MOD][extended_weapon_customization][INFO] kitbashing item content/items/weapons/player/ranged/magazines/syn_combiplasma_magazine_01a_alt
04:06:34.677 [Lua] [MOD][extended_weapon_customization][INFO] kitbashing item content/items/weapons/player/ranged/magazines/syn_combiplasma_magazine_02a_alt
04:06:34.677 [Lua] [MOD][extended_weapon_customization][INFO] kitbashing item content/items/weapons/player/ranged/magazines/syn_combiplasma_magazine_03a_alt
04:06:34.677 [Lua] [MOD][extended_weapon_customization][INFO] kitbashing item content/items/weapons/player/ranged/magazines/syn_combiplasma_magazine_04a_alt
04:06:34.677 [Lua] [MOD][extended_weapon_customization][INFO] kitbashing item content/items/weapons/player/ranged/magazines/syn_combiplasma_magazine_06a_alt
04:06:34.677 [Lua] [MOD][extended_weapon_customization][INFO] kitbashing item content/items/weapons/player/ranged/magazines/syn_combiplasma_magazine_ml01a_alt
04:06:34.677 [Lua] [MOD][extended_weapon_customization][INFO] kitbashing item content/items/weapons/player/ranged/magazines/syn_combineedle_magazine_01
04:06:34.677 [Lua] [MOD][extended_weapon_customization][INFO] kitbashing item content/items/weapons/player/ranged/magazines/syn_combineedle_magazine_02
04:06:34.677 [Lua] [MOD][extended_weapon_customization][INFO] kitbashing item content/items/weapons/player/ranged/magazines/syn_combineedle_magazine_deluxe01
04:06:34.677 [Lua] [MOD][extended_weapon_customization][INFO] kitbashing item content/items/weapons/player/ranged/magazines/syn_combineedle_magazine_deluxe02
04:06:34.677 [Lua] [MOD][extended_weapon_customization][INFO] kitbashing item content/items/weapons/player/ranged/magazines/syn_combineedle_magazine_ml01
04:06:34.677 [Lua] [MOD][extended_weapon_customization][INFO] kitbashing item content/items/weapons/player/ranged/magazines/syn_combineedle_magazine_ml02
04:06:34.677 [Lua] [MOD][extended_weapon_customization][INFO] kitbashing item content/items/weapons/player/ranged/magazines/syn_combigrenade_magazine_01
04:06:34.677 [Lua] [MOD][extended_weapon_customization][INFO] kitbashing item content/items/weapons/player/ranged/magazines/syn_combigrenade_magazine_02
04:06:34.677 [Lua] [MOD][extended_weapon_customization][INFO] kitbashing item content/items/weapons/player/ranged/magazines/syn_combigrenade_magazine_03
04:06:34.677 [Lua] [MOD][extended_weapon_customization][INFO] kitbashing item content/items/weapons/player/ranged/magazines/syn_combigrenade_magazine_04
04:06:34.677 [Lua] [MOD][extended_weapon_customization][INFO] kitbashing item content/items/weapons/player/ranged/magwell/syn_vector_magwell_01_bolter
04:06:34.677 [Lua] [MOD][extended_weapon_customization][INFO] kitbashing item content/items/weapons/player/ranged/magwell/syn_vector_magwell_01a_bolter
04:06:34.677 [Lua] [MOD][extended_weapon_customization][INFO] kitbashing item content/items/weapons/player/ranged/magwell/syn_vector_magwell_02_bolter
04:06:34.677 [Lua] [MOD][extended_weapon_customization][INFO] kitbashing item content/items/weapons/player/ranged/magwell/syn_vector_magwell_02a_bolter
04:06:34.677 [Lua] [MOD][extended_weapon_customization][INFO] kitbashing item content/items/weapons/player/ranged/magwell/syn_m41a_magwell_01_bolter
04:06:34.677 [Lua] [MOD][extended_weapon_customization][INFO] kitbashing item content/items/weapons/player/ranged/magwell/syn_m41a_magwell_02_bolter
04:06:34.677 [Lua] [MOD][extended_weapon_customization][INFO] kitbashing item content/items/weapons/player/ranged/magwell/syn_m41a_magwell_03_bolter
04:06:34.677 [Lua] [MOD][extended_weapon_customization][INFO] kitbashing item content/items/weapons/player/ranged/magwell/syn_m41a_magwell_04_bolter
04:06:34.677 [Lua] [MOD][extended_weapon_customization][INFO] kitbashing item content/items/weapons/player/ranged/stocks/syn_reinforced_stock_01_bolter
04:06:34.677 [Lua] [MOD][extended_weapon_customization][INFO] kitbashing item content/items/weapons/player/ranged/stocks/syn_reinforced_stock_02_bolter
04:06:34.677 [Lua] [MOD][extended_weapon_customization][INFO] kitbashing item content/items/weapons/player/ranged/stocks/syn_reinforced_stock_03_bolter
04:06:34.677 [Lua] [MOD][extended_weapon_customization][INFO] kitbashing item content/items/weapons/player/ranged/stocks/syn_reinforced_stock_04_bolter
04:06:34.677 [Lua] [MOD][extended_weapon_customization][INFO] kitbashing item content/items/weapons/player/ranged/stocks/syn_reinforced_stock_05_bolter
04:06:34.677 [Lua] [MOD][extended_weapon_customization][INFO] kitbashing item content/items/weapons/player/ranged/stocks/syn_reinforced_stock_06_bolter
04:06:34.677 [Lua] [MOD][extended_weapon_customization][INFO] kitbashing item content/items/weapons/player/ranged/stocks/syn_reinforced_stock_07_bolter
04:06:34.677 [Lua] [MOD][extended_weapon_customization][INFO] kitbashing item content/items/weapons/player/ranged/stocks/syn_reinforced_stock_08_bolter
04:06:34.677 [Lua] [MOD][extended_weapon_customization][INFO] kitbashing item content/items/weapons/player/ranged/stocks/syn_reinforced_stock_09_bolter
04:06:34.677 [Lua] [MOD][extended_weapon_customization][INFO] kitbashing item content/items/weapons/player/ranged/stocks/syn_reinforced_stock_10_bolter
04:06:34.677 [Lua] [MOD][extended_weapon_customization][INFO] kitbashing item content/items/weapons/player/ranged/stocks/syn_reinforced_stock_11_bolter
04:06:34.677 [Lua] [MOD][extended_weapon_customization][INFO] kitbashing item content/items/weapons/player/ranged/stocks/syn_reinforced_stock_12_bolter
04:06:34.677 [Lua] [MOD][extended_weapon_customization][INFO] kitbashing item content/items/weapons/player/ranged/stocks/syn_reinforced_stock_13_bolter
04:06:34.677 [Lua] [MOD][extended_weapon_customization][INFO] kitbashing item content/items/weapons/player/ranged/stocks/syn_reinforced_stock_14_bolter
04:06:34.677 [Lua] [MOD][extended_weapon_customization][INFO] kitbashing item content/items/weapons/player/ranged/stocks/syn_reinforced_stock_15_bolter
04:06:34.678 [Lua] [MOD][extended_weapon_customization][INFO] kitbashing item content/items/weapons/player/ranged/stocks/syn_reinforced_stock_16_bolter
04:06:34.678 [Lua] [MOD][extended_weapon_customization][INFO] kitbashing item content/items/weapons/player/ranged/stocks/syn_reinforced_stock_17_bolter
04:06:34.678 [Lua] [MOD][extended_weapon_customization][INFO] kitbashing item content/items/weapons/player/ranged/stocks/syn_reinforced_stock_18_bolter
04:06:34.678 [Lua] [MOD][extended_weapon_customization][INFO] kitbashing item content/items/weapons/player/ranged/stocks/syn_reinforced_stock_01_bolter_alt
04:06:34.678 [Lua] [MOD][extended_weapon_customization][INFO] kitbashing item content/items/weapons/player/ranged/stocks/syn_reinforced_stock_02_bolter_alt
04:06:34.678 [Lua] [MOD][extended_weapon_customization][INFO] kitbashing item content/items/weapons/player/ranged/stocks/syn_reinforced_stock_03_bolter_alt
04:06:34.678 [Lua] [MOD][extended_weapon_customization][INFO] kitbashing item content/items/weapons/player/ranged/stocks/syn_reinforced_stock_04_bolter_alt
04:06:34.678 [Lua] [MOD][extended_weapon_customization][INFO] kitbashing item content/items/weapons/player/ranged/stocks/syn_reinforced_stock_05_bolter_alt
04:06:34.678 [Lua] [MOD][extended_weapon_customization][INFO] kitbashing item content/items/weapons/player/ranged/stocks/syn_reinforced_stock_06_bolter_alt
04:06:34.678 [Lua] [MOD][extended_weapon_customization][INFO] kitbashing item content/items/weapons/player/ranged/stocks/syn_reinforced_stock_07_bolter_alt
04:06:34.678 [Lua] [MOD][extended_weapon_customization][INFO] kitbashing item content/items/weapons/player/ranged/stocks/syn_reinforced_stock_08_bolter_alt
04:06:34.678 [Lua] [MOD][extended_weapon_customization][INFO] kitbashing item content/items/weapons/player/ranged/stocks/syn_reinforced_stock_09_bolter_alt
04:06:34.678 [Lua] [MOD][extended_weapon_customization][INFO] kitbashing item content/items/weapons/player/ranged/stocks/syn_reinforced_stock_10_bolter_alt
04:06:34.678 [Lua] [MOD][extended_weapon_customization][INFO] kitbashing item content/items/weapons/player/ranged/stocks/syn_reinforced_stock_11_bolter_alt
04:06:34.678 [Lua] [MOD][extended_weapon_customization][INFO] kitbashing item content/items/weapons/player/ranged/stocks/syn_reinforced_stock_12_bolter_alt
04:06:34.678 [Lua] [MOD][extended_weapon_customization][INFO] kitbashing item content/items/weapons/player/ranged/stocks/syn_reinforced_stock_13_bolter_alt
04:06:34.678 [Lua] [MOD][extended_weapon_customization][INFO] kitbashing item content/items/weapons/player/ranged/stocks/syn_reinforced_stock_14_bolter_alt
04:06:34.678 [Lua] [MOD][extended_weapon_customization][INFO] kitbashing item content/items/weapons/player/ranged/stocks/syn_reinforced_stock_15_bolter_alt
04:06:34.678 [Lua] [MOD][extended_weapon_customization][INFO] kitbashing item content/items/weapons/player/ranged/stocks/syn_reinforced_stock_16_bolter_alt
04:06:34.678 [Lua] [MOD][extended_weapon_customization][INFO] kitbashing item content/items/weapons/player/ranged/stocks/syn_reinforced_stock_17_bolter_alt
04:06:34.678 [Lua] [MOD][extended_weapon_customization][INFO] kitbashing item content/items/weapons/player/ranged/stocks/syn_reinforced_stock_18_bolter_alt
04:06:34.678 [Lua] [MOD][extended_weapon_customization][INFO] kitbashing item content/items/weapons/player/ranged/stocks/syn_reinforced_stock_10_bolter_m41a
04:06:34.678 [Lua] [MOD][extended_weapon_customization][INFO] kitbashing item content/items/weapons/player/ranged/stocks/syn_reinforced_stock_11_bolter_m41a
04:06:34.678 [Lua] [MOD][extended_weapon_customization][INFO] kitbashing item content/items/weapons/player/ranged/stocks/syn_reinforced_stock_12_bolter_m41a
04:06:34.678 [Lua] [MOD][extended_weapon_customization][INFO] kitbashing item content/items/weapons/player/ranged/stocks/syn_reinforced_stock_13_bolter_m41a
04:06:34.678 [Lua] [MOD][extended_weapon_customization][INFO] kitbashing item content/items/weapons/player/ranged/stocks/syn_reinforced_stock_14_bolter_m41a
04:06:34.678 [Lua] [MOD][extended_weapon_customization][INFO] kitbashing item content/items/weapons/player/ranged/stocks/syn_reinforced_stock_16_bolter_m41a
04:06:34.678 [Lua] [MOD][extended_weapon_customization][INFO] kitbashing item content/items/weapons/player/ranged/stocks/syn_reinforced_stock_17_bolter_m41a
04:06:34.678 [Lua] [MOD][extended_weapon_customization][INFO] kitbashing item content/items/weapons/player/ranged/stocks/syn_reinforced_stock_18_bolter_m41a
04:06:34.678 [Lua] [MOD][extended_weapon_customization][INFO] kitbashing item content/items/weapons/player/ranged/stocks/syn_bolter_xlstock_01
04:06:34.678 [Lua] [MOD][extended_weapon_customization][INFO] kitbashing item content/items/weapons/player/ranged/stocks/syn_bolter_xlstock_02
04:06:34.678 [Lua] [MOD][extended_weapon_customization][INFO] kitbashing item content/items/weapons/player/ranged/stocks/syn_bolter_xlstock_03
04:06:34.678 [Lua] [MOD][extended_weapon_customization][INFO] kitbashing item content/items/weapons/player/ranged/stocks/syn_bolter_xlstock_04
04:06:34.678 [Lua] [MOD][extended_weapon_customization][INFO] kitbashing item content/items/weapons/player/ranged/stocks/syn_bolter_xlstock_05
04:06:34.678 [Lua] [MOD][extended_weapon_customization][INFO] kitbashing item content/items/weapons/player/ranged/stocks/syn_bolter_xlstock_06
04:06:34.678 [Lua] [MOD][extended_weapon_customization][INFO] kitbashing item content/items/weapons/player/ranged/stocks/syn_bolter_xlstock_07
04:06:34.678 [Lua] [MOD][extended_weapon_customization][INFO] kitbashing item content/items/weapons/player/ranged/stocks/syn_bolter_xlstock_08
04:06:34.678 [Lua] [MOD][extended_weapon_customization][INFO] kitbashing item content/items/weapons/player/ranged/stocks/syn_bolter_xlstock_09
04:06:34.678 [Lua] [MOD][extended_weapon_customization][INFO] kitbashing item content/items/weapons/player/ranged/stocks/syn_bolter_xlstock_10
04:06:34.678 [Lua] [MOD][extended_weapon_customization][INFO] kitbashing item content/items/weapons/player/ranged/stocks/syn_bolter_xlstock_11
04:06:34.678 [Lua] [MOD][extended_weapon_customization][INFO] kitbashing item content/items/weapons/player/ranged/stocks/syn_bolter_xlstock_12
04:06:34.678 [Lua] [MOD][extended_weapon_customization][INFO] kitbashing item content/items/weapons/player/ranged/stocks/syn_bolter_xlstock_13
04:06:34.678 [Lua] [MOD][extended_weapon_customization][INFO] kitbashing item content/items/weapons/player/ranged/stocks/syn_bolter_xlstock_14
04:06:34.678 [Lua] [MOD][extended_weapon_customization][INFO] kitbashing item content/items/weapons/player/ranged/stocks/syn_bolter_xlstock_15
04:06:34.678 [Lua] [MOD][extended_weapon_customization][INFO] kitbashing item content/items/weapons/player/ranged/receiver_extension/ma5_extension_20_bolter
04:06:34.678 [Lua] [MOD][extended_weapon_customization][INFO] kitbashing item content/items/weapons/player/ranged/receiver_extension/ma5_extension_21_bolter
04:06:34.678 [Lua] [MOD][extended_weapon_customization][INFO] kitbashing item content/items/weapons/player/ranged/magazines/syn_aquilon_magdrum_04
04:06:34.678 [Lua] [MOD][extended_weapon_customization][INFO] kitbashing item content/items/weapons/player/ranged/rails/syn_lasgun_rifle_rail_01
04:06:34.678 [Lua] [MOD][extended_weapon_customization][INFO] kitbashing item content/items/weapons/player/ranged/rails/syn_lasgun_pistol_rail_01
04:06:34.678 [Lua] [MOD][extended_weapon_customization][INFO] kitbashing item content/items/weapons/player/ranged/recievers/syn_plasma_pistol_receiver_01
04:06:34.678 [Lua] [MOD][extended_weapon_customization][INFO] kitbashing item content/items/weapons/player/ranged/recievers/syn_plasma_pistol_receiver_02
04:06:34.678 [Lua] [MOD][extended_weapon_customization][INFO] kitbashing item content/items/weapons/player/ranged/recievers/syn_plasma_pistol_receiver_03
04:06:34.678 [Lua] [MOD][extended_weapon_customization][INFO] kitbashing item content/items/weapons/player/ranged/recievers/syn_plasma_pistol_receiver_04
04:06:34.678 [Lua] [MOD][extended_weapon_customization][INFO] kitbashing item content/items/weapons/player/ranged/barrel/syn_plasma_pistol_barrel_01
04:06:34.678 [Lua] [MOD][extended_weapon_customization][INFO] kitbashing item content/items/weapons/player/ranged/barrel/syn_plasma_pistol_barrel_02
04:06:34.678 [Lua] [MOD][extended_weapon_customization][INFO] kitbashing item content/items/weapons/player/ranged/barrel/syn_plasma_pistol_barrel_03
04:06:34.678 [Lua] [MOD][extended_weapon_customization][INFO] kitbashing item content/items/weapons/player/ranged/barrel/syn_plasma_pistol_barrel_04
04:06:34.678 [Lua] [MOD][extended_weapon_customization][INFO] kitbashing item content/items/weapons/player/ranged/barrel/syn_plasma_pistol_barrel_05
04:06:34.678 [Lua] [MOD][extended_weapon_customization][INFO] kitbashing item content/items/weapons/player/ranged/barrel/syn_plasma_pistol_barrel_07
04:06:34.678 [Lua] [MOD][extended_weapon_customization][INFO] kitbashing item content/items/weapons/player/ranged/barrel/syn_plasma_pistol_barrel_08
04:06:34.678 [Lua] [MOD][extended_weapon_customization][INFO] kitbashing item content/items/weapons/player/shields/ogryn_shield_01
04:06:34.678 [Lua] [MOD][extended_weapon_customization][INFO] kitbashing item content/items/weapons/player/shields/ogryn_shield_02
04:06:34.678 [Lua] [MOD][extended_weapon_customization][INFO] kitbashing item content/items/weapons/player/shields/ogryn_shield_03
04:06:34.678 [Lua] [MOD][extended_weapon_customization][INFO] kitbashing item content/items/weapons/player/shields/ogryn_shield_04
04:06:34.678 [Lua] [MOD][extended_weapon_customization][INFO] kitbashing item content/items/weapons/player/shields/ogryn_shield_05
04:06:34.678 [Lua] [MOD][extended_weapon_customization][INFO] kitbashing item content/items/weapons/player/shields/ogryn_shield_06
04:06:34.678 [Lua] [MOD][extended_weapon_customization][INFO] kitbashing item content/items/weapons/player/shields/ogryn_shield_07
04:06:34.678 [Lua] [MOD][extended_weapon_customization][INFO] kitbashing item content/items/weapons/player/shields/bulwark_shield_01
04:06:34.678 [Lua] [MOD][extended_weapon_customization][INFO] kitbashing item content/items/weapons/player/ranged/barrels/syn_primaris_barrel_08_boltpistol
04:06:34.678 [Lua] [MOD][extended_weapon_customization][INFO] kitbashing item content/items/weapons/player/ranged/magazines/syn_boltgun_pistol_magazine_01_single
04:06:34.678 [Lua] [MOD][extended_weapon_customization][INFO] kitbashing item content/items/weapons/player/ranged/magazines/syn_boltgun_pistol_magazine_02_single
04:06:34.678 [Lua] [MOD][extended_weapon_customization][INFO] kitbashing item content/items/weapons/player/ranged/magazines/syn_plasma_pistol_magazine_01
04:06:34.678 [Lua] [MOD][extended_weapon_customization][INFO] kitbashing item content/items/weapons/player/ranged/magazines/syn_plasma_pistol_magazine_02
04:06:34.678 [Lua] [MOD][extended_weapon_customization][INFO] kitbashing item content/items/weapons/player/ranged/magazines/syn_plasma_pistol_magazine_03
04:06:34.678 [Lua] [MOD][extended_weapon_customization][INFO] kitbashing item content/items/weapons/player/ranged/muzzles/autogun_rifle_invisible_muzzle_01
04:06:34.678 [Lua] [MOD][extended_weapon_customization][INFO] kitbashing item content/items/weapons/player/ranged/magazines/syn_plasma_pistol_magazine_06
04:06:34.678 [Lua] [MOD][extended_weapon_customization][INFO] kitbashing item content/items/weapons/player/ranged/magazines/syn_plasma_pistol_magazine_ml01
04:06:34.678 [Lua] [MOD][extended_weapon_customization][INFO] kitbashing item content/items/weapons/player/melee/blade/syn_double_chainaxe_head_00
04:06:34.678 [Lua] [MOD][extended_weapon_customization][INFO] kitbashing item content/items/weapons/player/melee/grips/syn_2h_chain_sword_grip_01_chainaxe
04:06:34.678 [Lua] [MOD][extended_weapon_customization][INFO] kitbashing item content/items/weapons/player/melee/grips/syn_2h_chain_sword_grip_02_chainaxe
04:06:34.679 [Lua] [MOD][extended_weapon_customization][INFO] kitbashing item content/items/weapons/player/melee/grips/syn_2h_chain_sword_grip_03_chainaxe
04:06:34.679 [Lua] [MOD][extended_weapon_customization][INFO] kitbashing item content/items/weapons/player/trinkets/syn_trinket_hook_04_steel_v
04:06:34.679 [Lua] [MOD][extended_weapon_customization][INFO] kitbashing item content/items/weapons/player/melee/grips/syn_2h_chain_sword_grip_ml01_chainaxe
04:06:34.679 [Lua] [MOD][extended_weapon_customization][INFO] kitbashing item content/items/weapons/player/melee/chains/syn_chain_axe_chain_00
04:06:34.679 [Lua] [MOD][extended_weapon_customization][INFO] kitbashing item content/items/weapons/player/melee/blades/syn_circular_saw_01
04:06:34.679 [Lua] [MOD][extended_weapon_customization][INFO] kitbashing item content/items/weapons/player/melee/blades/syn_circular_saw_02
04:06:34.679 [Lua] [MOD][extended_weapon_customization][INFO] kitbashing item content/items/weapons/player/melee/blades/syn_circular_saw_03
04:06:34.679 [Lua] [MOD][extended_weapon_customization][INFO] kitbashing item content/items/weapons/player/melee/blades/syn_circular_saw_ml01
04:06:34.679 [Lua] [MOD][extended_weapon_customization][INFO] kitbashing item content/items/weapons/player/melee/blade/syn_double_chainaxe_head_01
04:06:34.679 [Lua] [MOD][extended_weapon_customization][INFO] kitbashing item content/items/weapons/player/melee/blade/syn_double_chainaxe_head_02
04:06:34.679 [Lua] [MOD][extended_weapon_customization][INFO] kitbashing item content/items/weapons/player/melee/blade/syn_double_chainaxe_head_03
04:06:34.679 [Lua] [MOD][extended_weapon_customization][INFO] kitbashing item content/items/weapons/player/melee/blade/syn_double_chainaxe_head_04
04:06:34.679 [Lua] [MOD][extended_weapon_customization][INFO] kitbashing item content/items/weapons/player/melee/blade/syn_double_chainaxe_head_05
04:06:34.679 [Lua] [MOD][extended_weapon_customization][INFO] kitbashing item content/items/weapons/player/ranged/muzzles/autogun_rifle_suppressed_muzzle_01
04:06:34.679 [Lua] [MOD][extended_weapon_customization][INFO] kitbashing item content/items/weapons/player/ranged/muzzles/autogun_rifle_suppressed_muzzle_02
04:06:34.679 [Lua] [MOD][extended_weapon_customization][INFO] kitbashing item content/weapons/player/melee/2h_chain_sword/attachments/chain_01/chain_57_01
04:06:34.679 [Lua] [MOD][extended_weapon_customization][INFO] kitbashing item content/weapons/player/melee/2h_chain_sword/attachments/chain_01/chain_57_01_gold_01
04:06:34.679 [Lua] [MOD][extended_weapon_customization][INFO] kitbashing item content/items/weapons/player/melee/syn_2h_chainsword_shaft_02
04:06:34.679 [Lua] [MOD][extended_weapon_customization][INFO] kitbashing item content/items/weapons/player/melee/syn_2h_chainsword_shaft_03
04:06:34.679 [Lua] [MOD][extended_weapon_customization][INFO] kitbashing item content/items/weapons/player/melee/syn_2h_chainsword_shaft_04
04:06:34.679 [Lua] [MOD][extended_weapon_customization][INFO] kitbashing item content/items/weapons/player/melee/syn_2h_chainsword_shaft_05
04:06:34.679 [Lua] [MOD][extended_weapon_customization][INFO] kitbashing item content/items/weapons/player/melee/syn_2h_chainsword_shaft_ml01
04:06:34.679 [Lua] [MOD][extended_weapon_customization][INFO] kitbashing item content/items/weapons/player/melee/blade/syn_double_chainaxe_head_01_2h
04:06:34.679 [Lua] [MOD][extended_weapon_customization][INFO] kitbashing item content/items/weapons/player/melee/blade/syn_double_chainaxe_head_02_2h
04:06:34.679 [Lua] [MOD][extended_weapon_customization][INFO] kitbashing item content/items/weapons/player/melee/blade/syn_double_chainaxe_head_03_2h
04:06:34.679 [Lua] [MOD][extended_weapon_customization][INFO] kitbashing item content/items/weapons/player/melee/blade/syn_double_chainaxe_head_04_2h
04:06:34.679 [Lua] [MOD][extended_weapon_customization][INFO] kitbashing item content/items/weapons/player/melee/blade/syn_double_chainaxe_head_05_2h
04:06:34.679 [Lua] [MOD][extended_weapon_customization][INFO] kitbashing item content/items/weapons/player/melee/blade/syn_double_chainaxe_head_06_2h
04:06:34.679 [Lua] [MOD][extended_weapon_customization][INFO] kitbashing item content/items/weapons/player/melee/blade/syn_double_chainaxe_head_07_2h
04:06:34.679 [Lua] [MOD][extended_weapon_customization][INFO] kitbashing item content/items/weapons/player/melee/blade/syn_double_chainaxe_head_ml01_2h
04:06:34.679 [Lua] [MOD][extended_weapon_customization][INFO] kitbashing item content/items/weapons/player/ranged/rails/shotpistol_rail_off
04:06:34.679 [Lua] [MOD][extended_weapon_customization][INFO] kitbashing item content/items/weapons/player/ranged/rails/shotpistol_rail_01
04:06:34.679 [Lua] [MOD][extended_weapon_customization][INFO] kitbashing item content/items/weapons/player/melee/blade/syn_chainaxe_head_03_2h
04:06:34.679 [Lua] [MOD][extended_weapon_customization][INFO] kitbashing item content/items/weapons/player/melee/blade/syn_chainaxe_head_04_2h
04:06:34.679 [Lua] [MOD][extended_weapon_customization][INFO] kitbashing item content/items/weapons/player/melee/blade/syn_chainaxe_head_05_2h
04:06:34.679 [Lua] [MOD][extended_weapon_customization][INFO] kitbashing item content/items/weapons/player/melee/blade/syn_chainaxe_head_06_2h
04:06:34.679 [Lua] [MOD][extended_weapon_customization][INFO] kitbashing item content/items/weapons/player/melee/blade/syn_chainaxe_head_07_2h
04:06:34.679 [Lua] [MOD][extended_weapon_customization][INFO] kitbashing item content/items/weapons/player/melee/blade/syn_chainaxe_head_ml01_2h
04:06:34.679 [Lua] [MOD][extended_weapon_customization][INFO] kitbashing item content/items/weapons/player/melee/blade/syn_ogryn_combatblade_blade_01_knife
04:06:34.679 [Lua] [MOD][extended_weapon_customization][INFO] kitbashing item content/items/weapons/player/melee/blade/syn_ogryn_combatblade_blade_02_knife
04:06:34.679 [Lua] [MOD][extended_weapon_customization][INFO] kitbashing item content/items/weapons/player/melee/blade/syn_ogryn_combatblade_blade_03_knife
04:06:34.679 [Lua] [MOD][extended_weapon_customization][INFO] kitbashing item content/items/weapons/player/melee/blade/syn_ogryn_combatblade_blade_04_knife
04:06:34.679 [Lua] [MOD][extended_weapon_customization][INFO] kitbashing item content/items/weapons/player/melee/blade/syn_ogryn_combatblade_blade_05_knife
04:06:34.679 [Lua] [MOD][extended_weapon_customization][INFO] kitbashing item content/items/weapons/player/melee/blade/syn_ogryn_combatblade_blade_06_knife
04:06:34.679 [Lua] [MOD][extended_weapon_customization][INFO] kitbashing item content/items/weapons/player/melee/blade/syn_ogryn_combatblade_blade_07_knife
04:06:34.679 [Lua] [MOD][extended_weapon_customization][INFO] kitbashing item content/items/weapons/player/melee/blade/syn_ogryn_combatblade_blade_08_knife
04:06:34.679 [Lua] [MOD][extended_weapon_customization][INFO] kitbashing item content/items/weapons/player/melee/blade/syn_ogryn_combatblade_blade_09_knife
04:06:34.679 [Lua] [MOD][extended_weapon_customization][INFO] kitbashing item content/items/weapons/player/melee/blade/syn_ogryn_combatblade_blade_ml01_knife
04:06:34.679 [Lua] [MOD][extended_weapon_customization][INFO] kitbashing item content/items/weapons/player/melee/grips/syn_ogryn_combatblade_grip_01_knife
04:06:34.679 [Lua] [MOD][extended_weapon_customization][INFO] kitbashing item content/items/weapons/player/melee/grips/syn_ogryn_combatblade_grip_02_knife
04:06:34.679 [Lua] [MOD][extended_weapon_customization][INFO] kitbashing item content/items/weapons/player/melee/grips/syn_ogryn_combatblade_grip_03_knife
04:06:34.679 [Lua] [MOD][extended_weapon_customization][INFO] kitbashing item content/items/weapons/player/melee/grips/syn_ogryn_combatblade_grip_04_knife
04:06:34.679 [Lua] [MOD][extended_weapon_customization][INFO] kitbashing item content/items/weapons/player/melee/grips/syn_ogryn_combatblade_grip_05_knife
04:06:34.679 [Lua] [MOD][extended_weapon_customization][INFO] kitbashing item content/items/weapons/player/melee/grips/syn_ogryn_combatblade_grip_06_knife
04:06:34.679 [Lua] [MOD][extended_weapon_customization][INFO] kitbashing item content/items/weapons/player/melee/grips/syn_ogryn_combatblade_grip_07_knife
04:06:34.679 [Lua] [MOD][extended_weapon_customization][INFO] kitbashing item content/items/weapons/player/melee/grips/syn_ogryn_combatblade_grip_08_knife
04:06:34.679 [Lua] [MOD][extended_weapon_customization][INFO] kitbashing item content/items/weapons/player/melee/grips/syn_ogryn_combatblade_grip_09_knife
04:06:34.679 [Lua] [MOD][extended_weapon_customization][INFO] kitbashing item content/items/weapons/player/melee/grips/syn_ogryn_combatblade_grip_ml01_knife
04:06:34.679 [Lua] [MOD][extended_weapon_customization][INFO] kitbashing item content/items/weapons/player/melee/heads/syn_axe_head_05
04:06:34.679 [Lua] [MOD][extended_weapon_customization][INFO] kitbashing item content/items/weapons/player/melee/heads/syn_bladeguard_01
04:06:34.679 [Lua] [MOD][extended_weapon_customization][INFO] kitbashing item content/items/weapons/player/melee/heads/syn_bladeguard_ml01
04:06:34.679 [Lua] [MOD][extended_weapon_customization][INFO] kitbashing item content/items/weapons/player/melee/grips/syn_hatchet_head_01_crowbar
04:06:34.679 [Lua] [MOD][extended_weapon_customization][INFO] kitbashing item content/items/weapons/player/melee/grips/syn_hatchet_head_02_crowbar
04:06:34.679 [Lua] [MOD][extended_weapon_customization][INFO] kitbashing item content/items/weapons/player/melee/grips/syn_hatchet_head_03_crowbar
04:06:34.679 [Lua] [MOD][extended_weapon_customization][INFO] kitbashing item content/items/weapons/player/melee/grips/syn_hatchet_head_04_crowbar
04:06:34.679 [Lua] [MOD][extended_weapon_customization][INFO] kitbashing item content/items/weapons/player/melee/grips/syn_hatchet_head_05_crowbar
04:06:34.679 [Lua] [MOD][extended_weapon_customization][INFO] kitbashing item content/items/weapons/player/melee/grips/syn_hatchet_head_06_crowbar
04:06:34.679 [Lua] [MOD][extended_weapon_customization][INFO] kitbashing item content/items/weapons/player/melee/grips/syn_hatchet_head_ml01_crowbar
04:06:34.679 [Lua] [MOD][extended_weapon_customization][INFO] kitbashing item content/items/weapons/player/melee/heads/syn_combatsword_head_01
04:06:34.679 [Lua] [MOD][extended_weapon_customization][INFO] kitbashing item content/items/weapons/player/melee/heads/syn_combatsword_head_02
04:06:34.679 [Lua] [MOD][extended_weapon_customization][INFO] kitbashing item content/items/weapons/player/melee/heads/syn_combatsword_head_03
04:06:34.679 [Lua] [MOD][extended_weapon_customization][INFO] kitbashing item content/items/weapons/player/melee/heads/syn_combatsword_head_04
04:06:34.679 [Lua] [MOD][extended_weapon_customization][INFO] kitbashing item content/items/weapons/player/melee/heads/syn_combatsword_head_05
04:06:34.679 [Lua] [MOD][extended_weapon_customization][INFO] kitbashing item content/items/weapons/player/melee/heads/syn_combatsword_head_06
04:06:34.679 [Lua] [MOD][extended_weapon_customization][INFO] kitbashing item content/items/weapons/player/melee/heads/syn_combatsword_head_07
04:06:34.679 [Lua] [MOD][extended_weapon_customization][INFO] kitbashing item content/items/weapons/player/melee/heads/syn_combatsword_head_ml01
04:06:34.679 [Lua] [MOD][extended_weapon_customization][INFO] kitbashing item content/items/weapons/player/melee/heads/syn_falchion_head_01
04:06:34.679 [Lua] [MOD][extended_weapon_customization][INFO] kitbashing item content/items/weapons/player/melee/heads/syn_falchion_head_02
04:06:34.679 [Lua] [MOD][extended_weapon_customization][INFO] kitbashing item content/items/weapons/player/melee/heads/syn_falchion_head_03
04:06:34.679 [Lua] [MOD][extended_weapon_customization][INFO] kitbashing item content/items/weapons/player/melee/heads/syn_falchion_head_04
04:06:34.679 [Lua] [MOD][extended_weapon_customization][INFO] kitbashing item content/items/weapons/player/melee/heads/syn_falchion_head_05
04:06:34.679 [Lua] [MOD][extended_weapon_customization][INFO] kitbashing item content/items/weapons/player/melee/heads/syn_falchion_head_06
04:06:34.679 [Lua] [MOD][extended_weapon_customization][INFO] kitbashing item content/items/weapons/player/melee/heads/syn_falchion_head_ml01
04:06:34.679 [Lua] [MOD][extended_weapon_customization][INFO] kitbashing item content/items/weapons/player/melee/heads/syn_sabre_head_01
04:06:34.679 [Lua] [MOD][extended_weapon_customization][INFO] kitbashing item content/items/weapons/player/melee/heads/syn_sabre_head_02
04:06:34.679 [Lua] [MOD][extended_weapon_customization][INFO] kitbashing item content/items/weapons/player/melee/heads/syn_sabre_head_03
04:06:34.680 [Lua] [MOD][extended_weapon_customization][INFO] kitbashing item content/items/weapons/player/melee/heads/syn_sabre_head_04
04:06:34.680 [Lua] [MOD][extended_weapon_customization][INFO] kitbashing item content/items/weapons/player/melee/heads/syn_sabre_head_05
04:06:34.680 [Lua] [MOD][extended_weapon_customization][INFO] kitbashing item content/items/weapons/player/melee/heads/syn_sabre_head_06
04:06:34.680 [Lua] [MOD][extended_weapon_customization][INFO] kitbashing item content/items/weapons/player/melee/heads/syn_sabre_head_07
04:06:34.680 [Lua] [MOD][extended_weapon_customization][INFO] kitbashing item content/items/weapons/player/melee/heads/syn_sabre_head_ml01
04:06:34.680 [Lua] [MOD][extended_weapon_customization][INFO] kitbashing item content/items/weapons/player/ranged/magazines/autogun_rifle_laser_magazine_01
04:06:34.680 [Lua] [MOD][extended_weapon_customization][INFO] kitbashing item content/items/weapons/player/ranged/magazines/autogun_rifle_laser_magazine_02
04:06:34.680 [Lua] [MOD][extended_weapon_customization][INFO] kitbashing item content/items/weapons/player/ranged/magazines/autogun_rifle_laser_magazine_03
04:06:34.680 [Lua] [MOD][extended_weapon_customization][INFO] kitbashing item content/items/weapons/player/melee/grips/syn_combataxe_head_04_crowbar
04:06:34.680 [Lua] [MOD][extended_weapon_customization][INFO] kitbashing item content/items/weapons/player/melee/grips/syn_combataxe_head_05_crowbar
04:06:34.680 [Lua] [MOD][extended_weapon_customization][INFO] kitbashing item content/items/weapons/player/melee/grips/syn_combataxe_head_ml01_crowbar
04:06:34.680 [Lua] [MOD][extended_weapon_customization][INFO] kitbashing item content/items/weapons/player/melee/syn_hilt_extender_01
04:06:34.680 [Lua] [MOD][extended_weapon_customization][INFO] kitbashing item content/items/weapons/player/melee/syn_frostmourne_hilt
04:06:34.680 [Lua] [MOD][extended_weapon_customization][INFO] kitbashing item content/items/weapons/player/melee/syn_frostmourne_hilt_alt
04:06:34.680 [Lua] [MOD][extended_weapon_customization][INFO] kitbashing item content/items/weapons/player/melee/syn_holymoonlight_hilt
04:06:34.680 [Lua] [MOD][extended_weapon_customization][INFO] kitbashing item content/items/weapons/player/melee/syn_frostmourne_grip
04:06:34.680 [Lua] [MOD][extended_weapon_customization][INFO] kitbashing item content/items/weapons/player/ranged/magazines/boltgun_rifle_magazine_01_ba
04:06:34.680 [Lua] [MOD][extended_weapon_customization][INFO] kitbashing item content/items/weapons/player/ranged/magazines/boltgun_rifle_magazine_02_ba
04:06:34.680 [Lua] [MOD][extended_weapon_customization][INFO] kitbashing item content/items/weapons/player/melee/syn_frostmourne_blade
04:06:34.680 [Lua] [MOD][extended_weapon_customization][INFO] kitbashing item content/items/weapons/player/melee/syn_holymoonlight_blade
04:06:34.680 [Lua] [MOD][extended_weapon_customization][INFO] kitbashing item content/items/weapons/player/melee/heads/syn_crowbar_bladeguard_00
04:06:34.680 [Lua] [MOD][extended_weapon_customization][INFO] kitbashing item content/items/weapons/player/melee/heads/syn_crowbar_bladeguard_01
04:06:34.680 [Lua] [MOD][extended_weapon_customization][INFO] kitbashing item content/items/weapons/player/ranged/flashlights/owo_flashlight_green_narrow_cool_01
04:06:34.680 [Lua] [MOD][extended_weapon_customization][INFO] kitbashing item content/items/weapons/player/melee/syn_spike/syn_spike_00
04:06:34.680 [Lua] [MOD][extended_weapon_customization][INFO] kitbashing item content/items/weapons/player/melee/syn_spike/syn_spike_01
04:06:34.680 [Lua] [MOD][extended_weapon_customization][INFO] kitbashing item content/items/weapons/player/ranged/flashlights/owo_flashlight_green_narrow_cool_02
04:06:34.680 [Lua] [MOD][extended_weapon_customization][INFO] kitbashing item content/items/weapons/player/melee/syn_spike/syn_spike_03
04:06:34.680 [Lua] [MOD][extended_weapon_customization][INFO] kitbashing item content/items/weapons/player/melee/syn_spike/syn_spike_04
04:06:34.680 [Lua] [MOD][extended_weapon_customization][INFO] kitbashing item content/items/weapons/player/ranged/flashlights/owo_flashlight_green_narrow_cool_03
04:06:34.680 [Lua] [MOD][extended_weapon_customization][INFO] kitbashing item content/items/weapons/player/melee/syn_spike/syn_spike_07
04:06:34.680 [Lua] [MOD][extended_weapon_customization][INFO] kitbashing item content/items/weapons/player/melee/syn_spike/syn_spike_ml01
04:06:34.680 [Lua] [MOD][extended_weapon_customization][INFO] kitbashing item content/items/weapons/player/melee/connector/syn_crowbar_connector_00
04:06:34.680 [Lua] [MOD][extended_weapon_customization][INFO] kitbashing item content/items/weapons/player/ranged/flashlights/owo_flashlight_green_narrow_cool_04
04:06:34.680 [Lua] [MOD][extended_weapon_customization][INFO] kitbashing item content/items/weapons/player/melee/grips/syn_combataxe_body_02_crowbar
04:06:34.680 [Lua] [MOD][extended_weapon_customization][INFO] kitbashing item content/items/weapons/player/melee/grips/syn_combataxe_body_03_crowbar
04:06:34.680 [Lua] [MOD][extended_weapon_customization][INFO] kitbashing item content/items/weapons/player/melee/grips/syn_combataxe_body_04_crowbar
04:06:34.680 [Lua] [MOD][extended_weapon_customization][INFO] kitbashing item content/items/weapons/player/melee/grips/syn_combataxe_body_05_crowbar
04:06:34.680 [Lua] [MOD][extended_weapon_customization][INFO] kitbashing item content/items/weapons/player/ranged/flashlights/owo_flashlight_green_narrow_cool_05
04:06:34.680 [Lua] [MOD][extended_weapon_customization][INFO] kitbashing item content/items/weapons/player/melee/grips/syn_hatchet_body_01_crowbar
04:06:34.680 [Lua] [MOD][extended_weapon_customization][INFO] kitbashing item content/items/weapons/player/melee/grips/syn_hatchet_body_02_crowbar
04:06:34.680 [Lua] [MOD][extended_weapon_customization][INFO] kitbashing item content/items/weapons/player/ranged/flashlights/owo_flashlight_green_narrow_cool_invisible
04:06:34.680 [Lua] [MOD][extended_weapon_customization][INFO] kitbashing item content/items/weapons/player/melee/grips/syn_hatchet_body_04_crowbar
04:06:34.680 [Lua] [MOD][extended_weapon_customization][INFO] kitbashing item content/items/weapons/player/melee/grips/syn_hatchet_body_05_crowbar
04:06:34.680 [Lua] [MOD][extended_weapon_customization][INFO] kitbashing item content/items/weapons/player/melee/grips/syn_hatchet_body_06_crowbar
04:06:34.680 [Lua] [MOD][extended_weapon_customization][INFO] kitbashing item content/items/weapons/player/melee/grips/syn_shiv_05
04:06:34.680 [Lua] [MOD][extended_weapon_customization][INFO] kitbashing item content/items/weapons/player/melee/grips/syn_shiv_06
04:06:34.680 [Lua] [MOD][extended_weapon_customization][INFO] kitbashing item content/items/weapons/player/ranged/flashlights/owo_flashlight_green_weak_01
04:06:34.680 [Lua] [MOD][extended_weapon_customization][INFO] kitbashing item content/items/weapons/player/melee/grips/syn_ogryn_combatblade_grip_02_shiv
04:06:34.680 [Lua] [MOD][extended_weapon_customization][INFO] kitbashing item content/items/weapons/player/melee/grips/syn_ogryn_combatblade_grip_03_shiv
04:06:34.680 [Lua] [MOD][extended_weapon_customization][INFO] kitbashing item content/items/weapons/player/ranged/flashlights/owo_flashlight_green_weak_02
04:06:34.680 [Lua] [MOD][extended_weapon_customization][INFO] kitbashing item content/items/weapons/player/melee/grips/syn_ogryn_combatblade_grip_05_shiv
04:06:34.680 [Lua] [MOD][extended_weapon_customization][INFO] kitbashing item content/items/weapons/player/melee/grips/syn_ogryn_combatblade_grip_06_shiv
04:06:34.680 [Lua] [MOD][extended_weapon_customization][INFO] kitbashing item content/items/weapons/player/ranged/flashlights/owo_flashlight_green_weak_03
04:06:34.680 [Lua] [MOD][extended_weapon_customization][INFO] kitbashing item content/items/weapons/player/melee/grips/syn_ogryn_combatblade_grip_08_shiv
04:06:34.680 [Lua] [MOD][extended_weapon_customization][INFO] kitbashing item content/items/weapons/player/melee/grips/syn_ogryn_combatblade_grip_09_shiv
04:06:34.680 [Lua] [MOD][extended_weapon_customization][INFO] kitbashing item content/items/weapons/player/ranged/flashlights/owo_flashlight_green_weak_04
04:06:34.680 [Lua] [MOD][extended_weapon_customization][INFO] kitbashing item content/items/weapons/player/melee/grips/syn_combatknife_01_shiv
04:06:34.680 [Lua] [MOD][extended_weapon_customization][INFO] kitbashing item content/items/weapons/player/melee/grips/syn_combatknife_02_shiv
04:06:34.680 [Lua] [MOD][extended_weapon_customization][INFO] kitbashing item content/items/weapons/player/ranged/flashlights/owo_flashlight_green_weak_05
04:06:34.680 [Lua] [MOD][extended_weapon_customization][INFO] kitbashing item content/items/weapons/player/melee/grips/syn_combatknife_04_shiv
04:06:34.680 [Lua] [MOD][extended_weapon_customization][INFO] kitbashing item content/items/weapons/player/melee/grips/syn_combatknife_05_shiv
04:06:34.680 [Lua] [MOD][extended_weapon_customization][INFO] kitbashing item content/items/weapons/player/ranged/flashlights/owo_flashlight_green_weak_invisible
04:06:34.680 [Lua] [MOD][extended_weapon_customization][INFO] kitbashing item content/items/weapons/player/melee/grips/syn_combatknife_07_shiv
04:06:34.680 [Lua] [MOD][extended_weapon_customization][INFO] kitbashing item content/items/weapons/player/melee/grips/syn_combatknife_08_shiv
04:06:34.680 [Lua] [MOD][extended_weapon_customization][INFO] kitbashing item content/items/weapons/player/melee/grips/syn_combatknife_09_shiv
04:06:34.680 [Lua] [MOD][extended_weapon_customization][INFO] kitbashing item content/items/weapons/player/melee/grips/syn_combatknife_ml01_shiv
04:06:34.680 [Lua] [MOD][extended_weapon_customization][INFO] kitbashing item content/items/weapons/player/melee/grips/syn_combatsword_01_shiv
04:06:34.680 [Lua] [MOD][extended_weapon_customization][INFO] kitbashing item content/items/weapons/player/ranged/flashlights/owo_flashlight_green_default_01
04:06:34.680 [Lua] [MOD][extended_weapon_customization][INFO] kitbashing item content/items/weapons/player/melee/grips/syn_combatsword_03_shiv
04:06:34.680 [Lua] [MOD][extended_weapon_customization][INFO] kitbashing item content/items/weapons/player/melee/grips/syn_combatsword_04_shiv
04:06:34.680 [Lua] [MOD][extended_weapon_customization][INFO] kitbashing item content/items/weapons/player/ranged/flashlights/owo_flashlight_green_default_02
04:06:34.680 [Lua] [MOD][extended_weapon_customization][INFO] kitbashing item content/items/weapons/player/melee/grips/syn_combatsword_06_shiv
04:06:34.680 [Lua] [MOD][extended_weapon_customization][INFO] kitbashing item content/items/weapons/player/melee/grips/syn_combatsword_07_shiv
04:06:34.680 [Lua] [MOD][extended_weapon_customization][INFO] kitbashing item content/items/weapons/player/ranged/flashlights/owo_flashlight_green_default_03
04:06:34.680 [Lua] [MOD][extended_weapon_customization][INFO] kitbashing item content/items/weapons/player/melee/grips/syn_left_shiv_riceflail_01
04:06:34.680 [Lua] [MOD][extended_weapon_customization][INFO] kitbashing item content/items/weapons/player/melee/grips/syn_left_shiv_riceflail_02
04:06:34.680 [Lua] [MOD][extended_weapon_customization][INFO] kitbashing item content/items/weapons/player/ranged/flashlights/owo_flashlight_green_default_04
04:06:34.680 [Lua] [MOD][extended_weapon_customization][INFO] kitbashing item content/items/weapons/player/melee/grips/syn_left_shiv_riceflail_04
04:06:34.680 [Lua] [MOD][extended_weapon_customization][INFO] kitbashing item content/items/weapons/player/melee/grips/syn_left_shiv_riceflail_ml01
04:06:34.680 [Lua] [MOD][extended_weapon_customization][INFO] kitbashing item content/items/weapons/player/ranged/flashlights/owo_flashlight_green_default_05
04:06:34.680 [Lua] [MOD][extended_weapon_customization][INFO] kitbashing item content/items/weapons/player/melee/grips/syn_right_shiv_riceflail_02
04:06:34.680 [Lua] [MOD][extended_weapon_customization][INFO] kitbashing item content/items/weapons/player/melee/grips/syn_right_shiv_riceflail_03
04:06:34.680 [Lua] [MOD][extended_weapon_customization][INFO] kitbashing item content/items/weapons/player/ranged/flashlights/owo_flashlight_green_default_invisible
04:06:34.680 [Lua] [MOD][extended_weapon_customization][INFO] kitbashing item content/items/weapons/player/melee/grips/syn_right_shiv_riceflail_ml01
04:06:34.681 [Lua] [MOD][extended_weapon_customization][INFO] kitbashing item content/items/weapons/player/ranged/magazines/syn_dual_lasgun_pistol_magazine_01
04:06:34.681 [Lua] [MOD][extended_weapon_customization][INFO] kitbashing item content/items/weapons/player/ranged/receivers/syn_dual_laspistol_01_left
04:06:34.681 [Lua] [MOD][extended_weapon_customization][INFO] kitbashing item content/items/weapons/player/ranged/receivers/syn_dual_laspistol_02_left
04:06:34.681 [Lua] [MOD][extended_weapon_customization][INFO] kitbashing item content/items/weapons/player/ranged/receivers/syn_dual_laspistol_03_left
04:06:34.681 [Lua] [MOD][extended_weapon_customization][INFO] kitbashing item content/items/weapons/player/ranged/flashlights/owo_flashlight_green_narrow_01
04:06:34.681 [Lua] [MOD][extended_weapon_customization][INFO] kitbashing item content/items/weapons/player/ranged/receivers/syn_dual_laspistol_05_left
04:06:34.681 [Lua] [MOD][extended_weapon_customization][INFO] kitbashing item content/items/weapons/player/ranged/receivers/syn_dual_laspistol_06_left
04:06:34.681 [Lua] [MOD][extended_weapon_customization][INFO] kitbashing item content/items/weapons/player/ranged/flashlights/owo_flashlight_green_narrow_02
04:06:34.681 [Lua] [MOD][extended_weapon_customization][INFO] kitbashing item content/items/weapons/player/ranged/receivers/syn_dual_laspistol_08_left
04:06:34.681 [Lua] [MOD][extended_weapon_customization][INFO] kitbashing item content/items/weapons/player/ranged/receivers/syn_dual_laspistol_09_left
04:06:34.681 [Lua] [MOD][extended_weapon_customization][INFO] kitbashing item content/items/weapons/player/ranged/flashlights/owo_flashlight_green_narrow_03
04:06:34.681 [Lua] [MOD][extended_weapon_customization][INFO] kitbashing item content/items/weapons/player/ranged/receivers/syn_dual_laspistol_11_left
04:06:34.681 [Lua] [MOD][extended_weapon_customization][INFO] kitbashing item content/items/weapons/player/ranged/receivers/syn_dual_laspistol_01_right
04:06:34.681 [Lua] [MOD][extended_weapon_customization][INFO] kitbashing item content/items/weapons/player/ranged/flashlights/owo_flashlight_green_narrow_04
04:06:34.681 [Lua] [MOD][extended_weapon_customization][INFO] kitbashing item content/items/weapons/player/ranged/receivers/syn_dual_laspistol_03_right
04:06:34.681 [Lua] [MOD][extended_weapon_customization][INFO] kitbashing item content/items/weapons/player/ranged/receivers/syn_dual_laspistol_04_right
04:06:34.681 [Lua] [MOD][extended_weapon_customization][INFO] kitbashing item content/items/weapons/player/ranged/flashlights/owo_flashlight_green_narrow_05
04:06:34.681 [Lua] [MOD][extended_weapon_customization][INFO] kitbashing item content/items/weapons/player/ranged/receivers/syn_dual_laspistol_06_right
04:06:34.681 [Lua] [MOD][extended_weapon_customization][INFO] kitbashing item content/items/weapons/player/ranged/receivers/syn_dual_laspistol_07_right
04:06:34.681 [Lua] [MOD][extended_weapon_customization][INFO] kitbashing item content/items/weapons/player/ranged/flashlights/owo_flashlight_green_narrow_invisible
04:06:34.681 [Lua] [MOD][extended_weapon_customization][INFO] kitbashing item content/items/weapons/player/ranged/receivers/syn_dual_laspistol_09_right
04:06:34.681 [Lua] [MOD][extended_weapon_customization][INFO] kitbashing item content/items/weapons/player/ranged/receivers/syn_dual_laspistol_10_right
04:06:34.681 [Lua] [MOD][extended_weapon_customization][INFO] kitbashing item content/items/weapons/player/ranged/receivers/syn_dual_laspistol_11_right
04:06:34.681 [Lua] [MOD][extended_weapon_customization][INFO] kitbashing item content/items/weapons/player/ranged/barrels/syn_secondary_barrel_flamer_00
04:06:34.681 [Lua] [MOD][extended_weapon_customization][INFO] kitbashing item content/items/weapons/player/ranged/barrels/syn_secondary_barrel_flamer_01
04:06:34.681 [Lua] [MOD][extended_weapon_customization][INFO] kitbashing item content/items/weapons/player/ranged/flashlights/owo_flashlight_custom_narrow_cool_01
04:06:34.681 [Lua] [MOD][extended_weapon_customization][INFO] kitbashing item content/items/weapons/player/ranged/barrels/syn_secondary_barrel_flamer_03
04:06:34.681 [Lua] [MOD][extended_weapon_customization][INFO] kitbashing item content/items/weapons/player/ranged/barrels/syn_secondary_barrel_flamer_04
04:06:34.681 [Lua] [MOD][extended_weapon_customization][INFO] kitbashing item content/items/weapons/player/ranged/flashlights/owo_flashlight_custom_narrow_cool_02
04:06:34.681 [Lua] [MOD][extended_weapon_customization][INFO] kitbashing item content/items/weapons/player/ranged/barrels/syn_secondary_barrel_flamer_06
04:06:34.681 [Lua] [MOD][extended_weapon_customization][INFO] kitbashing item content/items/weapons/player/ranged/barrels/syn_secondary_barrel_flamer_07
04:06:34.681 [Lua] [MOD][extended_weapon_customization][INFO] kitbashing item content/items/weapons/player/ranged/flashlights/owo_flashlight_custom_narrow_cool_03
04:06:34.681 [Lua] [MOD][extended_weapon_customization][INFO] kitbashing item content/items/weapons/player/ranged/barrels/syn_secondary_barrel_flamer_09
04:06:34.681 [Lua] [MOD][extended_weapon_customization][INFO] kitbashing item content/items/weapons/player/ranged/barrels/syn_secondary_barrel_flamer_ml01
04:06:34.681 [Lua] [MOD][extended_weapon_customization][INFO] kitbashing item content/items/weapons/player/ranged/flashlights/owo_flashlight_custom_narrow_cool_04
04:06:34.681 [Lua] [MOD][extended_weapon_customization][INFO] kitbashing item content/items/weapons/player/melee/blades/laser_blade_powermaul_shield_p1_01
04:06:34.681 [Lua] [MOD][extended_weapon_customization][INFO] kitbashing item content/items/weapons/player/melee/blades/laser_blade_powermaul_shield_p1_02
04:06:34.681 [Lua] [MOD][extended_weapon_customization][INFO] kitbashing item content/items/weapons/player/ranged/flashlights/owo_flashlight_custom_narrow_cool_05
04:06:34.681 [Lua] [MOD][extended_weapon_customization][INFO] kitbashing item content/items/weapons/player/melee/blades/laser_blade_green_powermaul_shield_p1_02
04:06:34.681 [Lua] [MOD][extended_weapon_customization][INFO] kitbashing item content/items/weapons/player/ranged/barrels/syn_vindictor_barrel_06
04:06:34.681 [Lua] [MOD][extended_weapon_customization][INFO] kitbashing item content/items/weapons/player/ranged/flashlights/owo_flashlight_custom_narrow_cool_invisible
04:06:34.681 [Lua] [MOD][extended_weapon_customization][INFO] kitbashing item content/items/weapons/player/ranged/barrels/syn_vindictor_barrel_08
04:06:34.681 [Lua] [MOD][extended_weapon_customization][INFO] kitbashing item content/items/weapons/player/ranged/barrels/syn_vindictor_barrel_09
04:06:34.681 [Lua] [MOD][extended_weapon_customization][INFO] kitbashing item content/items/weapons/player/ranged/barrels/syn_vindictor_barrel_10
04:06:34.681 [Lua] [MOD][extended_weapon_customization][INFO] kitbashing item content/items/weapons/player/ranged/barrels/syn_vindictor_barrel_11
04:06:34.681 [Lua] [MOD][extended_weapon_customization][INFO] kitbashing item content/items/weapons/player/ranged/barrels/syn_vindictor_barrel_12
04:06:34.681 [Lua] [MOD][extended_weapon_customization][INFO] kitbashing item content/items/weapons/player/ranged/flashlights/owo_flashlight_custom_weak_01
04:06:34.681 [Lua] [MOD][extended_weapon_customization][INFO] kitbashing item content/items/weapons/player/ranged/barrels/syn_vindictor_barrel_14
04:06:34.681 [Lua] [MOD][extended_weapon_customization][INFO] kitbashing item content/items/weapons/player/ranged/barrels/syn_vindictor_barrel_15
04:06:34.681 [Lua] [MOD][extended_weapon_customization][INFO] kitbashing item content/items/weapons/player/ranged/flashlights/owo_flashlight_custom_weak_02
04:06:34.681 [Lua] [MOD][extended_weapon_customization][INFO] kitbashing item content/items/weapons/player/ranged/barrels/syn_vindictor_barrel_17
04:06:34.681 [Lua] [MOD][extended_weapon_customization][INFO] kitbashing item content/items/weapons/player/ranged/barrels/syn_vindictor_barrel_18
04:06:34.681 [Lua] [MOD][extended_weapon_customization][INFO] kitbashing item content/items/weapons/player/ranged/flashlights/owo_flashlight_custom_weak_03
04:06:34.681 [Lua] [MOD][extended_weapon_customization][INFO] kitbashing item content/items/weapons/player/ranged/recievers/syn_heavyflamer_receiver_01
04:06:34.681 [Lua] [MOD][extended_weapon_customization][INFO] kitbashing item content/items/weapons/player/ranged/recievers/syn_heavyflamer_receiver_02
04:06:34.681 [Lua] [MOD][extended_weapon_customization][INFO] kitbashing item content/items/weapons/player/ranged/flashlights/owo_flashlight_custom_weak_04
04:06:34.681 [Lua] [MOD][extended_weapon_customization][INFO] kitbashing item content/items/weapons/player/ranged/recievers/syn_heavyflamer_receiver_04
04:06:34.681 [Lua] [MOD][extended_weapon_customization][INFO] kitbashing item content/items/weapons/player/ranged/recievers/syn_heavyflamer_receiver_05
04:06:34.681 [Lua] [MOD][extended_weapon_customization][INFO] kitbashing item content/items/weapons/player/ranged/flashlights/owo_flashlight_custom_weak_05
04:06:34.681 [Lua] [MOD][extended_weapon_customization][INFO] kitbashing item content/items/weapons/player/ranged/recievers/syn_heavyflamer_receiver_07
04:06:34.681 [Lua] [MOD][extended_weapon_customization][INFO] kitbashing item content/items/weapons/player/ranged/recievers/syn_heavyflamer_receiver_08
04:06:34.681 [Lua] [MOD][extended_weapon_customization][INFO] kitbashing item content/items/weapons/player/ranged/flashlights/owo_flashlight_custom_weak_invisible
04:06:34.681 [Lua] [MOD][extended_weapon_customization][INFO] kitbash items finished loading
04:06:34.681 [Lua] INFO [GRPCManager] Connecting to grpc address bsp-im-prod.atoma.cloud:443
04:06:34.684 [Lua] INFO [BackendManager] title_request: GET /v2/data/3bb6409a-8e5c-4c57-9945-e2ca4874da07/account/gear?limit=500
04:06:34.684 [Lua] INFO [BackendManager] title_request: GET /data/3bb6409a-8e5c-4c57-9945-e2ca4874da07/account/data/core
04:06:34.684 [Lua] INFO [BackendManager] title_request: GET /data/3bb6409a-8e5c-4c57-9945-e2ca4874da07/account/traits/
04:06:34.684 [Lua] INFO [BackendManager] title_request: GET /data/3bb6409a-8e5c-4c57-9945-e2ca4874da07/characters
04:06:34.684 [Lua] INFO [BackendManager] title_request: GET /data/3bb6409a-8e5c-4c57-9945-e2ca4874da07/progression
04:06:34.701 [Lua] INFO [GRPCManager] gRPC channel state changed to CONNECTING from IDLE
04:06:35.367 [Lua] INFO [BackendManager] title_request: GET /v2/data/3bb6409a-8e5c-4c57-9945-e2ca4874da07/account/gear?limit=500&last=9c54d838-5304-4e69-a4b0-26c781aa6b48
04:06:35.568 [Lua] INFO [GRPCManager] gRPC channel state changed to READY from CONNECTING
04:06:35.902 [Lua] INFO [TalentLayoutParser] Failed parsing talent string, mismatching version numbers (layout:34 backend:29)
04:06:35.904 [Lua] [MOD][extended_weapon_customization][INFO] load gear settings from file C:\users\steamuser\AppData\Roaming/Fatshark/Darktide/extended_weapon_customization/74ea7a56-7442-4989-b72f-bbdf23b53d7d.lua
04:06:35.904 [Lua] [MOD][extended_weapon_customization][INFO] cloning item 74ea7a56-7442-4989-b72f-bbdf23b53d7d
04:06:35.905 [Lua] [MOD][extended_weapon_customization][INFO] load gear settings from file C:\users\steamuser\AppData\Roaming/Fatshark/Darktide/extended_weapon_customization/dd419018-53ab-4cbc-aa82-2f43d94a75e6.lua
04:06:35.905 [Lua] [MOD][extended_weapon_customization][INFO] cloning item dd419018-53ab-4cbc-aa82-2f43d94a75e6
04:06:35.909 [Lua] INFO [TalentLayoutParser] Failed parsing talent string, mismatching version numbers (layout:25 backend:23)
04:06:35.909 [Lua] [MOD][extended_weapon_customization][INFO] load gear settings from file C:\users\steamuser\AppData\Roaming/Fatshark/Darktide/extended_weapon_customization/328efc07-9af0-4317-8ef8-6e5a87eebfa8.lua
04:06:35.910 [Lua] [MOD][extended_weapon_customization][INFO] cloning item 328efc07-9af0-4317-8ef8-6e5a87eebfa8
04:06:35.910 [Lua] [MOD][extended_weapon_customization][INFO] load gear settings from file C:\users\steamuser\AppData\Roaming/Fatshark/Darktide/extended_weapon_customization/14d5bd5d-bbc0-4975-94b0-57eac5beeaf1.lua
04:06:35.911 [Lua] [MOD][extended_weapon_customization][INFO] cloning item 14d5bd5d-bbc0-4975-94b0-57eac5beeaf1
04:06:35.911 [Lua] INFO [TalentLayoutParser] Failed parsing talent string, mismatching version numbers (layout:18 backend:17)
04:06:35.912 [Lua] INFO [TalentLayoutParser] Failed parsing talent string, mismatching version numbers (layout:29 backend:24)
04:06:35.913 [Lua] [MOD][extended_weapon_customization][INFO] load gear settings from file C:\users\steamuser\AppData\Roaming/Fatshark/Darktide/extended_weapon_customization/51b8ebb1-d710-4eb9-b95a-268213110c06.lua
04:06:35.913 [Lua] [MOD][extended_weapon_customization][INFO] cloning item 51b8ebb1-d710-4eb9-b95a-268213110c06
04:06:35.914 [Lua] [MOD][extended_weapon_customization][INFO] load gear settings from file C:\users\steamuser\AppData\Roaming/Fatshark/Darktide/extended_weapon_customization/049ded68-9033-4d16-aaf4-631cee994b3b.lua
04:06:35.914 [Lua] [MOD][extended_weapon_customization][INFO] cloning item 049ded68-9033-4d16-aaf4-631cee994b3b
04:06:35.935 [Lua] INFO [BackendManager] title_request: GET /tracks/category/event
04:06:35.935 [Lua] INFO [BackendManager] title_request: GET /gameplay/config/sessions
04:06:35.937 [Vivox] Initialized version 5.25.4.33805.68548b92
04:06:35.937 [Lua] INFO [PrivilegesManager] Using permissive privileges manager
04:06:35.937 [Lua] INFO [PrivilegesManager] Using permissive privileges manager
04:06:35.944 [Lua] INFO [BackendManager] title_request: GET /data/3bb6409a-8e5c-4c57-9945-e2ca4874da07/havoc/eligible
04:06:35.944 [Vivox] Issuing request req_connector_create
04:06:35.944 [Lua] INFO [BackendManager] title_request: GET /data/3bb6409a-8e5c-4c57-9945-e2ca4874da07/havoc/latest
04:06:35.944 [Lua] INFO [BackendManager] title_request: GET /data/3bb6409a-8e5c-4c57-9945-e2ca4874da07/account
04:06:35.944 [Lua] INFO [BackendManager] title_request: GET /data/3bb6409a-8e5c-4c57-9945-e2ca4874da07/account/commendations?includeAll=false&includeStats=true
04:06:36.144 [Lua] INFO [LiveEventManager] Adding new event '8899aebe-7676-44fd-bd58-d650ce544a01' with template 'play_spillway'.
04:06:36.177 [Lua] INFO [BackendManager] title_request: GET /data/3bb6409a-8e5c-4c57-9945-e2ca4874da07/trackstate/8899aebe-7676-44fd-bd58-d650ce544a01?errorOnEmpty=false
04:06:36.327 [Lua] INFO [StateTitle] Changing state signing_in -> loading_packages
04:06:36.377 [Lua] INFO [BackendManager] title_request: GET /data/3bb6409a-8e5c-4c57-9945-e2ca4874da07/account/commendations?includeAll=true&includeStats=false
04:06:37.326 warning: [Profiler] [main] Stall 714 ms on frame 534: 
    Application::update 716 ms
        resource_manager::bring_in 714 ms
            ResourceManager::bring_in 714 ms
04:06:37.448 [Lua] INFO [AchievementsManager] Downloaded unknown achievement 'multi_class_3' for player '1' with account id '3bb6409a-8e5c-4c57-9945-e2ca4874da07'.
04:06:37.448 [Lua] INFO [AchievementsManager] Downloaded unknown achievement 'multi_class_4' for player '1' with account id '3bb6409a-8e5c-4c57-9945-e2ca4874da07'.
04:06:37.480 [SteamStats] UserStatsStored success: true
04:06:37.480 [SteamStats] UserStatsStored success: true
04:06:37.480 [SteamStats] UserStatsStored success: true
04:06:37.480 [SteamStats] UserStatsStored success: true
04:06:37.480 [SteamStats] UserStatsStored success: true
04:06:37.520 [Vivox] Issuing request req_account_anonymous_login
04:06:37.794 [Vivox] Account login state change event: login_state_logging_in
04:06:39.479 warning: [Profiler] [main] Stall 152 ms on frame 627: 
    Application::update 155 ms
        resource_manager::bring_in 152 ms
            ResourceManager::bring_in 152 ms
04:06:39.600 [Lua] INFO [StateTitle] Changing state loading_packages -> legal_verification
04:06:39.631 [Lua] INFO [BackendManager] title_request: GET /data/3bb6409a-8e5c-4c57-9945-e2ca4874da07/account/data/legal
04:06:39.998 [Lua] INFO [StateTitle] Changing state legal_verification -> name_verification
04:06:40.015 [Lua] INFO [BackendManager] title_request: GET /data/3bb6409a-8e5c-4c57-9945-e2ca4874da07/account
04:06:40.198 [Vivox] Connection state changed event: 1
04:06:40.398 [Lua] INFO [StateTitle] Changing state name_verification -> done
04:06:40.415 [Lua] DMF:ON_GAME_STATE_CHANGED(), status: exit, state: StateTitle
04:06:40.428 [Lua] [MOD][DMF][INFO] Attempting to hook 2 delayed hooks for object Flashlight
04:06:40.428 [Lua] [MOD][extended_weapon_customization][INFO] (hook): Hooking 'update' from [Flashlight] (Origin: function: 0x101002e8)
04:06:40.428 [Lua] [MOD][extended_weapon_customization][INFO] (hook): Hooking 'init' from [Flashlight] (Origin: function: 0x10100290)
04:06:40.428 [Lua] [MOD][DMF][INFO] Attempting to hook 3 delayed hooks for object MispredictPackageHandler
04:06:40.428 [Lua] [MOD][extended_weapon_customization][INFO] (hook): Hooking 'destroy' from [MispredictPackageHandler] (Origin: function: 0x02f12bd0)
04:06:40.428 [Lua] [MOD][extended_weapon_customization][INFO] (hook): Hooking '_unload_item_packages' from [MispredictPackageHandler] (Origin: function: 0x02f09818)
04:06:40.428 [Lua] [MOD][extended_weapon_customization][INFO] (hook): Hooking '_load_item_packages' from [MispredictPackageHandler] (Origin: function: 0x02eeb0f0)
04:06:40.428 [Lua] [MOD][DMF][INFO] Attempting to hook 5 delayed hooks for object PlayerUnitVisualLoadoutExtension
04:06:40.428 [Lua] [MOD][extended_weapon_customization][INFO] (hook): Hooking 'resolve_gear_sound' from [PlayerUnitVisualLoadoutExtension] (Origin: function: 0x04a97330)
04:06:40.428 [Lua] [MOD][extended_weapon_customization][INFO] (hook): Hooking 'destroy' from [PlayerUnitVisualLoadoutExtension] (Origin: function: 0x10149470)
04:06:40.428 [Lua] [MOD][extended_weapon_customization][INFO] (hook): Hooking 'fixed_update' from [PlayerUnitVisualLoadoutExtension] (Origin: function: 0x10148930)
04:06:40.428 [Lua] [MOD][extended_weapon_customization][INFO] (hook): Hooking 'equip_item_to_slot' from [PlayerUnitVisualLoadoutExtension] (Origin: function: 0x01aed518)
04:06:40.428 [Lua] [MOD][extended_weapon_customization][INFO] (hook): Hooking 'init' from [PlayerUnitVisualLoadoutExtension] (Origin: function: 0x101491e8)
04:06:40.428 [Lua] [MOD][DMF][INFO] Attempting to hook 4 delayed hooks for object MissionIntroView
04:06:40.428 [Lua] [MOD][MissionBrief][INFO] (hook_safe): Hooking 'on_enter' from [MissionIntroView] (Origin: function: 0x109d5670)
04:06:40.428 [Lua] [MOD][MissionBrief][INFO] (hook_safe): Hooking 'draw' from [MissionIntroView] (Origin: function: 0x109d56b0)
04:06:40.428 [Lua] [MOD][extended_weapon_customization][INFO] (hook): Hooking '_assign_player_to_slot' from [MissionIntroView] (Origin: function: 0x109d66c0)
04:06:40.428 [Lua] [MOD][extended_weapon_customization][INFO] (hook): Hooking 'select_target_intro_level' from [MissionIntroView] (Origin: function: 0x109d57d0)
04:06:40.428 [Lua] [MOD][DMF][INFO] Attempting to hook 3 delayed hooks for object AuspexScanningEffects
04:06:40.429 [Lua] [MOD][better_downed_indicators][INFO] (hook_safe): Hooking 'unwield' from [AuspexScanningEffects] (Origin: function: 0x0451d288)
04:06:40.429 [Lua] [MOD][better_downed_indicators][INFO] (hook_safe): Hooking '_stop_scan_units_effects' from [AuspexScanningEffects] (Origin: function: 0x0452b248)
04:06:40.429 [Lua] [MOD][better_downed_indicators][INFO] (hook_safe): Hooking '_run_searching_sfx_loop' from [AuspexScanningEffects] (Origin: function: 0x02070fc0)
04:06:40.429 [Lua] [MOD][DMF][INFO] Attempting to hook 2 delayed hooks for object AuspexEffects
04:06:40.429 [Lua] [MOD][better_downed_indicators][INFO] (hook_safe): Hooking 'unwield' from [AuspexEffects] (Origin: function: 0x044e4510)
04:06:40.429 [Lua] [MOD][better_downed_indicators][INFO] (hook_safe): Hooking 'wield' from [AuspexEffects] (Origin: function: 0x044e2a98)
04:06:40.429 [Lua] [MOD][DMF][INFO] Attempting to hook 3 delayed hooks for object HudElementCombatFeed
04:06:40.429 [Lua] [MOD][KillfeedImprovements][INFO] (hook): Hooking '_enabled' from [HudElementCombatFeed] (Origin: function: 0x1071a058)
04:06:40.429 [Lua] [MOD][KillfeedImprovements][INFO] (hook): Hooking '_create_widget' from [HudElementCombatFeed] (Origin: function: 0x0900e648)
04:06:40.429 [Lua] [MOD][KillfeedImprovements][INFO] (hook): Hooking 'event_combat_feed_kill' from [HudElementCombatFeed] (Origin: function: 0x10719d98)
04:06:40.429 [Lua] [MOD][DMF][INFO] Attempting to hook 2 delayed hooks for object LobbyView
04:06:40.429 [Lua] [MOD][extended_weapon_customization][INFO] (hook): Hooking '_assign_player_to_slot' from [LobbyView] (Origin: function: 0x1084ed50)
04:06:40.429 [Lua] [MOD][extended_weapon_customization][INFO] (hook): Hooking '_sync_votes' from [LobbyView] (Origin: function: 0x1084e0f0)
04:06:40.429 [Lua] [MOD][DMF][INFO] Attempted to hook 186 delayed functions
04:06:40.429 [Lua] INFO [PresenceManager] Activity changed title_screen -> main_menu
04:06:40.429 [Lua] <<crashify-breadcrumb>>
             	<<timestamp>23.888018<</timestamp>>
             	<<value>>Entering Game State StateMainMenu<</value>>
             <</crashify-breadcrumb>>
04:06:40.430 [Lua] INFO [BackendManager] title_request: GET /matchmaker/regions
04:06:40.430 [Lua] DMF:ON_GAME_STATE_CHANGED(), status: enter, state: StateMainMenu
04:06:40.430 [Lua] [MOD][DMF][INFO] Attempted to hook 162 delayed functions
04:06:40.430 [Lua] INFO [ConstantElementLoading] State changed StateTitle -> StateMainMenu
04:06:40.439 [Lua] INFO [BackendManager] title_request: GET /data/3bb6409a-8e5c-4c57-9945-e2ca4874da07/characters/86deca70-81fa-49cb-b331-56ada5adf6fd/data/narrative
04:06:40.456 [Lua] INFO [ScriptWorld] Registering level named: "content/levels/ui/main_menu/main_menu" with id: 1
04:06:40.504 [Lua] [MOD][DMF][INFO] MainMenuView is now available for previously-delayed hooks.
04:06:40.504 [Lua] [MOD][DMF][INFO] (hook): Hooking 'new' from [MainMenuView] (Origin: function: 0x034fd2b8)
04:06:40.504 [Lua] [MOD][state_your_name][INFO] (hook_safe): Hooking '_event_profiles_changed' from [MainMenuView] (Origin: function: 0x07041c80)
04:06:40.504 [Lua] [MOD][state_your_name][INFO] (hook): Hooking '_set_player_profile_information' from [MainMenuView] (Origin: function: 0x0a489138)
04:06:40.504 [Lua] [MOD][state_your_name][INFO] (hook_safe): Hooking 'update' from [MainMenuView] (Origin: function: 0x0faef898)
04:06:40.504 [Lua] [MOD][DMF][INFO] Attempting to hook 1 delayed hooks for object MainMenuView
04:06:40.504 [Lua] [MOD][LogMeIn][INFO] (hook_safe): Hooking '_set_waiting_for_profiles' from [MainMenuView] (Origin: function: 0x018867c8)
04:06:40.528 [Lua] INFO [BackendManager] title_request: GET /tracks/dec942ce-b6ba-439c-95e2-022c5d71394d
04:06:40.543 [Lua] INFO [ScriptWorld] Registering level named: "content/levels/ui/portrait/portrait" with id: 1
04:06:40.631 warning: [Profiler] [renderer] Stall 124 ms on frame 682: 
    RI::update_world 124 ms
        update_world 124 ms
            RenderWorld::update_state 124 ms
04:06:40.634 warning: [Profiler] [main] Stall 127 ms on frame 684: 
    Application::update 127 ms
04:06:40.644 [Lua] INFO [BackendManager] title_request: POST /store/3bb6409a-8e5c-4c57-9945-e2ca4874da07/dlc/reconcile?platform=steam
04:06:40.657 [Lua] INFO [BackendManager] title_request: GET /data/3bb6409a-8e5c-4c57-9945-e2ca4874da07/surveys/
04:06:40.657 [Lua] INFO [BackendManager] title_request: GET /data/3bb6409a-8e5c-4c57-9945-e2ca4874da07/orders/type/havoc
04:06:40.657 [Lua] INFO [BackendManager] title_request: GET /data/3bb6409a-8e5c-4c57-9945-e2ca4874da07/trackstate/dec942ce-b6ba-439c-95e2-022c5d71394d?errorOnEmpty=false
04:06:40.657 [Lua] INFO [BackendManager] title_request: GET /social
04:06:40.657 [Lua] INFO [BackendManager] title_request: GET /data/3bb6409a-8e5c-4c57-9945-e2ca4874da07/account/rewards/commendation?limit=1
04:06:40.657 [Lua] INFO [BackendManager] title_request: GET /data/3bb6409a-8e5c-4c57-9945-e2ca4874da07/account/mail?limit=100&source=news&includeTranslation=true&includeUnreadGlobal=true
04:06:40.657 [Lua] INFO [BackendManager] title_request: GET /data/3bb6409a-8e5c-4c57-9945-e2ca4874da07/account/wallets
04:06:40.657 [Lua] INFO [BackendManager] title_request: GET /data/3bb6409a-8e5c-4c57-9945-e2ca4874da07/account/mail?limit=100&source=event&includeTranslation=true&includeUnreadGlobal=true
04:06:40.657 [Lua] INFO [BackendManager] title_request: GET /data/3bb6409a-8e5c-4c57-9945-e2ca4874da07/progression
04:06:40.657 [Lua] INFO [BackendManager] title_request: GET /data/3bb6409a-8e5c-4c57-9945-e2ca4874da07/characters/86deca70-81fa-49cb-b331-56ada5adf6fd/wallets
04:06:40.816 [Lua] INFO [PartyImmateriumManager] Joined new strike team
04:06:40.844 [Lua] [MOD][extended_weapon_customization][INFO] disable_vfx_spawner_exclusion: content/items/weapons/player/ranged/flashlights/invisible_flashlight
04:06:40.844 [Lua] [MOD][extended_weapon_customization][INFO] sub attachment: [Unit '#ID[c54f4d16d170cfdb]'] name: flashlight_01 slot: flashlight_light
04:06:40.844 [Lua] [MOD][extended_weapon_customization][INFO] disable_vfx_spawner_exclusion: content/items/weapons/player/ranged/flashlights/invisible_flashlight
04:06:40.844 [Lua] [MOD][extended_weapon_customization][INFO] sub attachment: [Unit '#ID[c54f4d16d170cfdb]'] name: flashlight_01 slot: flashlight_light
04:06:40.867 [Vivox] Account login state change event: login_state_logged_in
04:06:40.867 [Vivox] Issuing request req_connector_get_local_audio_info
04:06:40.867 [Vivox] Issuing request req_aux_get_capture_devices
04:06:40.867 [Vivox] Issuing request req_connector_mute_local_mic
04:06:41.024 [Vivox] Issuing request req_connector_mute_local_mic
04:06:41.063 [Lua] INFO [BackendManager] title_request: GET /data/3bb6409a-8e5c-4c57-9945-e2ca4874da07/havoc/summary
04:06:41.331 [Lua] INFO [[DLCManager]] Leaving state: "idle"
04:06:41.331 [Lua] INFO [[DLCManager]] Entering state: "present_rewards"
04:06:41.343 [Lua] INFO [[DLCManager]] Leaving state: "present_rewards"
04:06:41.343 [Lua] INFO [[DLCManager]] Entering state: "idle"
04:06:41.440 [Lua] INFO [BackendManager] title_request: GET /social/3bb6409a-8e5c-4c57-9945-e2ca4874da07/friends
04:06:41.440 [Lua] INFO [BackendManager] title_request: GET /social/3bb6409a-8e5c-4c57-9945-e2ca4874da07/block
04:06:41.580 [Vivox] Issuing request req_connector_get_local_audio_info
04:06:41.827 [Lua] INFO [BackendManager] url_request: GET https://bsp-cdn-prod.atoma.cloud/news-images/depths-of-the-damned/kriegnewsfeedwide.png
04:06:41.827 [Lua] INFO [BackendManager] url_request: GET https://bsp-cdn-prod.atoma.cloud/news-images/skitarii/enemytwo.png
04:06:41.827 [Lua] INFO [BackendManager] url_request: GET https://bsp-cdn-prod.atoma.cloud/news-images/depths-of-the-damned/rottenarmornewsfeedingamewide.png
04:06:41.827 [Lua] INFO [BackendManager] url_request: GET https://bsp-cdn-prod.atoma.cloud/news-images/skitarii/dotd.png
04:06:42.864 [Lua] INFO [UIProfileSpawner] [cb_on_unit_3p_streaming_complete] unit: [Unit '#ID[f888cbd0f5a35360]']
04:06:43.127 [Lua] [MOD][extended_weapon_customization][INFO] disable_vfx_spawner_exclusion: content/items/weapons/player/ranged/barrels/syn_auto_carbine_barrel_01
04:06:43.127 [Lua] [MOD][extended_weapon_customization][INFO] sub attachment: [Unit '#ID[31283f04a03f96dc]'] name: syn_auto_carbine_barrel_01 slot: syn_barrel
04:06:43.128 [Lua] [MOD][extended_weapon_customization][INFO] sub attachment: [Unit '#ID[2ebc9da220b3bf95]'] name: syn_auto_carbine_barrel_01 slot: syn_barrel_1
04:06:43.128 [Lua] [MOD][extended_weapon_customization][INFO] sub attachment: [Unit '#ID[0502a54f028b79f2]'] name: syn_auto_carbine_barrel_01 slot: syn_barrel_2
04:06:43.128 [Lua] [MOD][extended_weapon_customization][INFO] sub attachment: [Unit '#ID[5908dc09ecf71c8c]'] name: syn_auto_carbine_barrel_01 slot: syn_barrel_3
04:06:43.128 [Lua] [MOD][extended_weapon_customization][INFO] disable_vfx_spawner_exclusion: content/items/weapons/player/ranged/barrels/syn_autogun_pistol_barrel_01
04:06:43.128 [Lua] [MOD][extended_weapon_customization][INFO] disable_vfx_spawner_exclusion: content/items/weapons/player/ranged/barrels/syn_lasgun_pistol_barrel_07
04:06:43.128 [Lua] [MOD][extended_weapon_customization][INFO] disable_vfx_spawner_exclusion: content/items/weapons/player/ranged/magazines/syn_autogun_rifle_magazine_03_single
04:06:43.128 [Lua] [MOD][extended_weapon_customization][INFO] sub attachment: [Unit '#ID[b5306c13c203decf]'] name: syn_autogun_rifle_magazine_03 slot: syn_magazine
04:06:43.128 [Lua] [MOD][extended_weapon_customization][INFO] sub attachment: [Unit '#ID[21bfd951c3d1b9fe]'] name: reflex_sight_02 slot: syn_sight
04:06:43.128 [Lua] [MOD][extended_weapon_customization][INFO] disable_vfx_spawner_exclusion: content/items/weapons/player/ranged/stocks/chonky_stock_01
04:06:43.128 [Lua] [MOD][extended_weapon_customization][INFO] sub attachment: [Unit '#ID[342e5b401e69d402]'] name: syn_reconstock_01 slot: cheek_rest
04:06:43.128 [Lua] [MOD][extended_weapon_customization][INFO] sub attachment: [Unit '#ID[b3126cfc8490476c]'] name: autogun_rifle_ak_stock_03 slot: stock_lower_connector
04:06:43.129 [Lua] [MOD][extended_weapon_customization][INFO] sub attachment: [Unit '#ID[b3126cfc8490476c]'] name: autogun_rifle_ak_stock_03 slot: stock_main_body
04:06:43.129 [Lua] [MOD][extended_weapon_customization][INFO] sub attachment: [Unit '#ID[b3126cfc8490476c]'] name: autogun_rifle_ak_stock_03 slot: stock_pad
04:06:43.129 [Lua] [MOD][extended_weapon_customization][INFO] sub attachment: [Unit '#ID[b80cc1a7cb9e4b3d]'] name: boltgun_pistol_grip_01 slot: thumbhole_curve
04:06:43.129 [Lua] [MOD][extended_weapon_customization][INFO] sub attachment: [Unit '#ID[823022eeaa893804]'] name: syn_vector_magwell_01 slot: syn_magwell
04:06:43.129 [Lua] [MOD][extended_weapon_customization][INFO] sub attachment: [Unit '#ID[823022eeaa893804]'] name: syn_vector_magwell_01 slot: syn_magwell_2
04:06:43.129 [Lua] [MOD][extended_weapon_customization][INFO] sub attachment: [Unit '#ID[3bd0d514701789d9]'] name: halo_ammo_counter_01 slot: empty_attachment_base
04:06:43.129 [Lua] [MOD][extended_weapon_customization][INFO] sub attachment: [Unit '#ID[15b2c1f6eb3cb079]'] name: thunder_hammer_head_07 slot: ammo_counter__body_more_filler
04:06:43.129 [Lua] [MOD][extended_weapon_customization][INFO] sub attachment: [Unit '#ID[7abb5fc7a4e06dcb]'] name: reflex_sight_03 slot: ammo_counter_base
04:06:43.129 [Lua] [MOD][extended_weapon_customization][INFO] sub attachment: [Unit '#ID[7abb5fc7a4e06dcb]'] name: reflex_sight_03 slot: ammo_counter_base2
04:06:43.129 [Lua] [MOD][extended_weapon_customization][INFO] sub attachment: [Unit '#ID[fc479b714671e66e]'] name: lasgun_rifle_krieg_receiver_04 slot: ammo_counter_bezel
04:06:43.129 [Lua] [MOD][extended_weapon_customization][INFO] sub attachment: [Unit '#ID[81ab760ce9307ea7]'] name: boltgun_pistol_receiver_01 slot: ammo_counter_bezel2
04:06:43.129 [Lua] [MOD][extended_weapon_customization][INFO] sub attachment: [Unit '#ID[81ab760ce9307ea7]'] name: boltgun_pistol_receiver_01 slot: ammo_counter_body
04:06:43.129 [Lua] [MOD][extended_weapon_customization][INFO] sub attachment: [Unit '#ID[342e5b401e69d402]'] name: syn_reconstock_01 slot: ammo_counter_body_back_to_plot
04:06:43.129 [Lua] [MOD][extended_weapon_customization][INFO] sub attachment: [Unit '#ID[0502a54f028b79f2]'] name: lasgun_rifle_barrel_01 slot: ammo_counter_body_filler
04:06:43.129 [Lua] [MOD][extended_weapon_customization][INFO] sub attachment: [Unit '#ID[5355764987273bee]'] name: power_sword_pommel_02 slot: ammo_counter_body_filler_arc
04:06:43.129 [Lua] [MOD][extended_weapon_customization][INFO] sub attachment: [Unit '#ID[342e5b401e69d402]'] name: syn_reconstock_01 slot: ammo_counter_body_sike_more_filler
04:06:43.129 [Lua] [MOD][extended_weapon_customization][INFO] sub attachment: [Unit '#ID[7fa02f99e882d983]'] name: lasgun_rifle_receiver_01 slot: ammo_counter_display
04:06:43.129 [Lua] [MOD][extended_weapon_customization][INFO] sub attachment: [Unit '#ID[7fa02f99e882d983]'] name: lasgun_rifle_receiver_01 slot: angled_side_panels
04:06:43.129 [Lua] [MOD][extended_weapon_customization][INFO] sub attachment: [Unit '#ID[a2cbd14849a2594a]'] name: halo_ammo_counter_01 slot: base_rail
04:06:43.129 [Lua] [MOD][extended_weapon_customization][INFO] sub attachment: [Unit '#ID[15b2c1f6eb3cb079]'] name: thunder_hammer_head_07 slot: bridge_connector
04:06:43.129 [Lua] [MOD][extended_weapon_customization][INFO] sub attachment: [Unit '#ID[5355764987273bee]'] name: power_sword_pommel_02 slot: front_slope_end
04:06:43.129 [Lua] [MOD][extended_weapon_customization][INFO] sub attachment: [Unit '#ID[5355764987273bee]'] name: power_sword_pommel_02 slot: front_slope_left
04:06:43.130 [Lua] [MOD][extended_weapon_customization][INFO] sub attachment: [Unit '#ID[5355764987273bee]'] name: power_sword_pommel_02 slot: front_slope_right
04:06:43.130 [Lua] [MOD][extended_weapon_customization][INFO] sub attachment: [Unit '#ID[9c5a887504ca3a62]'] name: lasgun_rifle_elysian_barrel_05 slot: greebly_bit_left
04:06:43.130 [Lua] [MOD][extended_weapon_customization][INFO] sub attachment: [Unit '#ID[9c5a887504ca3a62]'] name: lasgun_rifle_elysian_barrel_05 slot: greebly_bit_right
04:06:43.130 [Lua] [MOD][extended_weapon_customization][INFO] sub attachment: [Unit '#ID[dcdd3fd7e5114825]'] name: axe_pommel_03 slot: greebly_cap
04:06:43.130 [Lua] [MOD][extended_weapon_customization][INFO] sub attachment: [Unit '#ID[0502a54f028b79f2]'] name: lasgun_rifle_barrel_01 slot: more_straight_side_panels
04:06:43.130 [Lua] [MOD][extended_weapon_customization][INFO] sub attachment: [Unit '#ID[2cb228d0e79c0fd0]'] name: lasgun_rifle_sight_01 slot: sight_mount_area
04:06:43.130 [Lua] [MOD][extended_weapon_customization][INFO] sub attachment: [Unit '#ID[28b6c13f12abb8b8]'] name: thunder_hammer_head_04 slot: sight_mount_area2
04:06:43.130 [Lua] [MOD][extended_weapon_customization][INFO] sub attachment: [Unit '#ID[15b2c1f6eb3cb079]'] name: thunder_hammer_head_07 slot: slope_middle
04:06:43.130 [Lua] [MOD][extended_weapon_customization][INFO] sub attachment: [Unit '#ID[5355764987273bee]'] name: power_sword_pommel_02 slot: slope_rear
04:06:43.130 [Lua] [MOD][extended_weapon_customization][INFO] sub attachment: [Unit '#ID[0502a54f028b79f2]'] name: lasgun_rifle_barrel_01 slot: straight_side_panels
04:06:43.130 [Lua] [MOD][extended_weapon_customization][INFO] disable_vfx_spawner_exclusion: content/items/weapons/player/ranged/sights/combat_shotgun_sight_02
04:06:43.132 [Lua] [MOD][extended_weapon_customization][INFO] disable_vfx_spawner_exclusion: content/items/weapons/player/ranged/barrels/syn_auto_carbine_barrel_01
04:06:43.132 [Lua] [MOD][extended_weapon_customization][INFO] sub attachment: [Unit '#ID[31283f04a03f96dc]'] name: syn_auto_carbine_barrel_01 slot: syn_barrel
04:06:43.132 [Lua] [MOD][extended_weapon_customization][INFO] sub attachment: [Unit '#ID[2ebc9da220b3bf95]'] name: syn_auto_carbine_barrel_01 slot: syn_barrel_1
04:06:43.132 [Lua] [MOD][extended_weapon_customization][INFO] sub attachment: [Unit '#ID[0502a54f028b79f2]'] name: syn_auto_carbine_barrel_01 slot: syn_barrel_2
04:06:43.132 [Lua] [MOD][extended_weapon_customization][INFO] sub attachment: [Unit '#ID[5908dc09ecf71c8c]'] name: syn_auto_carbine_barrel_01 slot: syn_barrel_3
04:06:43.132 [Lua] [MOD][extended_weapon_customization][INFO] disable_vfx_spawner_exclusion: content/items/weapons/player/ranged/barrels/syn_autogun_pistol_barrel_01
04:06:43.132 [Lua] [MOD][extended_weapon_customization][INFO] disable_vfx_spawner_exclusion: content/items/weapons/player/ranged/barrels/syn_lasgun_pistol_barrel_07
04:06:43.132 [Lua] [MOD][extended_weapon_customization][INFO] disable_vfx_spawner_exclusion: content/items/weapons/player/ranged/magazines/syn_autogun_rifle_magazine_03_single
04:06:43.132 [Lua] [MOD][extended_weapon_customization][INFO] sub attachment: [Unit '#ID[b5306c13c203decf]'] name: syn_autogun_rifle_magazine_03 slot: syn_magazine
04:06:43.133 [Lua] [MOD][extended_weapon_customization][INFO] sub attachment: [Unit '#ID[21bfd951c3d1b9fe]'] name: reflex_sight_02 slot: syn_sight
04:06:43.133 [Lua] [MOD][extended_weapon_customization][INFO] disable_vfx_spawner_exclusion: content/items/weapons/player/ranged/stocks/chonky_stock_01
04:06:43.133 [Lua] [MOD][extended_weapon_customization][INFO] sub attachment: [Unit '#ID[342e5b401e69d402]'] name: syn_reconstock_01 slot: cheek_rest
04:06:43.133 [Lua] [MOD][extended_weapon_customization][INFO] sub attachment: [Unit '#ID[b3126cfc8490476c]'] name: autogun_rifle_ak_stock_03 slot: stock_lower_connector
04:06:43.133 [Lua] [MOD][extended_weapon_customization][INFO] sub attachment: [Unit '#ID[b3126cfc8490476c]'] name: autogun_rifle_ak_stock_03 slot: stock_main_body
04:06:43.133 [Lua] [MOD][extended_weapon_customization][INFO] sub attachment: [Unit '#ID[b3126cfc8490476c]'] name: autogun_rifle_ak_stock_03 slot: stock_pad
04:06:43.133 [Lua] [MOD][extended_weapon_customization][INFO] sub attachment: [Unit '#ID[b80cc1a7cb9e4b3d]'] name: boltgun_pistol_grip_01 slot: thumbhole_curve
04:06:43.133 [Lua] [MOD][extended_weapon_customization][INFO] sub attachment: [Unit '#ID[823022eeaa893804]'] name: syn_vector_magwell_01 slot: syn_magwell
04:06:43.133 [Lua] [MOD][extended_weapon_customization][INFO] sub attachment: [Unit '#ID[823022eeaa893804]'] name: syn_vector_magwell_01 slot: syn_magwell_2
04:06:43.133 [Lua] [MOD][extended_weapon_customization][INFO] sub attachment: [Unit '#ID[3bd0d514701789d9]'] name: halo_ammo_counter_01 slot: empty_attachment_base
04:06:43.133 [Lua] [MOD][extended_weapon_customization][INFO] sub attachment: [Unit '#ID[15b2c1f6eb3cb079]'] name: thunder_hammer_head_07 slot: ammo_counter__body_more_filler
04:06:43.133 [Lua] [MOD][extended_weapon_customization][INFO] sub attachment: [Unit '#ID[7abb5fc7a4e06dcb]'] name: reflex_sight_03 slot: ammo_counter_base
04:06:43.133 [Lua] [MOD][extended_weapon_customization][INFO] sub attachment: [Unit '#ID[7abb5fc7a4e06dcb]'] name: reflex_sight_03 slot: ammo_counter_base2
04:06:43.133 [Lua] [MOD][extended_weapon_customization][INFO] sub attachment: [Unit '#ID[fc479b714671e66e]'] name: lasgun_rifle_krieg_receiver_04 slot: ammo_counter_bezel
04:06:43.133 [Lua] [MOD][extended_weapon_customization][INFO] sub attachment: [Unit '#ID[81ab760ce9307ea7]'] name: boltgun_pistol_receiver_01 slot: ammo_counter_bezel2
04:06:43.133 [Lua] [MOD][extended_weapon_customization][INFO] sub attachment: [Unit '#ID[81ab760ce9307ea7]'] name: boltgun_pistol_receiver_01 slot: ammo_counter_body
04:06:43.134 [Lua] [MOD][extended_weapon_customization][INFO] sub attachment: [Unit '#ID[342e5b401e69d402]'] name: syn_reconstock_01 slot: ammo_counter_body_back_to_plot
04:06:43.134 [Lua] [MOD][extended_weapon_customization][INFO] sub attachment: [Unit '#ID[0502a54f028b79f2]'] name: lasgun_rifle_barrel_01 slot: ammo_counter_body_filler
04:06:43.134 [Lua] [MOD][extended_weapon_customization][INFO] sub attachment: [Unit '#ID[5355764987273bee]'] name: power_sword_pommel_02 slot: ammo_counter_body_filler_arc
04:06:43.134 [Lua] [MOD][extended_weapon_customization][INFO] sub attachment: [Unit '#ID[342e5b401e69d402]'] name: syn_reconstock_01 slot: ammo_counter_body_sike_more_filler
04:06:43.134 [Lua] [MOD][extended_weapon_customization][INFO] sub attachment: [Unit '#ID[7fa02f99e882d983]'] name: lasgun_rifle_receiver_01 slot: ammo_counter_display
04:06:43.134 [Lua] [MOD][extended_weapon_customization][INFO] sub attachment: [Unit '#ID[7fa02f99e882d983]'] name: lasgun_rifle_receiver_01 slot: angled_side_panels
04:06:43.134 [Lua] [MOD][extended_weapon_customization][INFO] sub attachment: [Unit '#ID[a2cbd14849a2594a]'] name: halo_ammo_counter_01 slot: base_rail
04:06:43.134 [Lua] [MOD][extended_weapon_customization][INFO] sub attachment: [Unit '#ID[15b2c1f6eb3cb079]'] name: thunder_hammer_head_07 slot: bridge_connector
04:06:43.134 [Lua] [MOD][extended_weapon_customization][INFO] sub attachment: [Unit '#ID[5355764987273bee]'] name: power_sword_pommel_02 slot: front_slope_end
04:06:43.134 [Lua] [MOD][extended_weapon_customization][INFO] sub attachment: [Unit '#ID[5355764987273bee]'] name: power_sword_pommel_02 slot: front_slope_left
04:06:43.134 [Lua] [MOD][extended_weapon_customization][INFO] sub attachment: [Unit '#ID[5355764987273bee]'] name: power_sword_pommel_02 slot: front_slope_right
04:06:43.134 [Lua] [MOD][extended_weapon_customization][INFO] sub attachment: [Unit '#ID[9c5a887504ca3a62]'] name: lasgun_rifle_elysian_barrel_05 slot: greebly_bit_left
04:06:43.134 [Lua] [MOD][extended_weapon_customization][INFO] sub attachment: [Unit '#ID[9c5a887504ca3a62]'] name: lasgun_rifle_elysian_barrel_05 slot: greebly_bit_right
04:06:43.134 [Lua] [MOD][extended_weapon_customization][INFO] sub attachment: [Unit '#ID[dcdd3fd7e5114825]'] name: axe_pommel_03 slot: greebly_cap
04:06:43.134 [Lua] [MOD][extended_weapon_customization][INFO] sub attachment: [Unit '#ID[0502a54f028b79f2]'] name: lasgun_rifle_barrel_01 slot: more_straight_side_panels
04:06:43.134 [Lua] [MOD][extended_weapon_customization][INFO] sub attachment: [Unit '#ID[2cb228d0e79c0fd0]'] name: lasgun_rifle_sight_01 slot: sight_mount_area
04:06:43.134 [Lua] [MOD][extended_weapon_customization][INFO] sub attachment: [Unit '#ID[28b6c13f12abb8b8]'] name: thunder_hammer_head_04 slot: sight_mount_area2
04:06:43.134 [Lua] [MOD][extended_weapon_customization][INFO] sub attachment: [Unit '#ID[15b2c1f6eb3cb079]'] name: thunder_hammer_head_07 slot: slope_middle
04:06:43.134 [Lua] [MOD][extended_weapon_customization][INFO] sub attachment: [Unit '#ID[5355764987273bee]'] name: power_sword_pommel_02 slot: slope_rear
04:06:43.134 [Lua] [MOD][extended_weapon_customization][INFO] sub attachment: [Unit '#ID[0502a54f028b79f2]'] name: lasgun_rifle_barrel_01 slot: straight_side_panels
04:06:43.134 [Lua] [MOD][extended_weapon_customization][INFO] disable_vfx_spawner_exclusion: content/items/weapons/player/ranged/sights/combat_shotgun_sight_02
04:06:45.141 [Lua] INFO [UIProfileSpawner] [cb_on_unit_3p_streaming_complete] unit: [Unit '#ID[f888cbd0f5a35360]']
04:06:45.415 [Lua] [MOD][extended_weapon_customization][INFO] disable_vfx_spawner_exclusion: content/items/weapons/player/ranged/receivers/custom_autopistol_01_left
04:06:45.415 [Lua] [MOD][extended_weapon_customization][INFO] sub attachment: [Unit '#ID[2598ffedcd4b5f59]'] name: custom_autopistol_01_left slot: receiver_left
04:06:45.416 [Lua] [MOD][extended_weapon_customization][INFO] sub attachment: [Unit '#ID[3bd0d514701789d9]'] name: custom_autopistol_01_left slot: firebreak_containment
04:06:45.416 [Lua] [MOD][extended_weapon_customization][INFO] sub attachment: [Unit '#ID[7fa02f99e882d983]'] name: lasgun_rifle_receiver_01 slot: ammo_counter_display
04:06:45.416 [Lua] [MOD][extended_weapon_customization][INFO] sub attachment: [Unit '#ID[224cf457547af89a]'] name: shotgun_rifle_barrel_01 slot: barrel_housing
04:06:45.416 [Lua] [MOD][extended_weapon_customization][INFO] sub attachment: [Unit '#ID[c3d4d4cb3f25508f]'] name: autogun_rifle_ak_muzzle_03 slot: barrel_that_sticks_out
04:06:45.416 [Lua] [MOD][extended_weapon_customization][INFO] sub attachment: [Unit '#ID[81ab760ce9307ea7]'] name: boltgun_pistol_receiver_01 slot: body_left
04:06:45.416 [Lua] [MOD][extended_weapon_customization][INFO] sub attachment: [Unit '#ID[81ab760ce9307ea7]'] name: boltgun_pistol_receiver_01 slot: body_right
04:06:45.416 [Lua] [MOD][extended_weapon_customization][INFO] sub attachment: [Unit '#ID[6f86ad90b50b6147]'] name: lasgun_pistol_rail_01 slot: decorative_rail
04:06:45.416 [Lua] [MOD][extended_weapon_customization][INFO] sub attachment: [Unit '#ID[5355764987273bee]'] name: power_sword_pommel_02 slot: end_cap
04:06:45.416 [Lua] [MOD][extended_weapon_customization][INFO] sub attachment: [Unit '#ID[55324177728f2c2f]'] name: shotgun_rifle_sight_01 slot: end_cap_sequel
04:06:45.416 [Lua] [MOD][extended_weapon_customization][INFO] sub attachment: [Unit '#ID[4d08a7d99b4b9802]'] name: combat_blade_handle_04 slot: foregrip
04:06:45.416 [Lua] [MOD][extended_weapon_customization][INFO] sub attachment: [Unit '#ID[7abb5fc7a4e06dcb]'] name: reflex_sight_03 slot: glare_shields
04:06:45.416 [Lua] [MOD][extended_weapon_customization][INFO] sub attachment: [Unit '#ID[dcdd3fd7e5114825]'] name: axe_pommel_03 slot: hide_the_jank
04:06:45.416 [Lua] [MOD][extended_weapon_customization][INFO] sub attachment: [Unit '#ID[0502a54f028b79f2]'] name: lasgun_rifle_barrel_01 slot: side_panels
04:06:45.416 [Lua] [MOD][extended_weapon_customization][INFO] sub attachment: [Unit '#ID[15b2c1f6eb3cb079]'] name: thunder_hammer_head_07 slot: under_under_underbarrel
04:06:45.416 [Lua] [MOD][extended_weapon_customization][INFO] sub attachment: [Unit '#ID[5908dc09ecf71c8c]'] name: syn_boltgun_rifle_underbarrel_03 slot: under_underbarrel
04:06:45.416 [Lua] [MOD][extended_weapon_customization][INFO] sub attachment: [Unit '#ID[6ce96fc8fda3ccc3]'] name: autogun_pistol_barrel_02 slot: underbarrel_big
04:06:45.416 [Lua] [MOD][extended_weapon_customization][INFO] sub attachment: [Unit '#ID[1dc456e1b75bd677]'] name: custom_autopistol_01_left slot: omnissiah_addon
04:06:45.416 [Lua] [MOD][extended_weapon_customization][INFO] sub attachment: [Unit '#ID[7a3bb436e233f796]'] name: autogun_pistol_compact_barrel_01 slot: omnissiah_barrel
04:06:45.416 [Lua] [MOD][extended_weapon_customization][INFO] sub attachment: [Unit '#ID[9d50560c082d1cde]'] name: custom_autopistol_01_left slot: omnissiah_grip
04:06:45.416 [Lua] [MOD][extended_weapon_customization][INFO] sub attachment: [Unit '#ID[7c11b73782b73b2a]'] name: custom_autopistol_01_left slot: omnissiah_magazine
04:06:45.417 [Lua] [MOD][extended_weapon_customization][INFO] disable_vfx_spawner_exclusion: content/items/weapons/player/ranged/stocks/autopistol_thumbstock_01
04:06:45.417 [Lua] [MOD][extended_weapon_customization][INFO] sub attachment: [Unit '#ID[58a4e79b5eb17213]'] name: syn_shotgun_pump_action_underbarrel_01 slot: cheek_rest
04:06:45.417 [Lua] [MOD][extended_weapon_customization][INFO] sub attachment: [Unit '#ID[b3126cfc8490476c]'] name: autogun_rifle_ak_stock_03 slot: stock_lower_bit
04:06:45.417 [Lua] [MOD][extended_weapon_customization][INFO] sub attachment: [Unit '#ID[b3126cfc8490476c]'] name: autogun_rifle_ak_stock_03 slot: stock_main
04:06:45.417 [Lua] [MOD][extended_weapon_customization][INFO] sub attachment: [Unit '#ID[b3126cfc8490476c]'] name: autogun_rifle_ak_stock_03 slot: stock_pad
04:06:45.417 [Lua] [MOD][extended_weapon_customization][INFO] sub attachment: [Unit '#ID[b80cc1a7cb9e4b3d]'] name: boltgun_pistol_grip_01 slot: thumbhole_curve
04:06:45.417 [Lua] [MOD][extended_weapon_customization][INFO] sub attachment: [Unit '#ID[b80cc1a7cb9e4b3d]'] name: boltgun_pistol_grip_01 slot: thumbhole_curve2
04:06:45.417 [Lua] [MOD][extended_weapon_customization][INFO] disable_vfx_spawner_exclusion: content/items/weapons/player/ranged/receivers/custom_autopistol_01_right
04:06:45.417 [Lua] [MOD][extended_weapon_customization][INFO] sub attachment: [Unit '#ID[2598ffedcd4b5f59]'] name: custom_autopistol_01_right slot: receiver_right
04:06:45.417 [Lua] [MOD][extended_weapon_customization][INFO] sub attachment: [Unit '#ID[3bd0d514701789d9]'] name: custom_autopistol_01_right slot: firebreak_containment
04:06:45.417 [Lua] [MOD][extended_weapon_customization][INFO] sub attachment: [Unit '#ID[7fa02f99e882d983]'] name: lasgun_rifle_receiver_01 slot: ammo_counter_display
04:06:45.417 [Lua] [MOD][extended_weapon_customization][INFO] sub attachment: [Unit '#ID[224cf457547af89a]'] name: shotgun_rifle_barrel_01 slot: barrel_housing
04:06:45.417 [Lua] [MOD][extended_weapon_customization][INFO] sub attachment: [Unit '#ID[c3d4d4cb3f25508f]'] name: autogun_rifle_ak_muzzle_03 slot: barrel_that_sticks_out
04:06:45.417 [Lua] [MOD][extended_weapon_customization][INFO] sub attachment: [Unit '#ID[81ab760ce9307ea7]'] name: boltgun_pistol_receiver_01 slot: body_left
04:06:45.417 [Lua] [MOD][extended_weapon_customization][INFO] sub attachment: [Unit '#ID[81ab760ce9307ea7]'] name: boltgun_pistol_receiver_01 slot: body_right
04:06:45.418 [Lua] [MOD][extended_weapon_customization][INFO] sub attachment: [Unit '#ID[6f86ad90b50b6147]'] name: lasgun_pistol_rail_01 slot: decorative_rail
04:06:45.418 [Lua] [MOD][extended_weapon_customization][INFO] sub attachment: [Unit '#ID[5355764987273bee]'] name: power_sword_pommel_02 slot: end_cap
04:06:45.418 [Lua] [MOD][extended_weapon_customization][INFO] sub attachment: [Unit '#ID[55324177728f2c2f]'] name: shotgun_rifle_sight_01 slot: end_cap_sequel
04:06:45.418 [Lua] [MOD][extended_weapon_customization][INFO] sub attachment: [Unit '#ID[4d08a7d99b4b9802]'] name: combat_blade_handle_04 slot: foregrip
04:06:45.418 [Lua] [MOD][extended_weapon_customization][INFO] sub attachment: [Unit '#ID[7abb5fc7a4e06dcb]'] name: reflex_sight_03 slot: glare_shields
04:06:45.418 [Lua] [MOD][extended_weapon_customization][INFO] sub attachment: [Unit '#ID[dcdd3fd7e5114825]'] name: axe_pommel_03 slot: hide_the_jank
04:06:45.418 [Lua] [MOD][extended_weapon_customization][INFO] sub attachment: [Unit '#ID[0502a54f028b79f2]'] name: lasgun_rifle_barrel_01 slot: side_panels
04:06:45.418 [Lua] [MOD][extended_weapon_customization][INFO] sub attachment: [Unit '#ID[15b2c1f6eb3cb079]'] name: thunder_hammer_head_07 slot: under_under_underbarrel
04:06:45.418 [Lua] [MOD][extended_weapon_customization][INFO] sub attachment: [Unit '#ID[5908dc09ecf71c8c]'] name: syn_boltgun_rifle_underbarrel_03 slot: under_underbarrel
04:06:45.418 [Lua] [MOD][extended_weapon_customization][INFO] sub attachment: [Unit '#ID[6ce96fc8fda3ccc3]'] name: autogun_pistol_barrel_02 slot: underbarrel_big
04:06:45.418 [Lua] [MOD][extended_weapon_customization][INFO] sub attachment: [Unit '#ID[1dc456e1b75bd677]'] name: custom_autopistol_01_right slot: omnissiah_addon
04:06:45.418 [Lua] [MOD][extended_weapon_customization][INFO] sub attachment: [Unit '#ID[7a3bb436e233f796]'] name: autogun_pistol_compact_barrel_01 slot: omnissiah_barrel
04:06:45.418 [Lua] [MOD][extended_weapon_customization][INFO] sub attachment: [Unit '#ID[9d50560c082d1cde]'] name: custom_autopistol_01_right slot: omnissiah_grip
04:06:45.418 [Lua] [MOD][extended_weapon_customization][INFO] sub attachment: [Unit '#ID[7c11b73782b73b2a]'] name: custom_autopistol_01_right slot: omnissiah_magazine
04:06:45.418 [Lua] [MOD][extended_weapon_customization][INFO] disable_vfx_spawner_exclusion: content/items/weapons/player/ranged/stocks/autopistol_thumbstock_01
04:06:45.418 [Lua] [MOD][extended_weapon_customization][INFO] sub attachment: [Unit '#ID[58a4e79b5eb17213]'] name: syn_shotgun_pump_action_underbarrel_01 slot: cheek_rest
04:06:45.419 [Lua] [MOD][extended_weapon_customization][INFO] sub attachment: [Unit '#ID[b3126cfc8490476c]'] name: autogun_rifle_ak_stock_03 slot: stock_lower_bit
04:06:45.419 [Lua] [MOD][extended_weapon_customization][INFO] sub attachment: [Unit '#ID[b3126cfc8490476c]'] name: autogun_rifle_ak_stock_03 slot: stock_main
04:06:45.419 [Lua] [MOD][extended_weapon_customization][INFO] sub attachment: [Unit '#ID[b3126cfc8490476c]'] name: autogun_rifle_ak_stock_03 slot: stock_pad
04:06:45.419 [Lua] [MOD][extended_weapon_customization][INFO] sub attachment: [Unit '#ID[b80cc1a7cb9e4b3d]'] name: boltgun_pistol_grip_01 slot: thumbhole_curve
04:06:45.419 [Lua] [MOD][extended_weapon_customization][INFO] sub attachment: [Unit '#ID[b80cc1a7cb9e4b3d]'] name: boltgun_pistol_grip_01 slot: thumbhole_curve2
04:06:45.421 [Lua] [MOD][extended_weapon_customization][INFO] disable_vfx_spawner_exclusion: content/items/weapons/player/ranged/receivers/custom_autopistol_01_left
04:06:45.421 [Lua] [MOD][extended_weapon_customization][INFO] sub attachment: [Unit '#ID[2598ffedcd4b5f59]'] name: custom_autopistol_01_left slot: receiver_left
04:06:45.421 [Lua] [MOD][extended_weapon_customization][INFO] sub attachment: [Unit '#ID[3bd0d514701789d9]'] name: custom_autopistol_01_left slot: firebreak_containment
04:06:45.421 [Lua] [MOD][extended_weapon_customization][INFO] sub attachment: [Unit '#ID[7fa02f99e882d983]'] name: lasgun_rifle_receiver_01 slot: ammo_counter_display
04:06:45.421 [Lua] [MOD][extended_weapon_customization][INFO] sub attachment: [Unit '#ID[224cf457547af89a]'] name: shotgun_rifle_barrel_01 slot: barrel_housing
04:06:45.421 [Lua] [MOD][extended_weapon_customization][INFO] sub attachment: [Unit '#ID[c3d4d4cb3f25508f]'] name: autogun_rifle_ak_muzzle_03 slot: barrel_that_sticks_out
04:06:45.421 [Lua] [MOD][extended_weapon_customization][INFO] sub attachment: [Unit '#ID[81ab760ce9307ea7]'] name: boltgun_pistol_receiver_01 slot: body_left
04:06:45.421 [Lua] [MOD][extended_weapon_customization][INFO] sub attachment: [Unit '#ID[81ab760ce9307ea7]'] name: boltgun_pistol_receiver_01 slot: body_right
04:06:45.421 [Lua] [MOD][extended_weapon_customization][INFO] sub attachment: [Unit '#ID[6f86ad90b50b6147]'] name: lasgun_pistol_rail_01 slot: decorative_rail
04:06:45.421 [Lua] [MOD][extended_weapon_customization][INFO] sub attachment: [Unit '#ID[5355764987273bee]'] name: power_sword_pommel_02 slot: end_cap
04:06:45.421 [Lua] [MOD][extended_weapon_customization][INFO] sub attachment: [Unit '#ID[55324177728f2c2f]'] name: shotgun_rifle_sight_01 slot: end_cap_sequel
04:06:45.421 [Lua] [MOD][extended_weapon_customization][INFO] sub attachment: [Unit '#ID[4d08a7d99b4b9802]'] name: combat_blade_handle_04 slot: foregrip
04:06:45.421 [Lua] [MOD][extended_weapon_customization][INFO] sub attachment: [Unit '#ID[7abb5fc7a4e06dcb]'] name: reflex_sight_03 slot: glare_shields
04:06:45.421 [Lua] [MOD][extended_weapon_customization][INFO] sub attachment: [Unit '#ID[dcdd3fd7e5114825]'] name: axe_pommel_03 slot: hide_the_jank
04:06:45.421 [Lua] [MOD][extended_weapon_customization][INFO] sub attachment: [Unit '#ID[0502a54f028b79f2]'] name: lasgun_rifle_barrel_01 slot: side_panels
04:06:45.421 [Lua] [MOD][extended_weapon_customization][INFO] sub attachment: [Unit '#ID[15b2c1f6eb3cb079]'] name: thunder_hammer_head_07 slot: under_under_underbarrel
04:06:45.421 [Lua] [MOD][extended_weapon_customization][INFO] sub attachment: [Unit '#ID[5908dc09ecf71c8c]'] name: syn_boltgun_rifle_underbarrel_03 slot: under_underbarrel
04:06:45.421 [Lua] [MOD][extended_weapon_customization][INFO] sub attachment: [Unit '#ID[6ce96fc8fda3ccc3]'] name: autogun_pistol_barrel_02 slot: underbarrel_big
04:06:45.422 [Lua] [MOD][extended_weapon_customization][INFO] sub attachment: [Unit '#ID[1dc456e1b75bd677]'] name: custom_autopistol_01_left slot: omnissiah_addon
04:06:45.422 [Lua] [MOD][extended_weapon_customization][INFO] sub attachment: [Unit '#ID[7a3bb436e233f796]'] name: autogun_pistol_compact_barrel_01 slot: omnissiah_barrel
04:06:45.422 [Lua] [MOD][extended_weapon_customization][INFO] sub attachment: [Unit '#ID[9d50560c082d1cde]'] name: custom_autopistol_01_left slot: omnissiah_grip
04:06:45.422 [Lua] [MOD][extended_weapon_customization][INFO] sub attachment: [Unit '#ID[7c11b73782b73b2a]'] name: custom_autopistol_01_left slot: omnissiah_magazine
04:06:45.422 [Lua] [MOD][extended_weapon_customization][INFO] disable_vfx_spawner_exclusion: content/items/weapons/player/ranged/stocks/autopistol_thumbstock_01
04:06:45.422 [Lua] [MOD][extended_weapon_customization][INFO] sub attachment: [Unit '#ID[58a4e79b5eb17213]'] name: syn_shotgun_pump_action_underbarrel_01 slot: cheek_rest
04:06:45.422 [Lua] [MOD][extended_weapon_customization][INFO] sub attachment: [Unit '#ID[b3126cfc8490476c]'] name: autogun_rifle_ak_stock_03 slot: stock_lower_bit
04:06:45.422 [Lua] [MOD][extended_weapon_customization][INFO] sub attachment: [Unit '#ID[b3126cfc8490476c]'] name: autogun_rifle_ak_stock_03 slot: stock_main
04:06:45.423 [Lua] [MOD][extended_weapon_customization][INFO] sub attachment: [Unit '#ID[b3126cfc8490476c]'] name: autogun_rifle_ak_stock_03 slot: stock_pad
04:06:45.423 [Lua] [MOD][extended_weapon_customization][INFO] sub attachment: [Unit '#ID[b80cc1a7cb9e4b3d]'] name: boltgun_pistol_grip_01 slot: thumbhole_curve
04:06:45.423 [Lua] [MOD][extended_weapon_customization][INFO] sub attachment: [Unit '#ID[b80cc1a7cb9e4b3d]'] name: boltgun_pistol_grip_01 slot: thumbhole_curve2
04:06:45.423 [Lua] [MOD][extended_weapon_customization][INFO] disable_vfx_spawner_exclusion: content/items/weapons/player/ranged/receivers/custom_autopistol_01_right
04:06:45.423 [Lua] [MOD][extended_weapon_customization][INFO] sub attachment: [Unit '#ID[2598ffedcd4b5f59]'] name: custom_autopistol_01_right slot: receiver_right
04:06:45.423 [Lua] [MOD][extended_weapon_customization][INFO] sub attachment: [Unit '#ID[3bd0d514701789d9]'] name: custom_autopistol_01_right slot: firebreak_containment
04:06:45.423 [Lua] [MOD][extended_weapon_customization][INFO] sub attachment: [Unit '#ID[7fa02f99e882d983]'] name: lasgun_rifle_receiver_01 slot: ammo_counter_display
04:06:45.423 [Lua] [MOD][extended_weapon_customization][INFO] sub attachment: [Unit '#ID[224cf457547af89a]'] name: shotgun_rifle_barrel_01 slot: barrel_housing
04:06:45.423 [Lua] [MOD][extended_weapon_customization][INFO] sub attachment: [Unit '#ID[c3d4d4cb3f25508f]'] name: autogun_rifle_ak_muzzle_03 slot: barrel_that_sticks_out
04:06:45.423 [Lua] [MOD][extended_weapon_customization][INFO] sub attachment: [Unit '#ID[81ab760ce9307ea7]'] name: boltgun_pistol_receiver_01 slot: body_left
04:06:45.423 [Lua] [MOD][extended_weapon_customization][INFO] sub attachment: [Unit '#ID[81ab760ce9307ea7]'] name: boltgun_pistol_receiver_01 slot: body_right
04:06:45.423 [Lua] [MOD][extended_weapon_customization][INFO] sub attachment: [Unit '#ID[6f86ad90b50b6147]'] name: lasgun_pistol_rail_01 slot: decorative_rail
04:06:45.423 [Lua] [MOD][extended_weapon_customization][INFO] sub attachment: [Unit '#ID[5355764987273bee]'] name: power_sword_pommel_02 slot: end_cap
04:06:45.423 [Lua] [MOD][extended_weapon_customization][INFO] sub attachment: [Unit '#ID[55324177728f2c2f]'] name: shotgun_rifle_sight_01 slot: end_cap_sequel
04:06:45.423 [Lua] [MOD][extended_weapon_customization][INFO] sub attachment: [Unit '#ID[4d08a7d99b4b9802]'] name: combat_blade_handle_04 slot: foregrip
04:06:45.423 [Lua] [MOD][extended_weapon_customization][INFO] sub attachment: [Unit '#ID[7abb5fc7a4e06dcb]'] name: reflex_sight_03 slot: glare_shields
04:06:45.423 [Lua] [MOD][extended_weapon_customization][INFO] sub attachment: [Unit '#ID[dcdd3fd7e5114825]'] name: axe_pommel_03 slot: hide_the_jank
04:06:45.423 [Lua] [MOD][extended_weapon_customization][INFO] sub attachment: [Unit '#ID[0502a54f028b79f2]'] name: lasgun_rifle_barrel_01 slot: side_panels
04:06:45.423 [Lua] [MOD][extended_weapon_customization][INFO] sub attachment: [Unit '#ID[15b2c1f6eb3cb079]'] name: thunder_hammer_head_07 slot: under_under_underbarrel
04:06:45.423 [Lua] [MOD][extended_weapon_customization][INFO] sub attachment: [Unit '#ID[5908dc09ecf71c8c]'] name: syn_boltgun_rifle_underbarrel_03 slot: under_underbarrel
04:06:45.423 [Lua] [MOD][extended_weapon_customization][INFO] sub attachment: [Unit '#ID[6ce96fc8fda3ccc3]'] name: autogun_pistol_barrel_02 slot: underbarrel_big
04:06:45.423 [Lua] [MOD][extended_weapon_customization][INFO] sub attachment: [Unit '#ID[1dc456e1b75bd677]'] name: custom_autopistol_01_right slot: omnissiah_addon
04:06:45.423 [Lua] [MOD][extended_weapon_customization][INFO] sub attachment: [Unit '#ID[7a3bb436e233f796]'] name: autogun_pistol_compact_barrel_01 slot: omnissiah_barrel
04:06:45.424 [Lua] [MOD][extended_weapon_customization][INFO] sub attachment: [Unit '#ID[9d50560c082d1cde]'] name: custom_autopistol_01_right slot: omnissiah_grip
04:06:45.424 [Lua] [MOD][extended_weapon_customization][INFO] sub attachment: [Unit '#ID[7c11b73782b73b2a]'] name: custom_autopistol_01_right slot: omnissiah_magazine
04:06:45.424 [Lua] [MOD][extended_weapon_customization][INFO] disable_vfx_spawner_exclusion: content/items/weapons/player/ranged/stocks/autopistol_thumbstock_01
04:06:45.424 [Lua] [MOD][extended_weapon_customization][INFO] sub attachment: [Unit '#ID[58a4e79b5eb17213]'] name: syn_shotgun_pump_action_underbarrel_01 slot: cheek_rest
04:06:45.424 [Lua] [MOD][extended_weapon_customization][INFO] sub attachment: [Unit '#ID[b3126cfc8490476c]'] name: autogun_rifle_ak_stock_03 slot: stock_lower_bit
04:06:45.424 [Lua] [MOD][extended_weapon_customization][INFO] sub attachment: [Unit '#ID[b3126cfc8490476c]'] name: autogun_rifle_ak_stock_03 slot: stock_main
04:06:45.424 [Lua] [MOD][extended_weapon_customization][INFO] sub attachment: [Unit '#ID[b3126cfc8490476c]'] name: autogun_rifle_ak_stock_03 slot: stock_pad
04:06:45.424 [Lua] [MOD][extended_weapon_customization][INFO] sub attachment: [Unit '#ID[b80cc1a7cb9e4b3d]'] name: boltgun_pistol_grip_01 slot: thumbhole_curve
04:06:45.424 [Lua] [MOD][extended_weapon_customization][INFO] sub attachment: [Unit '#ID[b80cc1a7cb9e4b3d]'] name: boltgun_pistol_grip_01 slot: thumbhole_curve2
04:06:45.427 [Lua] [MOD][extended_weapon_customization][INFO] disable_vfx_spawner_exclusion: content/items/weapons/player/melee/connector/syn_crowbar_connector_00
04:06:45.427 [Lua] [MOD][extended_weapon_customization][INFO] disable_vfx_spawner_exclusion: content/items/weapons/player/melee/heads/syn_crowbar_bladeguard_00
04:06:45.427 [Lua] [MOD][extended_weapon_customization][INFO] disable_vfx_spawner_exclusion: content/items/weapons/player/melee/connector/syn_crowbar_connector_00
04:06:45.427 [Lua] [MOD][extended_weapon_customization][INFO] disable_vfx_spawner_exclusion: content/items/weapons/player/melee/heads/syn_crowbar_bladeguard_00
04:06:47.422 [Lua] INFO [UIProfileSpawner] [cb_on_unit_3p_streaming_complete] unit: [Unit '#ID[f888cbd0f5a35360]']
04:06:49.566 [Lua] INFO [UIProfileSpawner] [cb_on_unit_3p_streaming_complete] unit: [Unit '#ID[f888cbd0f5a35360]']
04:06:49.660 [Lua] [MOD][extended_weapon_customization][INFO] sub attachment: [Unit '#ID[b2c36393c444692c]'] name: assault_shield_p1_m1 slot: grip
04:06:49.660 [Lua] [MOD][extended_weapon_customization][INFO] sub attachment: [Unit '#ID[c35a3fdc36cd42b1]'] name: assault_shield_p1_m1 slot: zzz_shared_material_overrides
04:06:49.660 [Lua] [MOD][extended_weapon_customization][INFO] sub attachment: [Unit '#ID[c35a3fdc36cd42b1]'] name: assault_shield_p1_m1 slot: zzz_shared_material_overrides
04:06:49.660 [Lua] [MOD][extended_weapon_customization][INFO] sub attachment: [Unit '#ID[c35a3fdc36cd42b1]'] name: assault_shield_p1_m1 slot: zzz_shared_material_overrides
04:06:49.660 [Lua] [MOD][extended_weapon_customization][INFO] sub attachment: [Unit '#ID[c35a3fdc36cd42b1]'] name: nil slot: zzz_shared_material_overrides
04:06:49.660 [Lua] [MOD][extended_weapon_customization][INFO] sub attachment: [Unit '#ID[c35a3fdc36cd42b1]'] name: human_power_maul_short_shaft_02 slot: zzz_shared_material_overrides
04:06:49.660 [Lua] [MOD][extended_weapon_customization][INFO] sub attachment: [Unit '#ID[c35a3fdc36cd42b1]'] name: human_power_maul_short_connector_02 slot: zzz_shared_material_overrides
04:06:49.660 [Lua] [MOD][extended_weapon_customization][INFO] sub attachment: [Unit '#ID[c35a3fdc36cd42b1]'] name: human_power_maul_short_head_02 slot: zzz_shared_material_overrides
04:06:49.661 [Lua] [MOD][extended_weapon_customization][INFO] sub attachment: [Unit '#ID[b2c36393c444692c]'] name: assault_shield_p1_m1 slot: grip
04:06:49.661 [Lua] [MOD][extended_weapon_customization][INFO] sub attachment: [Unit '#ID[c35a3fdc36cd42b1]'] name: assault_shield_p1_m1 slot: zzz_shared_material_overrides
04:06:49.661 [Lua] [MOD][extended_weapon_customization][INFO] sub attachment: [Unit '#ID[c35a3fdc36cd42b1]'] name: assault_shield_p1_m1 slot: zzz_shared_material_overrides
04:06:49.661 [Lua] [MOD][extended_weapon_customization][INFO] sub attachment: [Unit '#ID[c35a3fdc36cd42b1]'] name: assault_shield_p1_m1 slot: zzz_shared_material_overrides
04:06:49.661 [Lua] [MOD][extended_weapon_customization][INFO] sub attachment: [Unit '#ID[c35a3fdc36cd42b1]'] name: nil slot: zzz_shared_material_overrides
04:06:49.661 [Lua] [MOD][extended_weapon_customization][INFO] sub attachment: [Unit '#ID[c35a3fdc36cd42b1]'] name: human_power_maul_short_shaft_02 slot: zzz_shared_material_overrides
04:06:49.661 [Lua] [MOD][extended_weapon_customization][INFO] sub attachment: [Unit '#ID[c35a3fdc36cd42b1]'] name: human_power_maul_short_connector_02 slot: zzz_shared_material_overrides
04:06:49.661 [Lua] [MOD][extended_weapon_customization][INFO] sub attachment: [Unit '#ID[c35a3fdc36cd42b1]'] name: human_power_maul_short_head_02 slot: zzz_shared_material_overrides
04:06:51.677 [Lua] INFO [UIProfileSpawner] [cb_on_unit_3p_streaming_complete] unit: [Unit '#ID[f888cbd0f5a35360]']
04:06:53.792 [Lua] INFO [UIProfileSpawner] [cb_on_unit_3p_streaming_complete] unit: [Unit '#ID[f888cbd0f5a35360]']
04:06:55.037 [Window] Window => active
04:06:55.037 [Lua] INFO [Main] LUA window => ACTIVATED
04:06:55.168 [Lua] INFO [Input Manager] Using input from: mouse(1), it being the latest having a button pressed
04:06:55.168 [Lua] INFO [Input Manager] Using input from: keyboard(1)
04:06:55.898 [Lua] INFO [UIProfileSpawner] [cb_on_unit_3p_streaming_complete] unit: [Unit '#ID[7e8ce97452215da6]']
04:06:56.485 [Lua] INFO [StateMainMenu] Starting the game with selected character 86deca70-81fa-49cb-b331-56ada5adf6fd
04:06:56.501 [Lua] INFO [BackendManager] title_request: PUT /data/3bb6409a-8e5c-4c57-9945-e2ca4874da07/account/data/core
04:06:56.850 [Lua] INFO [SessionBootBase] Changed state nil -> idle
04:06:56.850 [Lua] INFO [PrivilegesManager] Using permissive privileges manager
04:06:56.850 [Lua] INFO [SessionBootBase] Changed state idle -> hotjoining
04:06:56.861 [Lua] DMF:ON_GAME_STATE_CHANGED(), status: exit, state: StateMainMenu
04:06:56.861 [Lua] [MOD][DMF][INFO] Attempted to hook 161 delayed functions
04:06:56.861 [Lua] INFO [PresenceManager] Activity changed main_menu -> loading
04:06:56.861 [Lua] <<crashify-breadcrumb>>
             	<<timestamp>40.329410<</timestamp>>
             	<<value>>Entering Game State StateLoading<</value>>
             <</crashify-breadcrumb>>
04:06:56.861 [Lua] INFO [LoadTimesReporter] Starting timer loading_timer
04:06:56.862 [Lua] INFO [LoadTimesReporter] Starting timer wait_for_network_timer
04:06:56.862 [Lua] DMF:ON_GAME_STATE_CHANGED(), status: enter, state: StateLoading
04:06:56.862 [Lua] [MOD][DMF][INFO] Attempted to hook 161 delayed functions
04:06:56.872 [Lua] INFO [ConstantElementLoading] State changed StateMainMenu -> StateLoading
04:06:56.872 [Lua] INFO [ConstantElementLoading] Opening view "loading_view"
04:06:57.250 [D3D12_RESOURCE] Render Target '#ID[567e683f9ea1f34c]' was not released, refcount: 1
04:06:57.320 [Lua] INFO [BackendManager] title_request: GET /data/experience-table/character
04:06:58.286 [D3D12_RESOURCE] Render Target '#ID[60a1b6186dddd602]' was not released, refcount: 1
04:06:58.287 [D3D12_RESOURCE] Render Target '#ID[755c1ae405b532ef]' was not released, refcount: 1
04:06:59.184 [Lua] INFO [BackendManager] title_request: POST /matchmaker/preferredreef
04:06:59.567 [Lua] INFO [Matchmaker] Resolved dedicated aliases: {
	"hub-v1",
	"hub:hash:14bcaf03c894f16b",
	"hub:steam:",
	"hub:default",
}
04:06:59.567 [Lua] INFO [BackendManager] title_request: POST /matchmaker/queueticket
04:07:00.418 [Lua] INFO [PartyImmateriumManager] Hot joined hub session, matched_hub_session_id = aws-asg--aws-ap-southeast-2--tender-bronze-tern--i-0cdaa68353f8e387b--server-5--1790987504
04:07:00.418 [Lua] INFO [BackendManager] title_request: GET /hub/sessions/aws-asg--aws-ap-southeast-2--tender-bronze-tern--i-0cdaa68353f8e387b--server-5--1790987504/serverdetails
04:07:00.418 [Lua] INFO [SessionBootBase] Changed state hotjoining -> fetchingserverdetails
04:07:00.818 [Lua] INFO [PartyImmateriumHubSessionBoot] Got server details: {
	serverDetails = {
		properties = {
			aws_auto_scaling_group_name = "aws-asg--prod-blue--ap-south--aws-ap-southeast-2--prod--tender-bronze-tern--10",
			aws_instance_id = "i-0cdaa68353f8e387b",
			aws_region = "ap-southeast-2",
			dedicated_type = "aws-asg",
			fleet_registrar_base_url = "https://fr-prod.atoma.cloud",
			game_udp_cert = "-----BEGIN CERTIFICATE-----
MIIE+zCCAuOgAwIBAgIUa0v9hurkaeXiaek2cENXt0q+ZzYwDQYJKoZIhvcNAQEL
BQAwDTELMAkGA1UEBhMCU0UwHhcNMjIwNzI1MTE0NDEzWhcNNDkxMjEwMTE0NDEz
WjANMQswCQYDVQQGEwJTRTCCAiIwDQYJKoZIhvcNAQEBBQADggIPADCCAgoCggIB
AO+niqQL+tnGo9dscppwh8R0IXN4yqbq0WY08jvCuQH1+NAfamvdCfsdREKsRImb
lP7LammBYqKC4VNa9cMvquBZbqknAlRnM0E96mI0fyrzP5qe0dDluKvOas+oG1MQ
oBdEbf7vr7YTPN4RJpBha1r8uUVzzWlOST4Xk5Zbf3T2BZZz5agD1758LzNOYG0M
+2aFmzesJk01c2OJO+I+g+NXfiXRRXGU1SFjA+1nyYVzDsMr2EQi+wNDxxYL1WdD
vLtF/kW2czuB6uOq2vYyoYAD0lK3srvIagNjB0+uYSg9qOqSYD+bDhiHc9bI5P1l
mNRf6z4Dc6d/1St/8v6Su3dBgdctlSuGYJuWDF8kVgDFn0qbItp9ZELQqTvYEW0Q
FYLZV6t0cv78nQ8EuElFdsSS04xIc2bKMPdeb0u1fMwbj8AjpSog5XfQNnDcESBP
XC2ZLmDMPWmedrCH9WHPqH3idMNqJMNOVWevvKk4DHJSbhLTi/oNlqx6l2z0z4cN
JTPjDEZytEeyLpZM44jznp0hQ04ZKmJy8HgPF1AR7tcq0dPUEPEihj3QEfC5TmP3
2F1l7A3Yimbe+X+F2h8xbd1lWvh5zLYKyxCV2sRrDmjd+PSMl+16zG5yiVZbgruK
1wnEdpM7Uxvs7p7I7M5kJKDm4jOp+zarWcfw5hAEGebVAgMBAAGjUzBRMB0GA1Ud
DgQWBBTwYmJQtopx/8stbSALs3BYPYxfYzAfBgNVHSMEGDAWgBTwYmJQtopx/8st
bSALs3BYPYxfYzAPBgNVHRMBAf8EBTADAQH/MA0GCSqGSIb3DQEBCwUAA4ICAQCg
+AOy6yxu7TcHA6agbi5h85ar/w5heg92P7sqvI3H3qVfXNNUyo0+nrDiuMkeCAfQ
L49D/8Xi3rQY6CIFR2ljICJIdIxj6vWi8dIbcRW4fBWc/Bf5O7CaVbcV4TiEFD8v
6oil4rOILpKot5Um8SXRxILLvSChy5o3BjSXI5V2cA9HoCIn5GhskRmomC4I8nqO
Wnp4QLsVgFa64tVHuI19q6D73mL0j1S+te4J3OSvNmjvzDQeLqE8GicWe1AGyeIM
T2bmzRfsApNcqKT/FZc0Vcjs59qHSzBXDeGQejoRx11QZeZ2827EgvIaYdZKQplO
A0dc5KF1M6YCgxSroPvcNb2/IvHQ8n2Dm+ldzgOUqYrV1uU+ciRl5hNK8wK4YuFI
4GMaCl1mGLlVFOEREU7wTQDy7pAGGgScmq8575HvZjmGwTWKgKZfFAFqhJ7V2Dis
h09uMH9QqDGw4q6Qg7O/t+JF1uff6DyW20XK+5JgtELKfXHv19inUeYcXlRtQHEc
zCaYsjuOjsp/ZbuZ1nPo+P7lYqLCLgxqZw0heh4uEr0cCIP2AB4XdGLm+8xiYqke
pPEjTYP6wGvmyqsQ9Y8V25nwqNb6+2oRlZ29xvZ3edHBV5Sj9JaacQ2t3/XpaG3P
KV/1y5rfT9hNPQXcnu4xXqSzMaYgfHyk7c3c3C0//A==
-----END CERTIFICATE-----
",
			host_type = "hub_server",
			instance_id = "aws-asg--aws-ap-southeast-2--tender-bronze-tern--i-0cdaa68353f8e387b--server-5--1790987504",
			ip = "3.107.210.64",
			jwt_sign_key_id = "aws-asg--prod-blue--ap-south--aws-ap-southeast-2--prod--tender-bronze-tern--10",
			network_hash = "14bcaf03c894f16b",
			port = "35540",
			reef_name = "ap-south",
			region = "aws-ap-southeast-2",
		},
		type = "dedicated",
	},
	ticket = "eyJhbGciOiJSUzI1NiIsImtpZCI6ImF3cy1hc2ctLXByb2QtYmx1ZS0tYXAtc291dGgtLWF3cy1hcC1zb3V0aGVhc3QtMi0tcHJvZC0tdGVuZGVyLWJyb256ZS10ZXJuLS0xMCJ9.eyJwYXJ0aWNpcGFudCI6eyJhY2NvdW50SWQiOiIzYmI2NDA5YS04ZTVjLTRjNTctOTk0NS1lMmNhNDg3NGRhMDciLCJjaGFyYWN0ZXJJZCI6IkhVQiJ9LCJleHAiOjE3OTEwMDA0ODAsImluc3RhbmNlSWQiOiJhd3MtYXNnLS1hd3MtYXAtc291dGhlYXN0LTItLXRlbmRlci1icm9uemUtdGVybi0taS0wY2RhYTY4MzUzZjhlMzg3Yi0tc2VydmVyLTUtLTE3OTA5ODc1MDQiLCJzZXNzaW9uSWQiOiJhd3MtYXNnLS1hd3MtYXAtc291dGhlYXN0LTItLXRlbmRlci1icm9uemUtdGVybi0taS0wY2RhYTY4MzUzZjhlMzg3Yi0tc2VydmVyLTUtLTE3OTA5ODc1MDQiLCJzZXNzaW9uVHlwZSI6Imh1YiIsInNlc3Npb25TZXR0aW5ncyI6eyJzb3J0ZWRTZXRLZXkiOiJzZXNzaW9uc19zb3J0ZWQyX3Byb2RfYXdzLWFzZy0tcHJvZC1ibHVlLS1hcC1zb3V0aC0tYXdzLWFwLXNvdXRoZWFzdC0yLS1wcm9kLS10ZW5kZXItYnJvbnplLXRlcm4tLTEwX2h1Yl9hbGwifSwiYmFja2ZpbGwiOmZhbHNlfQ.b64mNfPmkvZlZ1K3SrZ-LBrzR2sBxX8QJxzRjPu_sGfxIWJbWlRKg6ykMaGeOtSPlrCNY9ibWSDKeTlCrLVs9jK2J6tv1DicWYAlo32tBfy5Jag9chJkJIutzKavxeQM3jAS9Id5PGu-u57xIr8pKsIl9ady4ImukoctOrApDFXZ-FWuCaW1gOWeEHM7F9-XnuOO1TX2ynMh_QmFON_yNG2x4XuG-QG8WWNtzzduh4tRQpdpfKpxIeUzyNBG6REaXXQZPIHJMoCW3vwmMXt8bPZFanf4no3HkawhHCaBGNsyF7JiCZNStbE8MgPoMkPD7uJ_8_JnsQjzb6fNF6Lr0A",
	vivoxToken = {
		channelSip = "sip:confctl-g-fatsha0462-da92.hub.aws-asg--aws-ap-southeast-2--tender-bronze-tern--i-0cdaa68353f8e387b--server-5--1790987504@mt2p.vivox.com",
		channelType = "g",
		expiresInSeconds = 90,
		token = "e30.eyJpc3MiOiJmYXRzaGEwNDYyLWRhOTIiLCJleHAiOjE3OTEwMDA1MTAsInZ4YSI6ImpvaW4iLCJ2eGkiOjE3OTEwMDA0MjA2MDksImYiOiJzaXA6LmZhdHNoYTA0NjItZGE5Mi4zYmI2NDA5YS04ZTVjLTRjNTctOTk0NS1lMmNhNDg3NGRhMDcuQG10MnAudml2b3guY29tIiwidCI6InNpcDpjb25mY3RsLWctZmF0c2hhMDQ2Mi1kYTkyLmh1Yi5hd3MtYXNnLS1hd3MtYXAtc291dGhlYXN0LTItLXRlbmRlci1icm9uemUtdGVybi0taS0wY2RhYTY4MzUzZjhlMzg3Yi0tc2VydmVyLTUtLTE3OTA5ODc1MDRAbXQycC52aXZveC5jb20ifQ.O2wj06NDxYr4TCtwHfrmB4BmdVNs5_kF9tGx4iI4DOs",
		usernameSip = "sip:.fatsha0462-da92.3bb6409a-8e5c-4c57-9945-e2ca4874da07.@mt2p.vivox.com",
	},
}
04:07:00.818 [Lua] INFO [PartyImmateriumHubSessionBoot] Searching for WAN lobby on 3.107.210.64:35540
04:07:00.818 [Lua] INFO [SessionBootBase] Changed state fetchingserverdetails -> handshake
04:07:00.818 [Lua] INFO [SessionBootBase] Changed state handshake -> searching
04:07:03.819 [Lua] INFO [PartyImmateriumHubSessionBoot] Found lobby, joining...
04:07:03.819 [Lua] INFO [SessionBootBase] Changed state searching -> joining
04:07:04.037 [Lua] INFO [PartyImmateriumHubSessionBoot] Joined lobby f7a81f1f513d31c4
04:07:04.038 [Lua] <<crashify-property>>instance_id = aws-asg--aws-ap-southeast-2--tender-bronze-tern--i-0cdaa68353f8e387b--server-5--1790987504<</crashify-property>>
04:07:04.038 [Lua] <<crashify-property>>session_id = aws-asg--aws-ap-southeast-2--tender-bronze-tern--i-0cdaa68353f8e387b--server-5--1790987504<</crashify-property>>
04:07:04.039 [Lua] INFO [SessionBootBase] Changed state joining -> ready
04:07:04.039 [Lua] <<crashify-property>>peer_id = 6adb6a7914953a92<</crashify-property>>
04:07:04.039 [Lua] INFO [SessionBootBase] Changed state ready -> idle
04:07:04.039 [Lua] INFO [ConnectionManager] My peer id is 6adb6a7914953a92.
04:07:04.039 [Lua] INFO [ConnectionManager] Setting ping timeout to 10.000000
04:07:04.039 [Lua] [MOD][DMF][INFO] ViewLoader is now available for previously-delayed hooks.
04:07:04.039 [Lua] [MOD][DMF][INFO] (hook): Hooking 'new' from [ViewLoader] (Origin: function: 0x06ec8488)
04:07:04.039 [Lua] [MOD][DMF][INFO] Attempting to hook 1 delayed hooks for object ViewLoader
04:07:04.039 [Lua] [MOD][DMF][INFO] (hook_safe): Hooking 'init' from [ViewLoader] (Origin: function: 0x05beb110)
04:07:04.053 [Lua] INFO [ConnectionManager] Peer f7a81f1f513d31c4 is connecting
04:07:04.253 [Lua] INFO [LocalAwaitConnectionBootedState] Boot complete, notifying host
04:07:04.336 [Lua] INFO [LocalAwaitConnectionBootedState] Host ready, proceeding to next state
04:07:04.436 [Lua] INFO [LocalMasterItemsCheckState] Host items version 138291 matches local version
04:07:04.536 [Lua] INFO [LocalMechanismVerificationState] Sending JWT Ticket, total length 1146 split into 3 chunks
04:07:04.536 [Lua] INFO [LocalMechanismVerificationState] Sending JWT Ticket part 1/3, string length 500, is_last_part: false
04:07:04.536 [Lua] INFO [LocalMechanismVerificationState] Sending JWT Ticket part 2/3, string length 500, is_last_part: false
04:07:04.536 [Lua] INFO [LocalMechanismVerificationState] Sending JWT Ticket part 3/3, string length 146, is_last_part: true
04:07:05.036 [Lua] INFO [LocalEacCheckState] Eac approved
04:07:06.937 [Lua] INFO [LocalDataSyncState] session_seed recieved 1324649085
04:07:07.838 [Lua] INFO [MechanismManager] Connecting to mechanism host on channel 3
04:07:07.937 [Lua] INFO [MechanismManager] Received mechanism "hub" from host.
04:07:07.938 [Lua] INFO [MechanismManager] Change mechanism <none>->"hub"
04:07:07.938 warning: [Lua] WARNING [NetworkEventDelegate] Network event not registered "rpc_resend_mission_seed_request"
04:07:08.038 [Lua] INFO [ConnectionManager] Peer f7a81f1f513d31c4 is connected
04:07:08.038 [Lua] INFO [ConnectionManager] Joined host channel(3), peer(f7a81f1f513d31c4), host_type(hub_server)
04:07:08.042 [Lua] INFO [ChatManager] Joining channel sip:confctl-g-fatsha0462-da92.hub.aws-asg--aws-ap-southeast-2--tender-bronze-tern--i-0cdaa68353f8e387b--server-5--1790987504@mt2p.vivox.com peer_id: f7a81f1f513d31c4 tag: HUB enabling voice: false enabling text: true
04:07:08.042 [Lua] INFO [MultiplayerSession] Joined Server: The Serious Beach Dance
04:07:08.042 [Lua] INFO [MatchmakingNotificationHandler] Joined host
04:07:08.042 [Lua] INFO [ConnectionManager] _peer_connected f7a81f1f513d31c4
04:07:08.054 [Vivox] Issuing request req_sessiongroup_add_session
04:07:08.055 [Lua] INFO [BackendManager] title_request: GET /data/3bb6409a-8e5c-4c57-9945-e2ca4874da07/characters/86deca70-81fa-49cb-b331-56ada5adf6fd/difficulty
04:07:08.055 [Lua] INFO [BackendManager] title_request: GET /data/3bb6409a-8e5c-4c57-9945-e2ca4874da07/characters/86deca70-81fa-49cb-b331-56ada5adf6fd/access
04:07:08.055 [Lua] INFO [BackendManager] title_request: GET /data/campaigns
04:07:08.055 [Lua] INFO [BackendManager] title_request: GET /data/3bb6409a-8e5c-4c57-9945-e2ca4874da07/characters/86deca70-81fa-49cb-b331-56ada5adf6fd/campaigns/player-journey/skip
04:07:08.055 [Lua] INFO [BackendManager] title_request: GET /tracks/category/expedition
04:07:08.055 [Lua] INFO [StateLoading] Resetting player game state. New game_state_context: {
	mission_giver_vo = "none",
}
04:07:08.088 [Lua] INFO [BackendManager] title_request: GET /data/3bb6409a-8e5c-4c57-9945-e2ca4874da07/havoc/latest
04:07:08.088 [Lua] INFO [BackendManager] title_request: GET /data/3bb6409a-8e5c-4c57-9945-e2ca4874da07/trackstate/8899aebe-7676-44fd-bd58-d650ce544a01?errorOnEmpty=false
04:07:08.088 [Lua] INFO [BackendManager] title_request: GET /data/3bb6409a-8e5c-4c57-9945-e2ca4874da07/havoc/summary
04:07:08.088 [Lua] INFO [BackendManager] title_request: GET /data/3bb6409a-8e5c-4c57-9945-e2ca4874da07/havoc/eligible
04:07:08.088 [Lua] INFO [BackendManager] title_request: GET /data/3bb6409a-8e5c-4c57-9945-e2ca4874da07/account/data/core
04:07:08.088 [Lua] INFO [BackendManager] title_request: GET /data/3bb6409a-8e5c-4c57-9945-e2ca4874da07/characters/86deca70-81fa-49cb-b331-56ada5adf6fd/data/narrative|events
04:07:08.088 [Lua] INFO [BackendManager] title_request: GET /data/3bb6409a-8e5c-4c57-9945-e2ca4874da07/account/mail?limit=100&source=compensation&includeTranslation=true&includeUnreadGlobal=true
04:07:08.255 [Vivox] Sessiongroup added event: sg_.fatsha0462-da92.3bb6409a-8e5c-4c57-9945-e2ca4874da07.
04:07:08.290 warning: [Profiler] [renderer] Stall 134 ms on frame 2894: 
    ThreadPool::do_work_while_waiting_for_event 134 ms
04:07:08.291 warning: [Profiler] [main] Stall 121 ms on frame 2895: 
    Application::update 121 ms
04:07:08.293 [Vivox] Session added event: sip:confctl-g-fatsha0462-da92.hub.aws-asg--aws-ap-southeast-2--tender-bronze-tern--i-0cdaa68353f8e387b--server-5--1790987504@mt2p.vivox.com
04:07:08.403 [Vivox] Participant added event: sip:.fatsha0462-da92.33cfbf75-6c49-487e-98fa-2d569fa47286.@mt2p.vivox.com a8508e3cb1734eaa|33cfbf75-6c49-487e-98fa-2d569fa47286
04:07:08.418 [Lua] INFO [BackendManager] title_request: GET /mission-board
04:07:08.418 [Lua] INFO [BackendManager] title_request: GET /mission-event
04:07:08.418 [Lua] INFO [BackendManager] title_request: GET /tracks/5dac1564-b918-408c-a7bc-55bf7ed4f3ce/graph/layout
04:07:08.434 [Lua] INFO [BackendManager] title_request: GET /data/3bb6409a-8e5c-4c57-9945-e2ca4874da07/account/statistics/expedition|campaign|CAMP003|rotation|ROT01
04:07:08.434 [Lua] INFO [BackendManager] title_request: GET /data/3bb6409a-8e5c-4c57-9945-e2ca4874da07/trackstate/5dac1564-b918-408c-a7bc-55bf7ed4f3ce?errorOnEmpty=false
04:07:08.602 [Vivox] Participant added event: sip:.fatsha0462-da92.3892040c-eed4-4f3a-a4c1-70a85a400e9c.@mt2p.vivox.com 7a3bc8fb4be54d1f|3892040c-eed4-4f3a-a4c1-70a85a400e9c
04:07:08.762 warning: [HTTP System] Unhandled cache directive: stale-while-revalidate=30
04:07:08.762 warning: [HTTP System] Unhandled cache directive: stale-if-error=30
04:07:08.801 [Vivox] Participant added event: sip:.fatsha0462-da92.48f78d06-2300-4fa1-af1f-6fb3e3510c8b.@mt2p.vivox.com b0400f61c17dd761|48f78d06-2300-4fa1-af1f-6fb3e3510c8b
04:07:08.835 [Lua] INFO [ConnectionManager] Remote peer bffd8486ad75f317 connected to host
04:07:08.968 [Lua] INFO [BackendManager] title_request: GET /data/3bb6409a-8e5c-4c57-9945-e2ca4874da07/characters/86deca70-81fa-49cb-b331-56ada5adf6fd/contracts/current?createIfMissing=false
04:07:09.001 [Vivox] Participant added event: sip:.fatsha0462-da92.4c18d04b-9b34-41fe-a095-f2dd46c74a57.@mt2p.vivox.com 9793b304d52a9cee|4c18d04b-9b34-41fe-a095-f2dd46c74a57
04:07:09.201 [Vivox] Participant added event: sip:.fatsha0462-da92.5a40e199-f1cf-405a-be57-79604ec49ffb.@mt2p.vivox.com 061fb2c66b6ad954|5a40e199-f1cf-405a-be57-79604ec49ffb
04:07:09.235 [Lua] INFO [ConnectionManager] Remote peer 8f4c38c23824b6c4 connected to host
04:07:09.368 [Lua] INFO [BackendManager] title_request: GET /data/3bb6409a-8e5c-4c57-9945-e2ca4874da07/characters/86deca70-81fa-49cb-b331-56ada5adf6fd/contracts/current?createIfMissing=true
04:07:09.401 [Vivox] Participant added event: sip:.fatsha0462-da92.7410bd23-935c-4126-92b7-e900046f2622.@mt2p.vivox.com bffd8486ad75f317|7410bd23-935c-4126-92b7-e900046f2622
04:07:09.601 [Vivox] Participant added event: sip:.fatsha0462-da92.80606252-4557-4612-b161-ad8cd4746de5.@mt2p.vivox.com 17682f9caff0b99f|80606252-4557-4612-b161-ad8cd4746de5
04:07:09.768 [Lua] INFO [MechanismBase] Mechanism hub changing state init -> request_hub_config
04:07:09.768 [Lua] INFO [MechanismBase] Mechanism hub changing state request_hub_config -> init_hub
04:07:09.785 [Lua] INFO [MechanismBase] Mechanism hub changing state init_hub -> in_hub
04:07:09.785 [Lua] INFO [MechanismHub] Loading hub level content/levels/hub/hub_ship/missions/hub_ship with mission hub_ship and circumstance default.
04:07:09.785 [Lua] INFO [StateLoading] [_start_loading] needs_load_level(true), mission_name(hub_ship), circumstance_name(default), side_mission(default)
04:07:09.785 [Lua] INFO [LoadTimesReporter] Stopping timer wait_for_network_timer
04:07:09.785 [Lua] INFO [LoadTimesReporter] Starting timer resource_loading_timer
04:07:09.785 [Lua] INFO [StateLoading] Resetting player game state. New game_state_context: {
	circumstance_name = "default",
	mission_giver_vo = "none",
	mission_name = "hub_ship",
}
04:07:09.812 [Vivox] Participant added event: sip:.fatsha0462-da92.89219fe4-cb35-4ab8-8594-4bb6ec276cfe.@mt2p.vivox.com 2b57b2da3f2ea8ba|89219fe4-cb35-4ab8-8594-4bb6ec276cfe
04:07:10.002 [Vivox] Participant added event: sip:.fatsha0462-da92.8a0259c0-87f2-4ebb-99fa-f396fd2d46fb.@mt2p.vivox.com 8a73fba8bd816208|8a0259c0-87f2-4ebb-99fa-f396fd2d46fb
04:07:10.037 [Lua] INFO [ConnectionManager] Remote peer 17682f9caff0b99f connected to host
04:07:10.202 [Vivox] Participant added event: sip:.fatsha0462-da92.8d3eaa92-921c-4d9f-b5f7-3d0ab66d1a7e.@mt2p.vivox.com 44ee2f1a8307d1ed|8d3eaa92-921c-4d9f-b5f7-3d0ab66d1a7e
04:07:10.318 warning: [ResourceManager] Don't know how to load `#ID[81f59b9ae1d7ebc2]` `#ID[87dc8d65c44e1bef]`
04:07:10.319 warning: [ResourceManager] Don't know how to load `#ID[81f59b9ae1d7ebc2]` `#ID[b1c784f33db81f02]`
04:07:10.415 [Vivox] Participant added event: sip:.fatsha0462-da92.8d61aff9-a038-4c55-9d2e-d9f17d3a1c59.@mt2p.vivox.com 8f4c38c23824b6c4|8d61aff9-a038-4c55-9d2e-d9f17d3a1c59
04:07:10.573 [Lua] INFO [ConnectionManager] Remote peer 061fb2c66b6ad954 connected to host
04:07:11.914 warning: [Profiler] [main] Stall 1334 ms on frame 3026: 
    Application::update 1343 ms
        resource_manager::bring_in 1334 ms
            ResourceManager::bring_in 1334 ms
04:07:11.934 warning: [ResourceManager] Ignoring resource lookup for unknown resource type `#ID[87dc8d65c44e1bef].#ID[81f59b9ae1d7ebc2]`
04:07:11.934 warning: [ResourceManager] Ignoring resource lookup for unknown resource type `#ID[b1c784f33db81f02].#ID[81f59b9ae1d7ebc2]`
04:07:12.028 [Lua] INFO [ConnectionManager] Remote peer 9793b304d52a9cee connected to host
04:07:12.033 [Vivox] Participant added event: sip:.fatsha0462-da92.8dafdd48-3a47-43a4-a329-206aec9297e4.@mt2p.vivox.com 2958d20aed8f20fd|8dafdd48-3a47-43a4-a329-206aec9297e4
04:07:12.034 [Lua] INFO [TalentLayoutParser] Failed parsing talent string, mismatching version numbers (layout:25 backend:23)
04:07:12.035 warning: [Profiler] [main] Stall 117 ms on frame 3027: 
    Application::update 121 ms
        game update 119 ms
            MyGame::update 119 ms
                Lua->update 117 ms
04:07:12.126 [Lua] INFO [ConnectionManager] Remote peer b0400f61c17dd761 connected to host
04:07:12.129 [Lua] INFO [CharacterSheet] Selecting talent (cryptic_flamethrower) over (cryptic_servo_skull_improved) due to higher prio. (5 > 4)
04:07:12.129 [Lua] INFO [CharacterSheet] Selecting talent (cryptic_servo_skull_inject_ally) over (cryptic_flamethrower) due to higher prio. (5 > 5)
04:07:12.182 [Vivox] Participant added event: sip:.fatsha0462-da92.da8636ba-d453-46d4-8c42-dda8ba05c678.@mt2p.vivox.com 910321d882f04c8c|da8636ba-d453-46d4-8c42-dda8ba05c678
04:07:12.335 [Lua] INFO [ConnectionManager] Remote peer 2b57b2da3f2ea8ba connected to host
04:07:12.386 [Vivox] Participant added event: sip:.fatsha0462-da92.eecabe87-e0c9-4215-abab-ac2c3c37f16a.@mt2p.vivox.com 109acf52651f5823|eecabe87-e0c9-4215-abab-ac2c3c37f16a
04:07:12.598 [Vivox] Participant added event: sip:.fatsha0462-da92.f088c755-3766-4e25-a105-a02f13effbe2.@mt2p.vivox.com dd9eea7c2c9baedb|f088c755-3766-4e25-a105-a02f13effbe2
04:07:12.796 [Vivox] Text stream updated event: session_text_connecting
04:07:12.896 [Vivox] Text stream updated event: session_text_connected
04:07:12.997 [Vivox] Participant added event: sip:.fatsha0462-da92.3bb6409a-8e5c-4c57-9945-e2ca4874da07.@mt2p.vivox.com 6adb6a7914953a92|3bb6409a-8e5c-4c57-9945-e2ca4874da07
04:07:13.172 warning: [Profiler] [main] Stall 139 ms on frame 3078: 
    Application::update 144 ms
        resource_manager::bring_in 139 ms
            ResourceManager::bring_in 139 ms
04:07:13.190 [Lua] INFO [ConnectionManager] Remote peer 2958d20aed8f20fd connected to host
04:07:13.501 warning: [Profiler] [main] Stall 304 ms on frame 3079: 
    Application::update 327 ms
        resource_manager::bring_in 304 ms
            ResourceManager::bring_in 304 ms
04:07:13.811 warning: [Profiler] [main] Stall 165 ms on frame 3082: 
    Application::update 251 ms
        resource_manager::bring_in 165 ms
            ResourceManager::bring_in 165 ms
04:07:13.817 [MOC] Using moc implementation AVX2
04:07:13.846 [Lua] INFO [ScriptWorld] Registering level named: "content/levels/hub/hub_ship/missions/hub_ship" with id: 1
04:07:13.846 [Lua] INFO [ScriptWorld] Registering sub level named: "content/levels/hub/hub_ship/feature_interaction_barber/world.level" with id: 2
04:07:13.846 [Lua] INFO [ScriptWorld] Registering sub level named: "content/levels/hub/hub_ship/feature_interaction_credits/world.level" with id: 3
04:07:13.846 [Lua] INFO [ScriptWorld] Registering sub level named: "content/levels/hub/hub_ship/feature_interaction_contracts/world.level" with id: 4
04:07:13.846 [Lua] INFO [ScriptWorld] Registering sub level named: "content/levels/hub/hub_ship/mourningstar/world.level" with id: 5
04:07:13.846 [Lua] INFO [ScriptWorld] Registering sub level named: "content/levels/hub/hub_ship/feature_interaction_premium/world.level" with id: 6
04:07:13.846 [Lua] INFO [ScriptWorld] Registering sub level named: "content/levels/hub/hub_ship/feature_interaction_penances/world.level" with id: 7
04:07:13.846 [Lua] INFO [ScriptWorld] Registering sub level named: "content/levels/hub/hub_ship/feature_interaction_havoc/world.level" with id: 8
04:07:13.846 [Lua] INFO [ScriptWorld] Registering sub level named: "content/levels/hub/hub_ship/feature_interaction_cosmetics/world.level" with id: 9
04:07:13.846 [Lua] INFO [ScriptWorld] Registering sub level named: "content/levels/hub/hub_ship/feature_interaction_training/world.level" with id: 10
04:07:13.846 [Lua] INFO [ScriptWorld] Registering sub level named: "content/levels/hub/hub_ship/feature_journal/world.level" with id: 11
04:07:13.846 [Lua] INFO [ScriptWorld] Registering sub level named: "content/levels/hub/hub_ship/vista/world.level" with id: 12
04:07:13.846 [Lua] INFO [ScriptWorld] Registering sub level named: "content/levels/hub/hub_ship/feature_interaction_horde/world.level" with id: 13
04:07:13.846 [Lua] INFO [ScriptWorld] Registering sub level named: "content/levels/hub/hub_ship/feature_interaction_expeditions/world.level" with id: 14
04:07:13.846 [Lua] INFO [ScriptWorld] Registering sub level named: "content/levels/hub/hub_ship/feature_interaction_crafting/world.level" with id: 15
04:07:13.846 [Lua] INFO [ScriptWorld] Registering sub level named: "content/levels/hub/hub_ship/missions/hub_ship_themes/default/theme_default_hub_ship.level" with id: 16
04:07:14.034 [Lua] INFO [ConnectionManager] Remote peer 109acf52651f5823 connected to host
04:07:14.524 [Lua] INFO [ConnectionManager] Remote peer 910321d882f04c8c connected to host
04:07:14.527 [Lua] INFO [CharacterSheet] Selecting talent (zealot_increased_duration) over (zealot_stealth) due to higher prio. (12 > 11)
04:07:15.241 [Lua] INFO [ConnectionManager] Remote peer dd9eea7c2c9baedb connected to host
04:07:15.725 [Lua] INFO [ConnectionManager] Remote peer 44ee2f1a8307d1ed connected to host
04:07:15.728 [Lua] INFO [CharacterSheet] Selecting talent (zealot_additional_charge_of_ability) over (zealot_attack_speed_post_ability) due to higher prio. (12 > 11)
04:07:16.142 [Lua] INFO [ConnectionManager] Remote peer a8508e3cb1734eaa connected to host
04:07:16.175 [Lua] DMF:ON_GAME_STATE_CHANGED(), status: exit, state: StateLoading
04:07:16.175 [Lua] [MOD][DMF][INFO] Attempted to hook 160 delayed functions
04:07:16.175 [Lua] <<crashify-breadcrumb>>
             	<<timestamp>59.647467<</timestamp>>
             	<<value>>Entering Game State StateGameplay<</value>>
             <</crashify-breadcrumb>>
04:07:16.175 [Lua] <<crashify-property>>mission = hub_ship<</crashify-property>>
04:07:16.175 [Lua] <<crashify-breadcrumb>>
             	<<timestamp>59.647467<</timestamp>>
             	<<value>>StateGameplay:on_enter(): hub_ship<</value>>
             <</crashify-breadcrumb>>
04:07:16.175 [Lua] <<crashify-property>>circumstance = default<</crashify-property>>
04:07:16.175 [Lua] DMF:ON_GAME_STATE_CHANGED(), status: enter, state: GameplayInitStepFrameRate
04:07:16.175 [Lua] [MOD][DMF][INFO] Attempted to hook 160 delayed functions
04:07:16.175 [Lua] DMF:ON_GAME_STATE_CHANGED(), status: enter, state: GameplayStateInit
04:07:16.175 [Lua] [MOD][DMF][INFO] Attempted to hook 160 delayed functions
04:07:16.175 [Lua] DMF:ON_GAME_STATE_CHANGED(), status: enter, state: StateGameplay
04:07:16.175 [Lua] [MOD][ColorSelection][INFO] [ColorSelection] Slot colors applied successfully
04:07:16.175 [Lua] [MOD][DMF][INFO] Attempted to hook 160 delayed functions
04:07:16.176 [Lua] INFO [ConstantElementLoading] State changed StateLoading -> GameplayStateInit
04:07:16.193 [Lua] DMF:ON_GAME_STATE_CHANGED(), status: exit, state: GameplayInitStepFrameRate
04:07:16.193 [Lua] [MOD][DMF][INFO] Attempted to hook 160 delayed functions
04:07:16.193 [Lua] DMF:ON_GAME_STATE_CHANGED(), status: enter, state: GameplayInitStepOutOfBounds
04:07:16.193 [Lua] [MOD][DMF][INFO] Attempted to hook 160 delayed functions
04:07:16.210 [Lua] DMF:ON_GAME_STATE_CHANGED(), status: exit, state: GameplayInitStepOutOfBounds
04:07:16.210 [Lua] [MOD][DMF][INFO] Attempted to hook 160 delayed functions
04:07:16.211 [Lua] DMF:ON_GAME_STATE_CHANGED(), status: enter, state: GameplayInitStepNavWorld
04:07:16.211 [Lua] [MOD][DMF][INFO] Attempted to hook 160 delayed functions
04:07:16.226 [Lua] DMF:ON_GAME_STATE_CHANGED(), status: exit, state: GameplayInitStepNavWorld
04:07:16.227 [Lua] [MOD][DMF][INFO] Attempted to hook 160 delayed functions
04:07:16.227 [Lua] DMF:ON_GAME_STATE_CHANGED(), status: enter, state: GameplayInitStepDebug
04:07:16.227 [Lua] [MOD][DMF][INFO] Attempted to hook 160 delayed functions
04:07:16.243 [Lua] DMF:ON_GAME_STATE_CHANGED(), status: exit, state: GameplayInitStepDebug
04:07:16.243 [Lua] [MOD][DMF][INFO] Attempted to hook 160 delayed functions
04:07:16.243 [Lua] DMF:ON_GAME_STATE_CHANGED(), status: enter, state: GameplayInitStepFreeFlight
04:07:16.244 [Lua] [MOD][DMF][INFO] Attempted to hook 160 delayed functions
04:07:16.260 [Lua] DMF:ON_GAME_STATE_CHANGED(), status: exit, state: GameplayInitStepFreeFlight
04:07:16.260 [Lua] [MOD][DMF][INFO] Attempted to hook 160 delayed functions
04:07:16.260 [Lua] DMF:ON_GAME_STATE_CHANGED(), status: enter, state: GameplayInitStepGameSession
04:07:16.260 [Lua] [MOD][DMF][INFO] Attempted to hook 160 delayed functions
04:07:16.277 [Lua] DMF:ON_GAME_STATE_CHANGED(), status: exit, state: GameplayInitStepGameSession
04:07:16.277 [Lua] [MOD][DMF][INFO] Attempted to hook 160 delayed functions
04:07:16.277 [Lua] DMF:ON_GAME_STATE_CHANGED(), status: enter, state: GameplayInitStepGameMode
04:07:16.277 [Lua] [MOD][DMF][INFO] Attempted to hook 160 delayed functions
04:07:16.294 [Lua] DMF:ON_GAME_STATE_CHANGED(), status: exit, state: GameplayInitStepGameMode
04:07:16.294 [Lua] [MOD][DMF][INFO] Attempted to hook 160 delayed functions
04:07:16.294 [Lua] <<crashify-property>>num_missions_started = 1<</crashify-property>>
04:07:16.294 [Lua] DMF:ON_GAME_STATE_CHANGED(), status: enter, state: GameplayInitStepMission
04:07:16.294 [Lua] [MOD][DMF][INFO] Attempted to hook 160 delayed functions
04:07:16.309 [Lua] DMF:ON_GAME_STATE_CHANGED(), status: exit, state: GameplayInitStepMission
04:07:16.309 [Lua] [MOD][DMF][INFO] Attempted to hook 160 delayed functions
04:07:16.309 [Lua] DMF:ON_GAME_STATE_CHANGED(), status: enter, state: GameplayInitStepBoneLod
04:07:16.309 [Lua] [MOD][DMF][INFO] Attempted to hook 160 delayed functions
04:07:16.327 [Lua] DMF:ON_GAME_STATE_CHANGED(), status: exit, state: GameplayInitStepBoneLod
04:07:16.328 [Lua] [MOD][DMF][INFO] Attempted to hook 160 delayed functions
04:07:16.329 [Lua] DMF:ON_GAME_STATE_CHANGED(), status: enter, state: GameplayInitStepNavigation
04:07:16.329 [Lua] [MOD][DMF][INFO] Attempted to hook 160 delayed functions
04:07:16.343 [Lua] DMF:ON_GAME_STATE_CHANGED(), status: exit, state: GameplayInitStepNavigation
04:07:16.343 [Lua] [MOD][DMF][INFO] Attempted to hook 160 delayed functions
04:07:16.345 [Lua] [MOD][DMF][INFO] WarpChargeActionModule is now available for previously-delayed hooks.
04:07:16.345 [Lua] [MOD][DMF][INFO] (hook): Hooking 'new' from [WarpChargeActionModule] (Origin: function: 0x08d875f8)
04:07:16.346 [Lua] [MOD][DMF][INFO] ActionHandler is now available for previously-delayed hooks.
04:07:16.347 [Lua] [MOD][DMF][INFO] (hook): Hooking 'new' from [ActionHandler] (Origin: function: 0x03bd4220)
04:07:16.347 [Lua] [MOD][DMF][INFO] TargetedDashEffects is now available for previously-delayed hooks.
04:07:16.347 [Lua] [MOD][DMF][INFO] (hook): Hooking 'new' from [TargetedDashEffects] (Origin: function: 0x088f46e8)
04:07:16.347 [Lua] [MOD][DMF][INFO] PlayerUnitAbilityExtension is now available for previously-delayed hooks.
04:07:16.347 [Lua] [MOD][DMF][INFO] (hook): Hooking 'new' from [PlayerUnitAbilityExtension] (Origin: function: 0x088f2808)
04:07:16.355 [Lua] [MOD][DMF][INFO] BtChaosMutatorDaemonhostPassiveAction is now available for previously-delayed hooks.
04:07:16.355 [Lua] [MOD][DMF][INFO] (hook): Hooking 'new' from [BtChaosMutatorDaemonhostPassiveAction] (Origin: function: 0x0f480098)
04:07:16.372 [Lua] [MOD][DMF][INFO] PlayerUnitCameraExtension is now available for previously-delayed hooks.
04:07:16.372 [Lua] [MOD][DMF][INFO] (hook): Hooking 'new' from [PlayerUnitCameraExtension] (Origin: function: 0x03d5c300)
04:07:16.372 [Lua] [MOD][DMF][INFO] PlayerHuskCameraExtension is now available for previously-delayed hooks.
04:07:16.372 [Lua] [MOD][DMF][INFO] (hook): Hooking 'new' from [PlayerHuskCameraExtension] (Origin: function: 0x061a4ad8)
04:07:16.373 [Lua] [MOD][DMF][INFO] CharacterStateMachine is now available for previously-delayed hooks.
04:07:16.373 [Lua] [MOD][DMF][INFO] (hook): Hooking 'new' from [CharacterStateMachine] (Origin: function: 0x059ba180)
04:07:16.378 [Lua] [MOD][DMF][INFO] PlayerUnitFirstPersonExtension is now available for previously-delayed hooks.
04:07:16.378 [Lua] [MOD][DMF][INFO] (hook): Hooking 'new' from [PlayerUnitFirstPersonExtension] (Origin: function: 0x102b2a98)
04:07:16.378 [Lua] [MOD][DMF][INFO] PlayerHuskFirstPersonExtension is now available for previously-delayed hooks.
04:07:16.378 [Lua] [MOD][DMF][INFO] (hook): Hooking 'new' from [PlayerHuskFirstPersonExtension] (Origin: function: 0x13614cf0)
04:07:16.379 [Lua] [MOD][Signal Repeater][INFO] (hook_safe): Hooking '_trigger_inventory_wwise_event' from [MinionFxExtension] (Origin: function: 0x10113eb0)
04:07:16.379 [Lua] [MOD][Signal Repeater][INFO] (hook_safe): Hooking 'init' from [MinionFxExtension] (Origin: function: 0x04946820)
04:07:16.379 [Lua] [MOD][DMF][INFO] PlayerUnitFxExtension is now available for previously-delayed hooks.
04:07:16.379 [Lua] [MOD][DMF][INFO] (hook): Hooking 'new' from [PlayerUnitFxExtension] (Origin: function: 0x0ce35c20)
04:07:16.380 [Lua] [MOD][Signal Repeater][INFO] (hook_safe): Hooking 'start_template_effect' from [EffectTemplatesHandler] (Origin: function: 0x06e44cd8)
04:07:16.380 [Lua] [MOD][Signal Repeater][INFO] (hook): Hooking 'stop_template_effect' from [EffectTemplatesHandler] (Origin: function: 0x102fb208)
04:07:16.380 [Lua] [MOD][Signal Repeater][INFO] (hook): Hooking 'rpc_trigger_wwise_event' from [FxSystem] (Origin: function: 0x033a88a0)
04:07:16.383 [Lua] [MOD][DMF][INFO] InteracteeExtension is now available for previously-delayed hooks.
04:07:16.383 [Lua] [MOD][DMF][INFO] (hook): Hooking 'new' from [InteracteeExtension] (Origin: function: 0x08e68198)
04:07:16.383 [Lua] [MOD][DMF][INFO] PlayerInteracteeExtension is now available for previously-delayed hooks.
04:07:16.383 [Lua] [MOD][DMF][INFO] (hook): Hooking 'new' from [PlayerInteracteeExtension] (Origin: function: 0x0baf1158)
04:07:16.383 [Lua] [MOD][DMF][INFO] InteracteeSystem is now available for previously-delayed hooks.
04:07:16.383 [Lua] [MOD][DMF][INFO] (hook): Hooking 'new' from [InteracteeSystem] (Origin: function: 0x04d84f90)
04:07:16.383 [Lua] [MOD][DMF][INFO] InteractorExtension is now available for previously-delayed hooks.
04:07:16.383 [Lua] [MOD][DMF][INFO] (hook): Hooking 'new' from [InteractorExtension] (Origin: function: 0x1373d438)
04:07:16.388 [Lua] [MOD][DMF][INFO] PlayerUnitMoodExtension is now available for previously-delayed hooks.
04:07:16.388 [Lua] [MOD][DMF][INFO] (hook): Hooking 'new' from [PlayerUnitMoodExtension] (Origin: function: 0x0d34f2f8)
04:07:16.391 [Lua] [MOD][DMF][INFO] OutlineSystem is now available for previously-delayed hooks.
04:07:16.391 [Lua] [MOD][DMF][INFO] (hook): Hooking 'new' from [OutlineSystem] (Origin: function: 0x10331400)
04:07:16.396 [Lua] [MOD][DMF][INFO] SmartTagSystem is now available for previously-delayed hooks.
04:07:16.396 [Lua] [MOD][DMF][INFO] (hook): Hooking 'new' from [SmartTagSystem] (Origin: function: 0x130e1b80)
04:07:16.396 [Lua] [MOD][DMF][INFO] PrecisionTargetFinder is now available for previously-delayed hooks.
04:07:16.396 [Lua] [MOD][DMF][INFO] (hook): Hooking 'new' from [PrecisionTargetFinder] (Origin: function: 0x093907d0)
04:07:16.396 [Lua] [MOD][DMF][INFO] PlayerUnitSmartTargetingExtension is now available for previously-delayed hooks.
04:07:16.396 [Lua] [MOD][DMF][INFO] (hook): Hooking 'new' from [PlayerUnitSmartTargetingExtension] (Origin: function: 0x1067c8f8)
04:07:16.414 [Lua] [MOD][DMF][INFO] MinionGibbing is now available for previously-delayed hooks.
04:07:16.414 [Lua] [MOD][DMF][INFO] (hook): Hooking 'new' from [MinionGibbing] (Origin: function: 0x0f99b610)
04:07:16.415 [Lua] [MOD][DMF][INFO] ActionBlock is now available for previously-delayed hooks.
04:07:16.415 [Lua] [MOD][DMF][INFO] (hook): Hooking 'new' from [ActionBlock] (Origin: function: 0x0f3eaa78)
04:07:16.416 [Lua] [MOD][DMF][INFO] ActionShoot is now available for previously-delayed hooks.
04:07:16.416 [Lua] [MOD][DMF][INFO] (hook): Hooking 'new' from [ActionShoot] (Origin: function: 0x13724bb0)
04:07:16.418 [Lua] [MOD][DMF][INFO] ActionSweep is now available for previously-delayed hooks.
04:07:16.418 [Lua] [MOD][DMF][INFO] (hook): Hooking 'new' from [ActionSweep] (Origin: function: 0x13038548)
04:07:16.419 [Lua] [MOD][DMF][INFO] ActionReloadShotgun is now available for previously-delayed hooks.
04:07:16.419 [Lua] [MOD][DMF][INFO] (hook): Hooking 'new' from [ActionReloadShotgun] (Origin: function: 0x12eecc78)
04:07:16.419 [Lua] [MOD][DMF][INFO] ActionReloadState is now available for previously-delayed hooks.
04:07:16.419 [Lua] [MOD][DMF][INFO] (hook): Hooking 'new' from [ActionReloadState] (Origin: function: 0x12eeeb68)
04:07:16.419 [Lua] [MOD][DMF][INFO] ActionShootHitScan is now available for previously-delayed hooks.
04:07:16.419 [Lua] [MOD][DMF][INFO] (hook): Hooking 'new' from [ActionShootHitScan] (Origin: function: 0x0e04b2f0)
04:07:16.419 [Lua] [MOD][DMF][INFO] ActionShootPellets is now available for previously-delayed hooks.
04:07:16.419 [Lua] [MOD][DMF][INFO] (hook): Hooking 'new' from [ActionShootPellets] (Origin: function: 0x0e043758)
04:07:16.419 [Lua] [MOD][DMF][INFO] ActionShootProjectile is now available for previously-delayed hooks.
04:07:16.419 [Lua] [MOD][DMF][INFO] (hook): Hooking 'new' from [ActionShootProjectile] (Origin: function: 0x13076b80)
04:07:16.419 [Lua] [MOD][DMF][INFO] ActionSmiteTargeting is now available for previously-delayed hooks.
04:07:16.419 [Lua] [MOD][DMF][INFO] (hook): Hooking 'new' from [ActionSmiteTargeting] (Origin: function: 0x13079140)
04:07:16.420 [Lua] [MOD][DMF][INFO] PlayerUnitWeaponExtension is now available for previously-delayed hooks.
04:07:16.420 [Lua] [MOD][DMF][INFO] (hook): Hooking 'new' from [PlayerUnitWeaponExtension] (Origin: function: 0x0e172b10)
04:07:16.420 [Lua] DMF:ON_GAME_STATE_CHANGED(), status: enter, state: GameplayInitStepExtensions
04:07:16.420 [Lua] [MOD][DMF][INFO] Attempting to hook 2 delayed hooks for object CharacterStateMachine
04:07:16.420 [Lua] [MOD][immersive_evasion][INFO] (hook_safe): Hooking 'server_correction_occurred' from [CharacterStateMachine] (Origin: function: 0x053df280)
04:07:16.421 [Lua] [MOD][immersive_evasion][INFO] (hook_safe): Hooking '_change_state' from [CharacterStateMachine] (Origin: function: 0x05011300)
04:07:16.421 [Lua] [MOD][DMF][INFO] Attempting to hook 3 delayed hooks for object OutlineSystem
04:07:16.421 [Lua] [MOD][ColorSelection][INFO] (hook_safe): Hooking 'update' from [OutlineSystem] (Origin: function: 0x10eec9d8)
04:07:16.421 [Lua] [MOD][Auto-9 Assistive Reticule][INFO] (hook): Hooking 'remove_outline' from [OutlineSystem] (Origin: function: 0x100d2060)
04:07:16.421 [Lua] [MOD][Auto-9 Assistive Reticule][INFO] (hook): Hooking 'add_outline' from [OutlineSystem] (Origin: function: 0x0d1b5440)
04:07:16.421 [Lua] [MOD][DMF][INFO] Attempting to hook 2 delayed hooks for object PlayerUnitAbilityExtension
04:07:16.421 [Lua] [MOD][Auto-9 Assistive Reticule][INFO] (hook_safe): Hooking 'unequip_ability' from [PlayerUnitAbilityExtension] (Origin: function: 0x088f02a8)
04:07:16.421 [Lua] [MOD][Auto-9 Assistive Reticule][INFO] (hook_safe): Hooking 'equip_ability' from [PlayerUnitAbilityExtension] (Origin: function: 0x088f0928)
04:07:16.421 [Lua] [MOD][DMF][INFO] Attempting to hook 1 delayed hooks for object PlayerUnitSmartTargetingExtension
04:07:16.421 [Lua] [MOD][EmperorsGuidance][INFO] (hook_safe): Hooking 'targeting_data' from [PlayerUnitSmartTargetingExtension] (Origin: function: 0x0617d598)
04:07:16.421 [Lua] [MOD][DMF][INFO] Attempting to hook 3 delayed hooks for object ActionSmiteTargeting
04:07:16.421 [Lua] [MOD][EmperorsGuidance][INFO] (hook_safe): Hooking 'finish' from [ActionSmiteTargeting] (Origin: function: 0x13079c90)
04:07:16.421 [Lua] [MOD][EmperorsGuidance][INFO] (hook_safe): Hooking 'fixed_update' from [ActionSmiteTargeting] (Origin: function: 0x13079b78)
04:07:16.421 [Lua] [MOD][EmperorsGuidance][INFO] (hook_safe): Hooking 'start' from [ActionSmiteTargeting] (Origin: function: 0x13079b58)
04:07:16.421 [Lua] [MOD][DMF][INFO] Attempting to hook 2 delayed hooks for object ActionSweep
04:07:16.421 [Lua] [MOD][extended_weapon_customization][INFO] (hook): Hooking 'start' from [ActionSweep] (Origin: function: 0x13038fe0)
04:07:16.421 [Lua] [MOD][extended_weapon_customization][INFO] (hook): Hooking '_do_damage_to_unit' from [ActionSweep] (Origin: function: 0x13039e90)
04:07:16.421 [Lua] [MOD][DMF][INFO] Attempting to hook 2 delayed hooks for object TargetedDashEffects
04:07:16.421 [Lua] [MOD][FuryOfTheFaithfulEnhanced][INFO] (hook_origin): Hooking 'update' from [TargetedDashEffects] (Origin: function: 0x02e09a68)
04:07:16.421 [Lua] [MOD][FuryOfTheFaithfulEnhanced][INFO] (hook_origin): Hooking '_spawn_effects' from [TargetedDashEffects] (Origin: function: 0x088f2c18)
04:07:16.421 [Lua] [MOD][DMF][INFO] Attempting to hook 1 delayed hooks for object PlayerUnitMoodExtension
04:07:16.421 [Lua] [MOD][peril_fx][INFO] (hook_safe): Hooking '_add_mood' from [PlayerUnitMoodExtension] (Origin: function: 0x02080fb0)
04:07:16.421 [Lua] [MOD][DMF][INFO] Attempting to hook 4 delayed hooks for object PlayerUnitWeaponExtension
04:07:16.421 [Lua] [MOD][Perspectives][INFO] (hook): Hooking '_fill_action_params' from [PlayerUnitWeaponExtension] (Origin: function: 0x0e173e58)
04:07:16.421 [Lua] [MOD][FullAuto][INFO] (hook_safe): Hooking 'fixed_update' from [PlayerUnitWeaponExtension] (Origin: function: 0x0e173628)
04:07:16.421 [Lua] [MOD][FullAuto][INFO] (hook_safe): Hooking '_fill_action_params' from [PlayerUnitWeaponExtension] (Origin: function: 0x0e173e58)
04:07:16.421 [Lua] [MOD][EmperorsGuidance][INFO] (hook_safe): Hooking 'on_slot_wielded' from [PlayerUnitWeaponExtension] (Origin: function: 0x0e173480)
04:07:16.421 [Lua] [MOD][DMF][INFO] Attempting to hook 1 delayed hooks for object PlayerUnitCameraExtension
04:07:16.421 [Lua] [MOD][Perspectives][INFO] (hook): Hooking '_evaluate_camera_tree' from [PlayerUnitCameraExtension] (Origin: function: 0x0949bf08)
04:07:16.421 [Lua] [MOD][DMF][INFO] Attempting to hook 2 delayed hooks for object PlayerUnitFirstPersonExtension
04:07:16.421 [Lua] [MOD][ViewmodelRigging][INFO] (hook_safe): Hooking 'update_unit_position' from [PlayerUnitFirstPersonExtension] (Origin: function: 0x12eafb30)
04:07:16.421 [Lua] [MOD][extended_weapon_customization][INFO] (hook): Hooking 'update_unit_position' from [PlayerUnitFirstPersonExtension] (Origin: function: 0x12eafb30)
04:07:16.421 [Lua] [MOD][DMF][INFO] Attempting to hook 9 delayed hooks for object PlayerUnitFxExtension
04:07:16.421 [Lua] [MOD][extended_weapon_customization][INFO] (hook): Hooking '_spawn_unit_particles' from [PlayerUnitFxExtension] (Origin: function: 0x0353f148)
04:07:16.421 [Lua] [MOD][extended_weapon_customization][INFO] (hook): Hooking '_spawn_unit_fx_line' from [PlayerUnitFxExtension] (Origin: function: 0x09e7a8e0)
04:07:16.421 [Lua] [MOD][extended_weapon_customization][INFO] (hook): Hooking 'spawn_unit_particles' from [PlayerUnitFxExtension] (Origin: function: 0x03ab9ca0)
04:07:16.421 [Lua] [MOD][extended_weapon_customization][INFO] (hook): Hooking '_register_sound_source' from [PlayerUnitFxExtension] (Origin: function: 0x091cd378)
04:07:16.421 [Lua] [MOD][extended_weapon_customization][INFO] (hook): Hooking 'trigger_exclusive_gear_wwise_event' from [PlayerUnitFxExtension] (Origin: function: 0x0341dc00)
04:07:16.421 [Lua] [MOD][extended_weapon_customization][INFO] (hook): Hooking 'trigger_gear_wwise_event_with_source' from [PlayerUnitFxExtension] (Origin: function: 0x087041d0)
04:07:16.421 [Lua] [MOD][extended_weapon_customization][INFO] (hook): Hooking '_register_vfx_spawner' from [PlayerUnitFxExtension] (Origin: function: 0x09e7b9b8)
04:07:16.421 [Lua] [MOD][extended_weapon_customization][INFO] (hook): Hooking 'vfx_spawner_unit_and_node' from [PlayerUnitFxExtension] (Origin: function: 0x10ea9058)
04:07:16.421 [Lua] [MOD][extended_weapon_customization][INFO] (hook): Hooking 'sound_source' from [PlayerUnitFxExtension] (Origin: function: 0x13867c38)
04:07:16.421 [Lua] [MOD][DMF][INFO] Attempting to hook 1 delayed hooks for object MinionGibbing
04:07:16.421 [Lua] [MOD][extended_weapon_customization][INFO] (hook): Hooking 'gib' from [MinionGibbing] (Origin: function: 0x0e150e18)
04:07:16.421 [Lua] [MOD][DMF][INFO] Attempting to hook 1 delayed hooks for object ActionHandler
04:07:16.421 [Lua] [MOD][FullAuto][INFO] (hook_safe): Hooking 'start_action' from [ActionHandler] (Origin: function: 0x10431d18)
04:07:16.421 [Lua] [MOD][DMF][INFO] Attempting to hook 1 delayed hooks for object PlayerHuskCameraExtension
04:07:16.421 [Lua] [MOD][Perspectives][INFO] (hook): Hooking 'camera_tree_node' from [PlayerHuskCameraExtension] (Origin: function: 0x094a4680)
04:07:16.421 [Lua] [MOD][DMF][INFO] Attempting to hook 2 delayed hooks for object SmartTagSystem
04:07:16.421 [Lua] [MOD][Auto-9 Assistive Reticule][INFO] (hook_safe): Hooking '_remove_tag_locally' from [SmartTagSystem] (Origin: function: 0x0e52e698)
04:07:16.421 [Lua] [MOD][Auto-9 Assistive Reticule][INFO] (hook_safe): Hooking '_create_tag_locally' from [SmartTagSystem] (Origin: function: 0x0fea8480)
04:07:16.421 [Lua] [MOD][DMF][INFO] Attempting to hook 2 delayed hooks for object PlayerHuskFirstPersonExtension
04:07:16.421 [Lua] [MOD][Perspectives][INFO] (hook): Hooking '_update_first_person_mode' from [PlayerHuskFirstPersonExtension] (Origin: function: 0x0bc2a8c0)
04:07:16.421 [Lua] [MOD][extended_weapon_customization][INFO] (hook): Hooking 'update_unit_position_and_rotation' from [PlayerHuskFirstPersonExtension] (Origin: function: 0x0fd6b270)
04:07:16.421 [Lua] [MOD][DMF][INFO] Attempting to hook 2 delayed hooks for object InteractorExtension
04:07:16.421 [Lua] [MOD][better_downed_indicators][INFO] (hook): Hooking 'reset_interaction' from [InteractorExtension] (Origin: function: 0x0a1a6538)
04:07:16.421 [Lua] [MOD][better_downed_indicators][INFO] (hook): Hooking 'cancel_interaction' from [InteractorExtension] (Origin: function: 0x0fc901f8)
04:07:16.422 [Lua] [MOD][DMF][INFO] Attempting to hook 1 delayed hooks for object ActionReloadState
04:07:16.422 [Lua] [MOD][FullAuto][INFO] (hook_safe): Hooking 'finish' from [ActionReloadState] (Origin: function: 0x13043ad8)
04:07:16.422 [Lua] [MOD][DMF][INFO] Attempting to hook 1 delayed hooks for object ActionReloadShotgun
04:07:16.422 [Lua] [MOD][FullAuto][INFO] (hook_safe): Hooking 'finish' from [ActionReloadShotgun] (Origin: function: 0x12eed6d0)
04:07:16.422 [Lua] [MOD][DMF][INFO] Attempting to hook 2 delayed hooks for object InteracteeSystem
04:07:16.422 [Lua] [MOD][better_downed_indicators][INFO] (hook): Hooking 'rpc_interaction_stopped' from [InteracteeSystem] (Origin: function: 0x09269f50)
04:07:16.422 [Lua] [MOD][better_downed_indicators][INFO] (hook): Hooking 'rpc_interaction_started' from [InteracteeSystem] (Origin: function: 0x04b296c0)
04:07:16.422 [Lua] [MOD][DMF][INFO] Attempting to hook 5 delayed hooks for object ActionShootPellets
04:07:16.422 [Lua] [MOD][extended_weapon_customization][INFO] (hook): Hooking '_play_muzzle_flash_vfx' from [ActionShootPellets] (Origin: function: 0x0e1fb090)
04:07:16.422 [Lua] [MOD][extended_weapon_customization][INFO] (hook): Hooking '_update_looping_shoot_sound' from [ActionShootPellets] (Origin: function: 0x0e1fb060)
04:07:16.422 [Lua] [MOD][extended_weapon_customization][INFO] (hook): Hooking '_play_shoot_sound' from [ActionShootPellets] (Origin: function: 0x0e1fa340)
04:07:16.422 [Lua] [MOD][extended_weapon_customization][INFO] (hook): Hooking '_play_line_fx' from [ActionShootPellets] (Origin: function: 0x0e1fb1c0)
04:07:16.422 [Lua] [MOD][extended_weapon_customization][INFO] (hook): Hooking '_shoot' from [ActionShootPellets] (Origin: function: 0x0e0445a0)
04:07:16.422 [Lua] [MOD][DMF][INFO] Attempting to hook 1 delayed hooks for object PrecisionTargetFinder
04:07:16.422 [Lua] [MOD][FuryOfTheFaithfulEnhanced][INFO] (hook): Hooking 'update_precision_target' from [PrecisionTargetFinder] (Origin: function: 0x0bc3d698)
04:07:16.422 [Lua] [MOD][DMF][INFO] Attempting to hook 2 delayed hooks for object WarpChargeActionModule
04:07:16.422 [Lua] [MOD][FullAuto][INFO] (hook_safe): Hooking 'finish' from [WarpChargeActionModule] (Origin: function: 0x08d85308)
04:07:16.422 [Lua] [MOD][FullAuto][INFO] (hook_safe): Hooking 'start' from [WarpChargeActionModule] (Origin: function: 0x08d865b8)
04:07:16.422 [Lua] [MOD][DMF][INFO] Attempting to hook 3 delayed hooks for object PlayerInteracteeExtension
04:07:16.422 [Lua] [MOD][PlayerDeathfeed][INFO] (hook_safe): Hooking 'stopped' from [PlayerInteracteeExtension] (Origin: function: 0x09264888)
04:07:16.422 [Lua] [MOD][better_downed_indicators][INFO] (hook): Hooking 'stopped' from [PlayerInteracteeExtension] (Origin: function: 0x09264888)
04:07:16.422 [Lua] [MOD][better_downed_indicators][INFO] (hook): Hooking 'started' from [PlayerInteracteeExtension] (Origin: function: 0x09265168)
04:07:16.422 [Lua] [MOD][DMF][INFO] Attempting to hook 2 delayed hooks for object ActionBlock
04:07:16.422 [Lua] [MOD][Perspectives][INFO] (hook_safe): Hooking 'finish' from [ActionBlock] (Origin: function: 0x0f3eb4c0)
04:07:16.422 [Lua] [MOD][Perspectives][INFO] (hook_safe): Hooking 'start' from [ActionBlock] (Origin: function: 0x0f3eb438)
04:07:16.422 [Lua] [MOD][DMF][INFO] Attempting to hook 5 delayed hooks for object ActionShootHitScan
04:07:16.422 [Lua] [MOD][extended_weapon_customization][INFO] (hook): Hooking '_play_muzzle_flash_vfx' from [ActionShootHitScan] (Origin: function: 0x0e1fb090)
04:07:16.422 [Lua] [MOD][extended_weapon_customization][INFO] (hook): Hooking '_update_looping_shoot_sound' from [ActionShootHitScan] (Origin: function: 0x0e1fb060)
04:07:16.422 [Lua] [MOD][extended_weapon_customization][INFO] (hook): Hooking '_play_shoot_sound' from [ActionShootHitScan] (Origin: function: 0x0e1fa340)
04:07:16.422 [Lua] [MOD][extended_weapon_customization][INFO] (hook): Hooking '_play_line_fx' from [ActionShootHitScan] (Origin: function: 0x0e1fb1c0)
04:07:16.422 [Lua] [MOD][extended_weapon_customization][INFO] (hook): Hooking '_shoot' from [ActionShootHitScan] (Origin: function: 0x0e1f4098)
04:07:16.422 [Lua] [MOD][DMF][INFO] Attempting to hook 4 delayed hooks for object ActionShootProjectile
04:07:16.422 [Lua] [MOD][extended_weapon_customization][INFO] (hook): Hooking '_play_muzzle_flash_vfx' from [ActionShootProjectile] (Origin: function: 0x0e1fb090)
04:07:16.422 [Lua] [MOD][extended_weapon_customization][INFO] (hook): Hooking '_update_looping_shoot_sound' from [ActionShootProjectile] (Origin: function: 0x0e1fb060)
04:07:16.422 [Lua] [MOD][extended_weapon_customization][INFO] (hook): Hooking '_play_shoot_sound' from [ActionShootProjectile] (Origin: function: 0x0e1fa340)
04:07:16.422 [Lua] [MOD][extended_weapon_customization][INFO] (hook): Hooking '_shoot' from [ActionShootProjectile] (Origin: function: 0x13077910)
04:07:16.422 [Lua] [MOD][DMF][INFO] Attempting to hook 4 delayed hooks for object InteracteeExtension
04:07:16.422 [Lua] [MOD][PlayerDeathfeed][INFO] (hook_safe): Hooking 'stopped' from [InteracteeExtension] (Origin: function: 0x0d1197e8)
04:07:16.422 [Lua] [MOD][extended_weapon_customization][INFO] (hook): Hooking 'stopped' from [InteracteeExtension] (Origin: function: 0x0d1197e8)
04:07:16.422 [Lua] [MOD][better_downed_indicators][INFO] (hook): Hooking 'stopped' from [InteracteeExtension] (Origin: function: 0x0d1197e8)
04:07:16.422 [Lua] [MOD][better_downed_indicators][INFO] (hook): Hooking 'started' from [InteracteeExtension] (Origin: function: 0x05265ca8)
04:07:16.422 [Lua] [MOD][DMF][INFO] Attempting to hook 1 delayed hooks for object BtChaosMutatorDaemonhostPassiveAction
04:07:16.422 [Lua] [MOD][SoloPlay][INFO] (hook): Hooking 'leave' from [BtChaosMutatorDaemonhostPassiveAction] (Origin: function: 0x0bf41c88)
04:07:16.422 [Lua] [MOD][DMF][INFO] Attempting to hook 4 delayed hooks for object ActionShoot
04:07:16.422 [Lua] [MOD][extended_weapon_customization][INFO] (hook): Hooking '_play_muzzle_flash_vfx' from [ActionShoot] (Origin: function: 0x0e1fb090)
04:07:16.422 [Lua] [MOD][extended_weapon_customization][INFO] (hook): Hooking '_update_looping_shoot_sound' from [ActionShoot] (Origin: function: 0x0e1fb060)
04:07:16.422 [Lua] [MOD][extended_weapon_customization][INFO] (hook): Hooking '_play_shoot_sound' from [ActionShoot] (Origin: function: 0x0e1fa340)
04:07:16.422 [Lua] [MOD][extended_weapon_customization][INFO] (hook): Hooking '_shoot' from [ActionShoot] (Origin: function: 0x0e1fa268)
04:07:16.422 [Lua] [MOD][DMF][INFO] Attempted to hook 160 delayed functions
04:07:16.426 [Lua] [MOD][FpsDoctor][ECHO] [FpsDoctor] GC (map_start): 258 -> 259 MB
04:07:16.426 [Lua] [MOD][FpsDoctor][INFO] GC drain (map_start): 257.5 -> 258.7 MB
04:07:16.426 [Lua] INFO [ConnectionManager] Remote peer 8a73fba8bd816208 connected to host
04:07:16.442 [Lua] DMF:ON_GAME_STATE_CHANGED(), status: exit, state: GameplayInitStepExtensions
04:07:16.442 [Lua] [MOD][DMF][INFO] Attempted to hook 84 delayed functions
04:07:16.442 [Lua] INFO [DifficultyManager] Difficulty initialized to challenge 3, resistance 3
04:07:16.443 [Lua] DMF:ON_GAME_STATE_CHANGED(), status: enter, state: GameplayInitStepManagers
04:07:16.443 [Lua] [MOD][DMF][INFO] Attempted to hook 84 delayed functions
04:07:16.458 [Lua] DMF:ON_GAME_STATE_CHANGED(), status: exit, state: GameplayInitStepManagers
04:07:16.458 [Lua] [MOD][DMF][INFO] Attempted to hook 84 delayed functions
04:07:16.459 [Lua] INFO [NvidiaAIAgent] Nvidia AI Agent initialized
04:07:16.459 [Lua] DMF:ON_GAME_STATE_CHANGED(), status: enter, state: GameplayInitStepNvidiaAiAgent
04:07:16.459 [Lua] [MOD][DMF][INFO] Attempted to hook 84 delayed functions
04:07:16.475 [Lua] DMF:ON_GAME_STATE_CHANGED(), status: exit, state: GameplayInitStepNvidiaAiAgent
04:07:16.475 [Lua] [MOD][DMF][INFO] Attempted to hook 84 delayed functions
04:07:16.497 [Lua] DMF:ON_GAME_STATE_CHANGED(), status: enter, state: GameplayInitStepExtensionUnits
04:07:16.498 [Lua] [MOD][DMF][INFO] Attempted to hook 84 delayed functions
04:07:16.538 [Lua] INFO [ConnectionManager] Remote peer 7a3bc8fb4be54d1f connected to host
04:07:16.686 [Lua] DMF:ON_GAME_STATE_CHANGED(), status: exit, state: GameplayInitStepExtensionUnits
04:07:16.687 [Lua] [MOD][DMF][INFO] Attempted to hook 84 delayed functions
04:07:16.687 [Lua] DMF:ON_GAME_STATE_CHANGED(), status: enter, state: GameplayInitStepNetworkEvents
04:07:16.687 [Lua] [MOD][DMF][INFO] Attempted to hook 84 delayed functions
04:07:16.724 [Lua] DMF:ON_GAME_STATE_CHANGED(), status: exit, state: GameplayInitStepNetworkEvents
04:07:16.724 [Lua] [MOD][DMF][INFO] Attempted to hook 84 delayed functions
04:07:16.724 [Lua] DMF:ON_GAME_STATE_CHANGED(), status: enter, state: GameplayInitStepTimer
04:07:16.724 [Lua] [MOD][DMF][INFO] Attempted to hook 84 delayed functions
04:07:16.741 [Lua] DMF:ON_GAME_STATE_CHANGED(), status: exit, state: GameplayInitStepTimer
04:07:16.741 [Lua] [MOD][DMF][INFO] Attempted to hook 84 delayed functions
04:07:16.741 [Lua] DMF:ON_GAME_STATE_CHANGED(), status: enter, state: GameplayInitGameModeDependencies
04:07:16.741 [Lua] [MOD][DMF][INFO] Attempted to hook 84 delayed functions
04:07:16.757 [Lua] DMF:ON_GAME_STATE_CHANGED(), status: exit, state: GameplayInitGameModeDependencies
04:07:16.757 [Lua] [MOD][DMF][INFO] Attempted to hook 84 delayed functions
04:07:16.757 [Lua] DMF:ON_GAME_STATE_CHANGED(), status: enter, state: GameplayInitStepNavWorldVolume
04:07:16.757 [Lua] [MOD][DMF][INFO] Attempted to hook 84 delayed functions
04:07:16.790 [Lua] DMF:ON_GAME_STATE_CHANGED(), status: exit, state: GameplayInitStepNavWorldVolume
04:07:16.791 [Lua] [MOD][DMF][INFO] Attempted to hook 84 delayed functions
04:07:16.791 [Lua] DMF:ON_GAME_STATE_CHANGED(), status: enter, state: GameplayInitStepNavSpawnPoints
04:07:16.791 [Lua] [MOD][DMF][INFO] Attempted to hook 84 delayed functions
04:07:16.824 [Lua] DMF:ON_GAME_STATE_CHANGED(), status: exit, state: GameplayInitStepNavSpawnPoints
04:07:16.824 [Lua] [MOD][DMF][INFO] Attempted to hook 84 delayed functions
04:07:16.824 [Lua] DMF:ON_GAME_STATE_CHANGED(), status: enter, state: GameplayInitStepMainPathOcclusion
04:07:16.824 [Lua] [MOD][DMF][INFO] Attempted to hook 84 delayed functions
04:07:16.857 [Lua] DMF:ON_GAME_STATE_CHANGED(), status: exit, state: GameplayInitStepMainPathOcclusion
04:07:16.857 [Lua] [MOD][DMF][INFO] Attempted to hook 84 delayed functions
04:07:16.857 [Lua] DMF:ON_GAME_STATE_CHANGED(), status: enter, state: GameplayInitStepFinalizeNavigation
04:07:16.857 [Lua] [MOD][DMF][INFO] Attempted to hook 84 delayed functions
04:07:16.874 [Lua] DMF:ON_GAME_STATE_CHANGED(), status: exit, state: GameplayInitStepFinalizeNavigation
04:07:16.874 [Lua] [MOD][DMF][INFO] Attempted to hook 84 delayed functions
04:07:16.874 [Lua] DMF:ON_GAME_STATE_CHANGED(), status: enter, state: GameplayInitStepPlayerEnterGame
04:07:16.874 [Lua] [MOD][DMF][INFO] Attempted to hook 84 delayed functions
04:07:16.907 [Lua] DMF:ON_GAME_STATE_CHANGED(), status: exit, state: GameplayInitStepPlayerEnterGame
04:07:16.907 [Lua] [MOD][DMF][INFO] Attempted to hook 84 delayed functions
04:07:16.907 [Lua] DMF:ON_GAME_STATE_CHANGED(), status: enter, state: GameplayInitStepWwiseGameSync
04:07:16.907 [Lua] [MOD][DMF][INFO] Attempted to hook 84 delayed functions
04:07:16.929 [Lua] DMF:ON_GAME_STATE_CHANGED(), status: exit, state: GameplayInitStepWwiseGameSync
04:07:16.929 [Lua] [MOD][DMF][INFO] Attempted to hook 84 delayed functions
04:07:16.929 [Lua] DMF:ON_GAME_STATE_CHANGED(), status: enter, state: GameplayInitStepVoiceOver
04:07:16.929 [Lua] [MOD][DMF][INFO] Attempted to hook 84 delayed functions
04:07:16.945 [Lua] DMF:ON_GAME_STATE_CHANGED(), status: exit, state: GameplayInitStepVoiceOver
04:07:16.946 [Lua] [MOD][DMF][INFO] Attempted to hook 84 delayed functions
04:07:16.946 [Lua] DMF:ON_GAME_STATE_CHANGED(), status: enter, state: GameplayInitStepNetworkStory
04:07:16.946 [Lua] [MOD][DMF][INFO] Attempted to hook 84 delayed functions
04:07:16.962 [Lua] DMF:ON_GAME_STATE_CHANGED(), status: exit, state: GameplayInitStepNetworkStory
04:07:16.962 [Lua] [MOD][DMF][INFO] Attempted to hook 84 delayed functions
04:07:16.962 [Lua] INFO [NarrativeManager] No current chapter to complete in story horde_intro
04:07:16.963 [Lua] DMF:ON_GAME_STATE_CHANGED(), status: enter, state: GameplayInitLevelSpawned
04:07:16.963 [Lua] [MOD][DMF][INFO] Attempted to hook 84 delayed functions
04:07:16.979 [Lua] [MOD][ViewmodelRigging][INFO] (hook_safe): Hooking 'post_update' from [FlyingCompanionMovementExtension] (Origin: function: 0x141166b0)
04:07:16.979 [Lua] [MOD][ViewmodelRigging][INFO] FlyingCompanionMovementExtension.post_update guarded raw (invisible to hook profilers)
04:07:16.979 [Lua] [MOD][ViewmodelRigging][INFO] (hook_safe): Hooking 'post_update' from [FlyingCompanionHuskMovementExtension] (Origin: function: 0x14116e30)
04:07:16.979 [Lua] [MOD][ViewmodelRigging][INFO] FlyingCompanionHuskMovementExtension.post_update guarded raw (invisible to hook profilers)
04:07:16.979 [Lua] DMF:ON_GAME_STATE_CHANGED(), status: exit, state: GameplayInitLevelSpawned
04:07:16.979 [Lua] [MOD][DMF][INFO] Attempted to hook 84 delayed functions
04:07:16.979 [Lua] DMF:ON_GAME_STATE_CHANGED(), status: enter, state: GameplayInitStepFinalizeExtensions
04:07:16.979 [Lua] [MOD][DMF][INFO] Attempted to hook 84 delayed functions
04:07:17.012 [Lua] DMF:ON_GAME_STATE_CHANGED(), status: exit, state: GameplayInitStepFinalizeExtensions
04:07:17.012 [Lua] [MOD][DMF][INFO] Attempted to hook 84 delayed functions
04:07:17.012 [Lua] DMF:ON_GAME_STATE_CHANGED(), status: enter, state: GameplayInitStepPacing
04:07:17.012 [Lua] [MOD][DMF][INFO] Attempted to hook 84 delayed functions
04:07:17.029 [Lua] DMF:ON_GAME_STATE_CHANGED(), status: exit, state: GameplayInitStepPacing
04:07:17.029 [Lua] [MOD][DMF][INFO] Attempted to hook 84 delayed functions
04:07:17.029 [Lua] DMF:ON_GAME_STATE_CHANGED(), status: enter, state: GameplayInitStepTerrorEvent
04:07:17.029 [Lua] [MOD][DMF][INFO] Attempted to hook 84 delayed functions
04:07:17.046 [Lua] DMF:ON_GAME_STATE_CHANGED(), status: exit, state: GameplayInitStepTerrorEvent
04:07:17.046 [Lua] [MOD][DMF][INFO] Attempted to hook 84 delayed functions
04:07:17.046 [Lua] DMF:ON_GAME_STATE_CHANGED(), status: enter, state: GameplayInitStepMutator
04:07:17.046 [Lua] [MOD][DMF][INFO] Attempted to hook 84 delayed functions
04:07:17.063 [Lua] DMF:ON_GAME_STATE_CHANGED(), status: exit, state: GameplayInitStepMutator
04:07:17.063 [Lua] [MOD][DMF][INFO] Attempted to hook 84 delayed functions
04:07:17.063 [Lua] DMF:ON_GAME_STATE_CHANGED(), status: enter, state: GameplayInitStepFinalizeDebug
04:07:17.063 [Lua] [MOD][DMF][INFO] Attempted to hook 84 delayed functions
04:07:17.079 [Lua] DMF:ON_GAME_STATE_CHANGED(), status: exit, state: GameplayInitStepFinalizeDebug
04:07:17.079 [Lua] [MOD][DMF][INFO] Attempted to hook 84 delayed functions
04:07:17.080 [Lua] DMF:ON_GAME_STATE_CHANGED(), status: enter, state: GameplayInitStepBreedTester
04:07:17.080 [Lua] [MOD][DMF][INFO] Attempted to hook 84 delayed functions
04:07:17.113 [Lua] DMF:ON_GAME_STATE_CHANGED(), status: exit, state: GameplayInitStepBreedTester
04:07:17.113 [Lua] [MOD][DMF][INFO] Attempted to hook 84 delayed functions
04:07:17.113 [Lua] DMF:ON_GAME_STATE_CHANGED(), status: enter, state: GameplayInitStepMissionServer
04:07:17.113 [Lua] [MOD][DMF][INFO] Attempted to hook 84 delayed functions
04:07:17.129 [Lua] DMF:ON_GAME_STATE_CHANGED(), status: exit, state: GameplayInitStepMissionServer
04:07:17.129 [Lua] [MOD][DMF][INFO] Attempted to hook 84 delayed functions
04:07:17.129 [Lua] DMF:ON_GAME_STATE_CHANGED(), status: enter, state: GameplayInitStepStateLastChecks
04:07:17.129 [Lua] [MOD][DMF][INFO] Attempted to hook 84 delayed functions
04:07:17.146 [Lua] DMF:ON_GAME_STATE_CHANGED(), status: exit, state: GameplayInitStepStateLastChecks
04:07:17.146 [Lua] [MOD][DMF][INFO] Attempted to hook 84 delayed functions
04:07:17.146 [Lua] INFO [LoadTimesReporter] Stopping timer resource_loading_timer
04:07:17.146 [Lua] INFO [LoadTimesReporter] Starting timer wait_for_spawn_timer
04:07:17.146 [Lua] DMF:ON_GAME_STATE_CHANGED(), status: enter, state: GameplayInitStepStateWaitForGroup
04:07:17.146 [Lua] [MOD][DMF][INFO] Attempted to hook 84 delayed functions
04:07:19.736 [Lua] INFO [StateGameplay] [GameplayInitStepStateWaitForGroup][rpc_group_loaded] channel_id(3), spawn_group(82), expected_spawn_group(82), peer_id(6adb6a7914953a92)
04:07:19.753 [Lua] DMF:ON_GAME_STATE_CHANGED(), status: exit, state: GameplayInitStepStateWaitForGroup
04:07:19.753 [Lua] [MOD][DMF][INFO] Attempted to hook 84 delayed functions
04:07:19.753 [Lua] DMF:ON_GAME_STATE_CHANGED(), status: enter, state: GameplayInitStepStateLast
04:07:19.753 [Lua] [MOD][DMF][INFO] Attempted to hook 84 delayed functions
04:07:19.770 [Lua] DMF:ON_GAME_STATE_CHANGED(), status: exit, state: GameplayStateInit
04:07:19.770 [Lua] [MOD][DMF][INFO] Attempted to hook 84 delayed functions
04:07:19.770 [Lua] DMF:ON_GAME_STATE_CHANGED(), status: exit, state: GameplayInitStepStateLast
04:07:19.770 [Lua] [MOD][DMF][INFO] Attempted to hook 84 delayed functions
04:07:19.770 [Lua] INFO [LoadTimesReporter] Stopping timer loading_timer
04:07:19.774 [Lua] DMF:ON_GAME_STATE_CHANGED(), status: enter, state: GameplayStateRun
04:07:19.774 [Lua] [MOD][DMF][INFO] Attempted to hook 84 delayed functions
04:07:19.775 [Lua] INFO [ConstantElementLoading] State changed GameplayStateInit -> GameplayStateRun
04:07:19.775 [Lua] INFO [ConstantElementLoading] Closing view "loading_view"
04:07:19.788 [Lua] INFO [ConstantElementLoading] Opening view "blank_view"
04:07:20.067 warning: [Profiler] [main] Stall 108 ms on frame 3412: 
    Application::update 108 ms
04:07:20.086 [Lua] INFO [CharacterSheet] Selecting talent (cryptic_coherency_regen_aura_improved) over (cryptic_coherency_regen_aura) due to higher prio. (6 > -1)
04:07:20.087 [Lua] INFO [CharacterSheet] Selecting talent (zealot_additional_charge_of_ability) over (zealot_dash) due to higher prio. (12 > -1)
04:07:20.087 [Lua] INFO [CharacterSheet] Selecting talent (zealot_additional_charge_of_ability) over (zealot_attack_speed_post_ability) due to higher prio. (12 > 11)
04:07:20.087 [Lua] INFO [CharacterSheet] Selecting talent (zealot_additional_charge_of_ability) over (zealot_attack_speed_post_ability) due to higher prio. (12 > 11)
04:07:20.087 [Lua] INFO [CharacterSheet] Selecting talent (zealot_toughness_damage_reduction_coherency_improved) over (zealot_toughness_damage_coherency) due to higher prio. (9 > -1)
04:07:20.088 [Lua] INFO [CharacterSheet] Selecting talent (cryptic_grenade_ability_arc_grenade) over (cryptic_servo_skull_order) due to higher prio. (4 > -1)
04:07:20.090 [Lua] INFO [CharacterSheet] Selecting talent (ogryn_melee_damage_coherency_improved) over (ogryn_melee_damage_coherency) due to higher prio. (13 > -1)
04:07:20.091 [Lua] INFO [CharacterSheet] Selecting talent (veteran_aura_gain_ammo_on_elite_kill_improved) over (veteran_aura_gain_ammo_on_elite_kill) due to higher prio. (11 > -1)
04:07:20.091 [Lua] INFO [CharacterSheet] Selecting talent (veteran_combat_ability_elite_and_special_outlines) over (veteran_combat_ability_stance) due to higher prio. (13 > -1)
04:07:20.153 [Lua] INFO [CharacterSheet] Selecting talent (veteran_aura_gain_ammo_on_elite_kill_improved) over (veteran_aura_gain_ammo_on_elite_kill) due to higher prio. (11 > -1)
04:07:20.154 [Lua] INFO [CharacterSheet] Selecting talent (veteran_increased_weakspot_power_after_combat_ability) over (veteran_increased_close_damage_after_combat_ability) due to higher prio. (14 > 14)
04:07:20.156 [Lua] INFO [CharacterSheet] Selecting talent (broker_aura_gunslinger_improved) over (broker_aura_gunslinger) due to higher prio. (9 > -1)
04:07:20.156 [Lua] INFO [CharacterSheet] Selecting talent (broker_blitz_missile_launcher) over (broker_blitz_flash_grenade) due to higher prio. (4 > -1)
04:07:20.157 [Lua] INFO [CharacterSheet] Selecting talent (veteran_aura_gain_ammo_on_elite_kill_improved) over (veteran_aura_gain_ammo_on_elite_kill) due to higher prio. (11 > -1)
04:07:20.159 [Lua] INFO [CharacterSheet] Selecting talent (adamant_companion_coherency) over (adamant_companion_aura) due to higher prio. (9 > -1)
04:07:20.159 [Lua] INFO [CharacterSheet] Selecting talent (adamant_companion_coherency) over (adamant_companion_aura) due to higher prio. (9 > -1)
04:07:20.159 [Lua] INFO [CharacterSheet] Selecting talent (adamant_companion_coherency) over (adamant_companion_aura) due to higher prio. (9 > -1)
04:07:20.159 [Lua] INFO [CharacterSheet] Selecting talent (adamant_shock_mine) over (adamant_grenade) due to higher prio. (5 > -1)
04:07:20.159 [Lua] INFO [CharacterSheet] Selecting talent (adamant_shock_mine) over (adamant_grenade) due to higher prio. (5 > -1)
04:07:20.161 [Lua] INFO [CharacterSheet] Selecting talent (zealot_corruption_healing_coherency_improved) over (zealot_toughness_damage_coherency) due to higher prio. (10 > -1)
04:07:20.161 [Lua] INFO [CharacterSheet] Selecting talent (zealot_increased_duration) over (zealot_stealth) due to higher prio. (12 > 11)
04:07:20.161 [Lua] INFO [CharacterSheet] Selecting talent (zealot_increased_duration) over (zealot_stealth) due to higher prio. (12 > 11)
04:07:20.164 [Lua] INFO [CharacterSheet] Selecting talent (ogryn_damage_vs_suppressed_coherency) over (ogryn_melee_damage_coherency) due to higher prio. (13 > -1)
04:07:20.166 [Lua] INFO [CharacterSheet] Selecting talent (broker_aura_gunslinger_improved) over (broker_aura_gunslinger) due to higher prio. (9 > -1)
04:07:20.246 [Lua] INFO [CharacterSheet] Selecting talent (cryptic_ammo_aura) over (cryptic_coherency_regen_aura) due to higher prio. (7 > -1)
04:07:20.246 [Lua] INFO [CharacterSheet] Selecting talent (cryptic_flamethrower) over (cryptic_servo_skull_order) due to higher prio. (5 > -1)
04:07:20.246 [Lua] INFO [CharacterSheet] Selecting talent (cryptic_flamethrower) over (cryptic_servo_skull_improved) due to higher prio. (5 > 4)
04:07:20.246 [Lua] INFO [CharacterSheet] Selecting talent (cryptic_flamethrower) over (cryptic_servo_skull_improved) due to higher prio. (5 > 4)
04:07:20.246 [Lua] INFO [CharacterSheet] Selecting talent (cryptic_servo_skull_inject_ally) over (cryptic_flamethrower) due to higher prio. (5 > 5)
04:07:20.247 [Lua] INFO [AdaptiveClockHandlerClient] Clock synced clock_start:12896.701247 clock_offset:0.249017 last_frame:128966
04:07:20.309 [Lua] [MOD][extended_weapon_customization][INFO] sub attachment: [Unit '#ID[fd2f6897f1493283]'] name: shiv_p1_us001_ver01 slot: grip
04:07:20.309 [Lua] [MOD][extended_weapon_customization][INFO] sub attachment: [Unit '#ID[355408b692440f34]'] name: shiv_p1_us001_ver01 slot: body
04:07:20.309 [Lua] [MOD][extended_weapon_customization][INFO] sub attachment: [Unit '#ID[c35a3fdc36cd42b1]'] name: shiv_p1_us001_ver01 slot: slot_trinket_1
04:07:20.309 [Lua] [MOD][extended_weapon_customization][INFO] sub attachment: [Unit '#ID[6e94f2f24a8bbaf5]'] name: trinket_hook_empty slot: trinket_hook
04:07:20.309 [Lua] [MOD][extended_weapon_customization][INFO] sub attachment: [Unit '#ID[c35a3fdc36cd42b1]'] name: invisible_sight_01 slot: slot_trinket_2
04:07:20.310 [Lua] [MOD][extended_weapon_customization][INFO] sub attachment: [Unit '#ID[91f51d6216a35ea5]'] name: shiv_p1_us001_ver01 slot: trail
04:07:20.310 [Lua] [MOD][extended_weapon_customization][INFO] sub attachment: [Unit '#ID[c35a3fdc36cd42b1]'] name: shiv_p1_us001_ver01 slot: zzz_shared_material_overrides
04:07:20.310 [Lua] [MOD][extended_weapon_customization][INFO] sub attachment: [Unit '#ID[fd2f6897f1493283]'] name: shiv_p1_us001_ver01 slot: grip
04:07:20.310 [Lua] [MOD][extended_weapon_customization][INFO] sub attachment: [Unit '#ID[355408b692440f34]'] name: shiv_p1_us001_ver01 slot: body
04:07:20.310 [Lua] [MOD][extended_weapon_customization][INFO] sub attachment: [Unit '#ID[c35a3fdc36cd42b1]'] name: shiv_p1_us001_ver01 slot: slot_trinket_1
04:07:20.310 [Lua] [MOD][extended_weapon_customization][INFO] sub attachment: [Unit '#ID[6e94f2f24a8bbaf5]'] name: trinket_hook_empty slot: trinket_hook
04:07:20.310 [Lua] [MOD][extended_weapon_customization][INFO] sub attachment: [Unit '#ID[c35a3fdc36cd42b1]'] name: invisible_sight_01 slot: slot_trinket_2
04:07:20.310 [Lua] [MOD][extended_weapon_customization][INFO] sub attachment: [Unit '#ID[91f51d6216a35ea5]'] name: shiv_p1_us001_ver01 slot: trail
04:07:20.310 [Lua] [MOD][extended_weapon_customization][INFO] sub attachment: [Unit '#ID[c35a3fdc36cd42b1]'] name: shiv_p1_us001_ver01 slot: zzz_shared_material_overrides
04:07:20.310 [Lua] [MOD][extended_weapon_customization][INFO] sub attachment: [Unit '#ID[fd2f6897f1493283]'] name: shiv_p1_us001_ver01 slot: grip
04:07:20.310 [Lua] [MOD][extended_weapon_customization][INFO] sub attachment: [Unit '#ID[355408b692440f34]'] name: shiv_p1_us001_ver01 slot: body
04:07:20.310 [Lua] [MOD][extended_weapon_customization][INFO] sub attachment: [Unit '#ID[c35a3fdc36cd42b1]'] name: shiv_p1_us001_ver01 slot: slot_trinket_1
04:07:20.310 [Lua] [MOD][extended_weapon_customization][INFO] sub attachment: [Unit '#ID[6e94f2f24a8bbaf5]'] name: trinket_hook_empty slot: trinket_hook
04:07:20.310 [Lua] [MOD][extended_weapon_customization][INFO] sub attachment: [Unit '#ID[c35a3fdc36cd42b1]'] name: invisible_sight_01 slot: slot_trinket_2
04:07:20.310 [Lua] [MOD][extended_weapon_customization][INFO] sub attachment: [Unit '#ID[91f51d6216a35ea5]'] name: shiv_p1_us001_ver01 slot: trail
04:07:20.310 [Lua] [MOD][extended_weapon_customization][INFO] sub attachment: [Unit '#ID[c35a3fdc36cd42b1]'] name: shiv_p1_us001_ver01 slot: zzz_shared_material_overrides
04:07:20.310 [Lua] [MOD][extended_weapon_customization][INFO] sub attachment: [Unit '#ID[fd2f6897f1493283]'] name: shiv_p1_us001_ver01 slot: grip
04:07:20.310 [Lua] [MOD][extended_weapon_customization][INFO] sub attachment: [Unit '#ID[355408b692440f34]'] name: shiv_p1_us001_ver01 slot: body
04:07:20.310 [Lua] [MOD][extended_weapon_customization][INFO] sub attachment: [Unit '#ID[c35a3fdc36cd42b1]'] name: shiv_p1_us001_ver01 slot: slot_trinket_1
04:07:20.310 [Lua] [MOD][extended_weapon_customization][INFO] sub attachment: [Unit '#ID[6e94f2f24a8bbaf5]'] name: trinket_hook_empty slot: trinket_hook
04:07:20.310 [Lua] [MOD][extended_weapon_customization][INFO] sub attachment: [Unit '#ID[c35a3fdc36cd42b1]'] name: invisible_sight_01 slot: slot_trinket_2
04:07:20.310 [Lua] [MOD][extended_weapon_customization][INFO] sub attachment: [Unit '#ID[91f51d6216a35ea5]'] name: shiv_p1_us001_ver01 slot: trail
04:07:20.310 [Lua] [MOD][extended_weapon_customization][INFO] sub attachment: [Unit '#ID[c35a3fdc36cd42b1]'] name: shiv_p1_us001_ver01 slot: zzz_shared_material_overrides
04:07:20.311 [Lua] [MOD][extended_weapon_customization][INFO] sub attachment: [Unit '#ID[fd2f6897f1493283]'] name: shiv_p1_us001_ver01 slot: grip
04:07:20.311 [Lua] [MOD][extended_weapon_customization][INFO] sub attachment: [Unit '#ID[355408b692440f34]'] name: shiv_p1_us001_ver01 slot: body
04:07:20.311 [Lua] [MOD][extended_weapon_customization][INFO] sub attachment: [Unit '#ID[c35a3fdc36cd42b1]'] name: shiv_p1_us001_ver01 slot: slot_trinket_1
04:07:20.311 [Lua] [MOD][extended_weapon_customization][INFO] sub attachment: [Unit '#ID[6e94f2f24a8bbaf5]'] name: trinket_hook_empty slot: trinket_hook
04:07:20.311 [Lua] [MOD][extended_weapon_customization][INFO] sub attachment: [Unit '#ID[c35a3fdc36cd42b1]'] name: invisible_sight_01 slot: slot_trinket_2
04:07:20.311 [Lua] [MOD][extended_weapon_customization][INFO] sub attachment: [Unit '#ID[91f51d6216a35ea5]'] name: shiv_p1_us001_ver01 slot: trail
04:07:20.311 [Lua] [MOD][extended_weapon_customization][INFO] sub attachment: [Unit '#ID[c35a3fdc36cd42b1]'] name: shiv_p1_us001_ver01 slot: zzz_shared_material_overrides
04:07:20.311 [Lua] [MOD][extended_weapon_customization][INFO] sub attachment: [Unit '#ID[fd2f6897f1493283]'] name: shiv_p1_us001_ver01 slot: grip
04:07:20.311 [Lua] [MOD][extended_weapon_customization][INFO] sub attachment: [Unit '#ID[355408b692440f34]'] name: shiv_p1_us001_ver01 slot: body
04:07:20.311 [Lua] [MOD][extended_weapon_customization][INFO] sub attachment: [Unit '#ID[c35a3fdc36cd42b1]'] name: shiv_p1_us001_ver01 slot: slot_trinket_1
04:07:20.311 [Lua] [MOD][extended_weapon_customization][INFO] sub attachment: [Unit '#ID[6e94f2f24a8bbaf5]'] name: trinket_hook_empty slot: trinket_hook
04:07:20.311 [Lua] [MOD][extended_weapon_customization][INFO] sub attachment: [Unit '#ID[c35a3fdc36cd42b1]'] name: invisible_sight_01 slot: slot_trinket_2
04:07:20.311 [Lua] [MOD][extended_weapon_customization][INFO] sub attachment: [Unit '#ID[91f51d6216a35ea5]'] name: shiv_p1_us001_ver01 slot: trail
04:07:20.311 [Lua] [MOD][extended_weapon_customization][INFO] sub attachment: [Unit '#ID[c35a3fdc36cd42b1]'] name: shiv_p1_us001_ver01 slot: zzz_shared_material_overrides
04:07:20.311 [Lua] [MOD][extended_weapon_customization][INFO] sub attachment: [Unit '#ID[fd2f6897f1493283]'] name: shiv_p1_us001_ver01 slot: grip
04:07:20.311 [Lua] [MOD][extended_weapon_customization][INFO] sub attachment: [Unit '#ID[355408b692440f34]'] name: shiv_p1_us001_ver01 slot: body
04:07:20.311 [Lua] [MOD][extended_weapon_customization][INFO] sub attachment: [Unit '#ID[c35a3fdc36cd42b1]'] name: shiv_p1_us001_ver01 slot: slot_trinket_1
04:07:20.311 [Lua] [MOD][extended_weapon_customization][INFO] sub attachment: [Unit '#ID[6e94f2f24a8bbaf5]'] name: trinket_hook_empty slot: trinket_hook
04:07:20.311 [Lua] [MOD][extended_weapon_customization][INFO] sub attachment: [Unit '#ID[c35a3fdc36cd42b1]'] name: invisible_sight_01 slot: slot_trinket_2
04:07:20.311 [Lua] [MOD][extended_weapon_customization][INFO] sub attachment: [Unit '#ID[91f51d6216a35ea5]'] name: shiv_p1_us001_ver01 slot: trail
04:07:20.311 [Lua] [MOD][extended_weapon_customization][INFO] sub attachment: [Unit '#ID[c35a3fdc36cd42b1]'] name: shiv_p1_us001_ver01 slot: zzz_shared_material_overrides
04:07:20.312 [Lua] [MOD][extended_weapon_customization][INFO] sub attachment: [Unit '#ID[fd2f6897f1493283]'] name: shiv_p1_us001_ver01 slot: grip
04:07:20.312 [Lua] [MOD][extended_weapon_customization][INFO] sub attachment: [Unit '#ID[355408b692440f34]'] name: shiv_p1_us001_ver01 slot: body
04:07:20.312 [Lua] [MOD][extended_weapon_customization][INFO] sub attachment: [Unit '#ID[c35a3fdc36cd42b1]'] name: shiv_p1_us001_ver01 slot: slot_trinket_1
04:07:20.312 [Lua] [MOD][extended_weapon_customization][INFO] sub attachment: [Unit '#ID[6e94f2f24a8bbaf5]'] name: trinket_hook_empty slot: trinket_hook
04:07:20.312 [Lua] [MOD][extended_weapon_customization][INFO] sub attachment: [Unit '#ID[c35a3fdc36cd42b1]'] name: invisible_sight_01 slot: slot_trinket_2
04:07:20.312 [Lua] [MOD][extended_weapon_customization][INFO] sub attachment: [Unit '#ID[91f51d6216a35ea5]'] name: shiv_p1_us001_ver01 slot: trail
04:07:20.312 [Lua] [MOD][extended_weapon_customization][INFO] sub attachment: [Unit '#ID[c35a3fdc36cd42b1]'] name: shiv_p1_us001_ver01 slot: zzz_shared_material_overrides
04:07:20.315 [Lua] [MOD][extended_weapon_customization][INFO] custom template autogun_p1
04:07:20.315 [Lua] [MOD][extended_weapon_customization][INFO] set custom template autogun_p1 for original weapon shotgun_p3_m1
04:07:20.321 [Lua] [MOD][extended_weapon_customization][INFO] sub attachment: [Unit '#ID[5f0826a0811fad86]'] name: transonic_knife_p1_m1 slot: grip
04:07:20.321 [Lua] [MOD][extended_weapon_customization][INFO] sub attachment: [Unit '#ID[f9ece58e8e0e387b]'] name: transonic_knife_p1_m1 slot: body
04:07:20.321 [Lua] [MOD][extended_weapon_customization][INFO] sub attachment: [Unit '#ID[91f51d6216a35ea5]'] name: transonic_knife_p1_m1 slot: trail
04:07:20.322 [Lua] [MOD][extended_weapon_customization][INFO] sub attachment: [Unit '#ID[be3fa5c357b9e79e]'] name: transonic_sword_p1_m1 slot: grip
04:07:20.322 [Lua] [MOD][extended_weapon_customization][INFO] sub attachment: [Unit '#ID[1cec20b4ad9d28ff]'] name: transonic_sword_p1_m1 slot: body
04:07:20.322 [Lua] [MOD][extended_weapon_customization][INFO] sub attachment: [Unit '#ID[3e566025efd3ee39]'] name: transonic_sword_p1_m1 slot: trail
04:07:20.322 [Lua] [MOD][extended_weapon_customization][INFO] sub attachment: [Unit '#ID[5f0826a0811fad86]'] name: transonic_knife_p1_m1 slot: grip
04:07:20.322 [Lua] [MOD][extended_weapon_customization][INFO] sub attachment: [Unit '#ID[f9ece58e8e0e387b]'] name: transonic_knife_p1_m1 slot: body
04:07:20.322 [Lua] [MOD][extended_weapon_customization][INFO] sub attachment: [Unit '#ID[91f51d6216a35ea5]'] name: transonic_knife_p1_m1 slot: trail
04:07:20.322 [Lua] [MOD][extended_weapon_customization][INFO] sub attachment: [Unit '#ID[be3fa5c357b9e79e]'] name: transonic_sword_p1_m1 slot: grip
04:07:20.322 [Lua] [MOD][extended_weapon_customization][INFO] sub attachment: [Unit '#ID[1cec20b4ad9d28ff]'] name: transonic_sword_p1_m1 slot: body
04:07:20.322 [Lua] [MOD][extended_weapon_customization][INFO] sub attachment: [Unit '#ID[3e566025efd3ee39]'] name: transonic_sword_p1_m1 slot: trail
04:07:20.322 [Lua] [MOD][extended_weapon_customization][INFO] sub attachment: [Unit '#ID[5f0826a0811fad86]'] name: transonic_knife_p1_m1 slot: grip
04:07:20.322 [Lua] [MOD][extended_weapon_customization][INFO] sub attachment: [Unit '#ID[f9ece58e8e0e387b]'] name: transonic_knife_p1_m1 slot: body
04:07:20.322 [Lua] [MOD][extended_weapon_customization][INFO] sub attachment: [Unit '#ID[91f51d6216a35ea5]'] name: transonic_knife_p1_m1 slot: trail
04:07:20.322 [Lua] [MOD][extended_weapon_customization][INFO] sub attachment: [Unit '#ID[be3fa5c357b9e79e]'] name: transonic_sword_p1_m1 slot: grip
04:07:20.322 [Lua] [MOD][extended_weapon_customization][INFO] sub attachment: [Unit '#ID[1cec20b4ad9d28ff]'] name: transonic_sword_p1_m1 slot: body
04:07:20.322 [Lua] [MOD][extended_weapon_customization][INFO] sub attachment: [Unit '#ID[3e566025efd3ee39]'] name: transonic_sword_p1_m1 slot: trail
04:07:20.322 [Lua] [MOD][extended_weapon_customization][INFO] sub attachment: [Unit '#ID[5f0826a0811fad86]'] name: transonic_knife_p1_m1 slot: grip
04:07:20.323 [Lua] [MOD][extended_weapon_customization][INFO] sub attachment: [Unit '#ID[f9ece58e8e0e387b]'] name: transonic_knife_p1_m1 slot: body
04:07:20.323 [Lua] [MOD][extended_weapon_customization][INFO] sub attachment: [Unit '#ID[91f51d6216a35ea5]'] name: transonic_knife_p1_m1 slot: trail
04:07:20.323 [Lua] [MOD][extended_weapon_customization][INFO] sub attachment: [Unit '#ID[be3fa5c357b9e79e]'] name: transonic_sword_p1_m1 slot: grip
04:07:20.323 [Lua] [MOD][extended_weapon_customization][INFO] sub attachment: [Unit '#ID[1cec20b4ad9d28ff]'] name: transonic_sword_p1_m1 slot: body
04:07:20.323 [Lua] [MOD][extended_weapon_customization][INFO] sub attachment: [Unit '#ID[3e566025efd3ee39]'] name: transonic_sword_p1_m1 slot: trail
04:07:20.362 [Lua] [MOD][extended_weapon_customization][INFO] sub attachment: [Unit '#ID[fd2f6897f1493283]'] name: shiv_p1_us001_ver01 slot: grip
04:07:20.362 [Lua] [MOD][extended_weapon_customization][INFO] sub attachment: [Unit '#ID[355408b692440f34]'] name: shiv_p1_us001_ver01 slot: body
04:07:20.362 [Lua] [MOD][extended_weapon_customization][INFO] sub attachment: [Unit '#ID[c35a3fdc36cd42b1]'] name: shiv_p1_us001_ver01 slot: slot_trinket_1
04:07:20.362 [Lua] [MOD][extended_weapon_customization][INFO] sub attachment: [Unit '#ID[6e94f2f24a8bbaf5]'] name: trinket_hook_empty slot: trinket_hook
04:07:20.362 [Lua] [MOD][extended_weapon_customization][INFO] sub attachment: [Unit '#ID[c35a3fdc36cd42b1]'] name: invisible_sight_01 slot: slot_trinket_2
04:07:20.362 [Lua] [MOD][extended_weapon_customization][INFO] sub attachment: [Unit '#ID[91f51d6216a35ea5]'] name: shiv_p1_us001_ver01 slot: trail
04:07:20.362 [Lua] [MOD][extended_weapon_customization][INFO] sub attachment: [Unit '#ID[c35a3fdc36cd42b1]'] name: shiv_p1_us001_ver01 slot: zzz_shared_material_overrides
04:07:20.362 [Lua] [MOD][extended_weapon_customization][INFO] sub attachment: [Unit '#ID[fd2f6897f1493283]'] name: shiv_p1_us001_ver01 slot: grip
04:07:20.362 [Lua] [MOD][extended_weapon_customization][INFO] sub attachment: [Unit '#ID[355408b692440f34]'] name: shiv_p1_us001_ver01 slot: body
04:07:20.362 [Lua] [MOD][extended_weapon_customization][INFO] sub attachment: [Unit '#ID[c35a3fdc36cd42b1]'] name: shiv_p1_us001_ver01 slot: slot_trinket_1
04:07:20.362 [Lua] [MOD][extended_weapon_customization][INFO] sub attachment: [Unit '#ID[6e94f2f24a8bbaf5]'] name: trinket_hook_empty slot: trinket_hook
04:07:20.362 [Lua] [MOD][extended_weapon_customization][INFO] sub attachment: [Unit '#ID[c35a3fdc36cd42b1]'] name: invisible_sight_01 slot: slot_trinket_2
04:07:20.362 [Lua] [MOD][extended_weapon_customization][INFO] sub attachment: [Unit '#ID[91f51d6216a35ea5]'] name: shiv_p1_us001_ver01 slot: trail
04:07:20.362 [Lua] [MOD][extended_weapon_customization][INFO] sub attachment: [Unit '#ID[c35a3fdc36cd42b1]'] name: shiv_p1_us001_ver01 slot: zzz_shared_material_overrides
04:07:20.362 [Lua] [MOD][extended_weapon_customization][INFO] sub attachment: [Unit '#ID[fd2f6897f1493283]'] name: shiv_p1_us001_ver01 slot: grip
04:07:20.362 [Lua] [MOD][extended_weapon_customization][INFO] sub attachment: [Unit '#ID[355408b692440f34]'] name: shiv_p1_us001_ver01 slot: body
04:07:20.362 [Lua] [MOD][extended_weapon_customization][INFO] sub attachment: [Unit '#ID[c35a3fdc36cd42b1]'] name: shiv_p1_us001_ver01 slot: slot_trinket_1
04:07:20.362 [Lua] [MOD][extended_weapon_customization][INFO] sub attachment: [Unit '#ID[6e94f2f24a8bbaf5]'] name: trinket_hook_empty slot: trinket_hook
04:07:20.362 [Lua] [MOD][extended_weapon_customization][INFO] sub attachment: [Unit '#ID[c35a3fdc36cd42b1]'] name: invisible_sight_01 slot: slot_trinket_2
04:07:20.362 [Lua] [MOD][extended_weapon_customization][INFO] sub attachment: [Unit '#ID[91f51d6216a35ea5]'] name: shiv_p1_us001_ver01 slot: trail
04:07:20.362 [Lua] [MOD][extended_weapon_customization][INFO] sub attachment: [Unit '#ID[c35a3fdc36cd42b1]'] name: shiv_p1_us001_ver01 slot: zzz_shared_material_overrides
04:07:20.362 [Lua] [MOD][extended_weapon_customization][INFO] sub attachment: [Unit '#ID[fd2f6897f1493283]'] name: shiv_p1_us001_ver01 slot: grip
04:07:20.362 [Lua] [MOD][extended_weapon_customization][INFO] sub attachment: [Unit '#ID[355408b692440f34]'] name: shiv_p1_us001_ver01 slot: body
04:07:20.362 [Lua] [MOD][extended_weapon_customization][INFO] sub attachment: [Unit '#ID[c35a3fdc36cd42b1]'] name: shiv_p1_us001_ver01 slot: slot_trinket_1
04:07:20.362 [Lua] [MOD][extended_weapon_customization][INFO] sub attachment: [Unit '#ID[6e94f2f24a8bbaf5]'] name: trinket_hook_empty slot: trinket_hook
04:07:20.362 [Lua] [MOD][extended_weapon_customization][INFO] sub attachment: [Unit '#ID[c35a3fdc36cd42b1]'] name: invisible_sight_01 slot: slot_trinket_2
04:07:20.362 [Lua] [MOD][extended_weapon_customization][INFO] sub attachment: [Unit '#ID[91f51d6216a35ea5]'] name: shiv_p1_us001_ver01 slot: trail
04:07:20.362 [Lua] [MOD][extended_weapon_customization][INFO] sub attachment: [Unit '#ID[c35a3fdc36cd42b1]'] name: shiv_p1_us001_ver01 slot: zzz_shared_material_overrides
04:07:20.363 [Lua] [MOD][extended_weapon_customization][INFO] sub attachment: [Unit '#ID[fd2f6897f1493283]'] name: shiv_p1_us001_ver01 slot: grip
04:07:20.363 [Lua] [MOD][extended_weapon_customization][INFO] sub attachment: [Unit '#ID[355408b692440f34]'] name: shiv_p1_us001_ver01 slot: body
04:07:20.363 [Lua] [MOD][extended_weapon_customization][INFO] sub attachment: [Unit '#ID[c35a3fdc36cd42b1]'] name: shiv_p1_us001_ver01 slot: slot_trinket_1
04:07:20.363 [Lua] [MOD][extended_weapon_customization][INFO] sub attachment: [Unit '#ID[6e94f2f24a8bbaf5]'] name: trinket_hook_empty slot: trinket_hook
04:07:20.363 [Lua] [MOD][extended_weapon_customization][INFO] sub attachment: [Unit '#ID[c35a3fdc36cd42b1]'] name: invisible_sight_01 slot: slot_trinket_2
04:07:20.363 [Lua] [MOD][extended_weapon_customization][INFO] sub attachment: [Unit '#ID[91f51d6216a35ea5]'] name: shiv_p1_us001_ver01 slot: trail
04:07:20.363 [Lua] [MOD][extended_weapon_customization][INFO] sub attachment: [Unit '#ID[c35a3fdc36cd42b1]'] name: shiv_p1_us001_ver01 slot: zzz_shared_material_overrides
04:07:20.364 [Lua] [MOD][extended_weapon_customization][INFO] sub attachment: [Unit '#ID[fd2f6897f1493283]'] name: shiv_p1_us001_ver01 slot: grip
04:07:20.364 [Lua] [MOD][extended_weapon_customization][INFO] sub attachment: [Unit '#ID[355408b692440f34]'] name: shiv_p1_us001_ver01 slot: body
04:07:20.364 [Lua] [MOD][extended_weapon_customization][INFO] sub attachment: [Unit '#ID[c35a3fdc36cd42b1]'] name: shiv_p1_us001_ver01 slot: slot_trinket_1
04:07:20.364 [Lua] [MOD][extended_weapon_customization][INFO] sub attachment: [Unit '#ID[6e94f2f24a8bbaf5]'] name: trinket_hook_empty slot: trinket_hook
04:07:20.364 [Lua] [MOD][extended_weapon_customization][INFO] sub attachment: [Unit '#ID[c35a3fdc36cd42b1]'] name: invisible_sight_01 slot: slot_trinket_2
04:07:20.364 [Lua] [MOD][extended_weapon_customization][INFO] sub attachment: [Unit '#ID[91f51d6216a35ea5]'] name: shiv_p1_us001_ver01 slot: trail
04:07:20.364 [Lua] [MOD][extended_weapon_customization][INFO] sub attachment: [Unit '#ID[c35a3fdc36cd42b1]'] name: shiv_p1_us001_ver01 slot: zzz_shared_material_overrides
04:07:20.364 [Lua] [MOD][extended_weapon_customization][INFO] sub attachment: [Unit '#ID[fd2f6897f1493283]'] name: shiv_p1_us001_ver01 slot: grip
04:07:20.364 [Lua] [MOD][extended_weapon_customization][INFO] sub attachment: [Unit '#ID[355408b692440f34]'] name: shiv_p1_us001_ver01 slot: body
04:07:20.364 [Lua] [MOD][extended_weapon_customization][INFO] sub attachment: [Unit '#ID[c35a3fdc36cd42b1]'] name: shiv_p1_us001_ver01 slot: slot_trinket_1
04:07:20.364 [Lua] [MOD][extended_weapon_customization][INFO] sub attachment: [Unit '#ID[6e94f2f24a8bbaf5]'] name: trinket_hook_empty slot: trinket_hook
04:07:20.364 [Lua] [MOD][extended_weapon_customization][INFO] sub attachment: [Unit '#ID[c35a3fdc36cd42b1]'] name: invisible_sight_01 slot: slot_trinket_2
04:07:20.364 [Lua] [MOD][extended_weapon_customization][INFO] sub attachment: [Unit '#ID[91f51d6216a35ea5]'] name: shiv_p1_us001_ver01 slot: trail
04:07:20.364 [Lua] [MOD][extended_weapon_customization][INFO] sub attachment: [Unit '#ID[c35a3fdc36cd42b1]'] name: shiv_p1_us001_ver01 slot: zzz_shared_material_overrides
04:07:20.364 [Lua] [MOD][extended_weapon_customization][INFO] sub attachment: [Unit '#ID[fd2f6897f1493283]'] name: shiv_p1_us001_ver01 slot: grip
04:07:20.364 [Lua] [MOD][extended_weapon_customization][INFO] sub attachment: [Unit '#ID[355408b692440f34]'] name: shiv_p1_us001_ver01 slot: body
04:07:20.364 [Lua] [MOD][extended_weapon_customization][INFO] sub attachment: [Unit '#ID[c35a3fdc36cd42b1]'] name: shiv_p1_us001_ver01 slot: slot_trinket_1
04:07:20.364 [Lua] [MOD][extended_weapon_customization][INFO] sub attachment: [Unit '#ID[6e94f2f24a8bbaf5]'] name: trinket_hook_empty slot: trinket_hook
04:07:20.364 [Lua] [MOD][extended_weapon_customization][INFO] sub attachment: [Unit '#ID[c35a3fdc36cd42b1]'] name: invisible_sight_01 slot: slot_trinket_2
04:07:20.364 [Lua] [MOD][extended_weapon_customization][INFO] sub attachment: [Unit '#ID[91f51d6216a35ea5]'] name: shiv_p1_us001_ver01 slot: trail
04:07:20.364 [Lua] [MOD][extended_weapon_customization][INFO] sub attachment: [Unit '#ID[c35a3fdc36cd42b1]'] name: shiv_p1_us001_ver01 slot: zzz_shared_material_overrides
04:07:20.382 [Lua] INFO [UnitSpawnerManager] 4 : rpc_is_fully_hot_join_synced
04:07:20.382 [Lua] [MOD][Perspectives][INFO] (hook_safe): Hooking 'destroy' from [table: 0x140f1b20] (Origin: function: 0x08bc80f8)
04:07:20.407 [Lua] INFO [GameSessionManager] Member 17682f9caff0b99f joined
04:07:20.407 [Lua] INFO [GameSessionManager] Member 109acf52651f5823 joined
04:07:20.407 [Lua] INFO [GameSessionManager] Member 44ee2f1a8307d1ed joined
04:07:20.407 [Lua] INFO [GameSessionManager] Member bffd8486ad75f317 joined
04:07:20.407 [Lua] INFO [GameSessionManager] Member 8a73fba8bd816208 joined
04:07:20.407 [Lua] INFO [GameSessionManager] Member dd9eea7c2c9baedb joined
04:07:20.407 [Lua] INFO [GameSessionManager] Member 6adb6a7914953a92 joined
04:07:20.407 [Lua] INFO [GameSessionManager] Member b0400f61c17dd761 joined
04:07:20.407 [Lua] INFO [GameSessionManager] Member 2b57b2da3f2ea8ba joined
04:07:20.407 [Lua] INFO [GameSessionManager] Member 8f4c38c23824b6c4 joined
04:07:20.407 [Lua] INFO [GameSessionManager] Member 061fb2c66b6ad954 joined
04:07:20.407 [Lua] INFO [GameSessionManager] Member a8508e3cb1734eaa joined
04:07:20.407 [Lua] INFO [GameSessionManager] Member 9793b304d52a9cee joined
04:07:20.407 [Lua] INFO [GameSessionManager] Member 2958d20aed8f20fd joined
04:07:20.407 [Lua] INFO [GameSessionManager] Member 7a3bc8fb4be54d1f joined
04:07:20.407 [Lua] INFO [GameSessionManager] Member 910321d882f04c8c joined
04:07:20.407 [Lua] INFO [GameSessionManager] Member f7a81f1f513d31c4 joined
04:07:20.408 [Lua] [MOD][extended_weapon_customization][INFO] sight unit: [Unit '#ID[af90eed5ee62b2fb]']
04:07:20.413 [Lua] [MOD][DMF][INFO] HudElementNameplates is now available for previously-delayed hooks.
04:07:20.413 [Lua] [MOD][DMF][INFO] (hook): Hooking 'new' from [HudElementNameplates] (Origin: function: 0x15731548)
04:07:20.413 [Lua] [MOD][DMF][INFO] Attempting to hook 1 delayed hooks for object HudElementNameplates
04:07:20.413 [Lua] [MOD][ColorSelection][INFO] (hook_safe): Hooking 'update' from [HudElementNameplates] (Origin: function: 0x15731e60)
04:07:20.414 [Lua] [MOD][DMF][INFO] HudElementWorldMarkers is now available for previously-delayed hooks.
04:07:20.414 [Lua] [MOD][DMF][INFO] (hook): Hooking 'new' from [HudElementWorldMarkers] (Origin: function: 0x15763448)
04:07:20.414 [Lua] [MOD][DMF][INFO] Attempting to hook 2 delayed hooks for object HudElementWorldMarkers
04:07:20.414 [Lua] [MOD][Noospheric Mercy][INFO] (hook_safe): Hooking 'init' from [HudElementWorldMarkers] (Origin: function: 0x157640f0)
04:07:20.414 [Lua] [MOD][ColorSelection][INFO] (hook_safe): Hooking 'event_add_world_marker_unit' from [HudElementWorldMarkers] (Origin: function: 0x157641f8)
04:07:20.414 [Lua] [MOD][state_your_name][INFO] (hook): Hooking 'update_function' from [table: 0x1578ab50] (Origin: function: 0x1578b0d0)
04:07:20.414 [Lua] [MOD][NumericUI][INFO] (hook): Hooking 'on_enter' from [table: 0x1578ab50] (Origin: function: 0x1578b088)
04:07:20.414 [Lua] [MOD][NumericUI][INFO] (hook): Hooking 'on_enter' from [table: 0x1578e1e0] (Origin: function: 0x1578e8f0)
04:07:20.414 [Lua] [MOD][NumericUI][INFO] (hook): Hooking 'on_enter' from [table: 0x15791278] (Origin: function: 0x157918a0)
04:07:20.414 [Lua] [MOD][state_your_name][INFO] (hook): Hooking 'update_function' from [table: 0x157934c0] (Origin: function: 0x15793990)
04:07:20.414 [Lua] [MOD][state_your_name][INFO] (hook): Hooking 'update_function' from [table: 0x15795890] (Origin: function: 0x15795d80)
04:07:20.415 [Lua] [MOD][NumericUI][INFO] (hook): Hooking 'on_enter' from [table: 0x157b01f8] (Origin: function: 0x157b0de8)
04:07:20.415 [Lua] [MOD][NumericUI][INFO] (hook): Hooking 'create_widget_defintion' from [table: 0x157b41e0] (Origin: function: 0x157b4d20)
04:07:20.415 [Lua] [MOD][NumericUI][INFO] (hook): Hooking 'create_widget_defintion' from [table: 0x157b8170] (Origin: function: 0x157b8cb0)
04:07:20.415 [Lua] [MOD][DMF][INFO] HudElementInteraction is now available for previously-delayed hooks.
04:07:20.415 [Lua] [MOD][DMF][INFO] (hook): Hooking 'new' from [HudElementInteraction] (Origin: function: 0x157cd628)
04:07:20.415 [Lua] [MOD][DMF][INFO] Attempting to hook 2 delayed hooks for object HudElementInteraction
04:07:20.415 [Lua] [MOD][NumericUI][INFO] (hook_safe): Hooking 'update' from [HudElementInteraction] (Origin: function: 0x157ce398)
04:07:20.415 [Lua] [MOD][NumericUI][INFO] (hook_safe): Hooking '_setup_interaction_information' from [HudElementInteraction] (Origin: function: 0x157ce688)
04:07:20.416 warning: [Profiler] [renderer] Stall 171 ms on frame 3418: 
    ThreadPool::do_work_while_waiting_for_event 171 ms
04:07:20.432 [Lua] [MOD][DMF][INFO] HudElementPlayerPanelBase is now available for previously-delayed hooks.
04:07:20.432 [Lua] [MOD][DMF][INFO] (hook): Hooking 'new' from [HudElementPlayerPanelBase] (Origin: function: 0x1594fdf0)
04:07:20.432 [Lua] [MOD][ColorSelection][INFO] (hook_safe): Hooking 'update' from [HudElementPlayerPanelBase] (Origin: function: 0x13a150a0)
04:07:20.432 [Lua] [MOD][ColorSelection][INFO] (hook_safe): Hooking '_update_player_name_prefix' from [HudElementPlayerPanelBase] (Origin: function: 0x159506f8)
04:07:20.432 [Lua] [MOD][ColorSelection][INFO] (hook_safe): Hooking '_set_player_name' from [HudElementPlayerPanelBase] (Origin: function: 0x13a15498)
04:07:20.432 [Lua] [MOD][ColorSelection][INFO] (hook_safe): Hooking '_update_player_features' from [HudElementPlayerPanelBase] (Origin: function: 0x13a15140)
04:07:20.432 [Lua] [MOD][ColorSelection][INFO] (hook_safe): Hooking 'init' from [HudElementPlayerPanelBase] (Origin: function: 0x13a15018)
04:07:20.432 [Lua] [MOD][DMF][INFO] HudElementPersonalPlayerPanel is now available for previously-delayed hooks.
04:07:20.432 [Lua] [MOD][DMF][INFO] (hook): Hooking 'new' from [HudElementPersonalPlayerPanel] (Origin: function: 0x15954440)
04:07:20.433 [Lua] [MOD][DMF][INFO] HudElementPersonalPlayerPanelHub is now available for previously-delayed hooks.
04:07:20.433 [Lua] [MOD][DMF][INFO] (hook): Hooking 'new' from [HudElementPersonalPlayerPanelHub] (Origin: function: 0x15956e98)
04:07:20.433 [Lua] [MOD][DMF][INFO] HudElementTeamPlayerPanelHub is now available for previously-delayed hooks.
04:07:20.433 [Lua] [MOD][DMF][INFO] (hook): Hooking 'new' from [HudElementTeamPlayerPanelHub] (Origin: function: 0x15958a18)
04:07:20.433 [Lua] [MOD][DMF][INFO] HudElementTeamPlayerPanel is now available for previously-delayed hooks.
04:07:20.433 [Lua] [MOD][DMF][INFO] (hook): Hooking 'new' from [HudElementTeamPlayerPanel] (Origin: function: 0x1595a4e0)
04:07:20.433 [Lua] [MOD][state_your_name][INFO] (hook_safe): Hooking 'update' from [HudElementTeamPanelHandler] (Origin: function: 0x1595be60)
04:07:20.433 [Lua] [MOD][ColorSelection][INFO] (hook_safe): Hooking 'update' from [HudElementTeamPanelHandler] (Origin: function: 0x1595be60)
04:07:20.433 [Lua] [MOD][DMF][INFO] HudElementCrosshair is now available for previously-delayed hooks.
04:07:20.433 [Lua] [MOD][DMF][INFO] (hook): Hooking 'new' from [HudElementCrosshair] (Origin: function: 0x159620f8)
04:07:20.433 [Lua] [MOD][DMF][INFO] Attempting to hook 10 delayed hooks for object HudElementCrosshair
04:07:20.433 [Lua] [MOD][diagetic_HUD][INFO] (hook_safe): Hooking 'update' from [HudElementCrosshair] (Origin: function: 0x15963358)
04:07:20.433 [Lua] [MOD][ViewmodelRigging][INFO] (hook): Hooking '_crosshair_settings' from [HudElementCrosshair] (Origin: function: 0x15963378)
04:07:20.433 [Lua] [MOD][ViewmodelRigging][INFO] (hook_safe): Hooking 'update' from [HudElementCrosshair] (Origin: function: 0x15963358)
04:07:20.433 [Lua] [MOD][ViewmodelRigging][INFO] (hook_safe): Hooking 'init' from [HudElementCrosshair] (Origin: function: 0x15962eb8)
04:07:20.433 [Lua] [MOD][Perspectives][INFO] (hook): Hooking '_get_current_crosshair_type' from [HudElementCrosshair] (Origin: function: 0x159633e0)
04:07:20.433 [Lua] [MOD][extended_weapon_customization][INFO] (hook): Hooking '_get_current_crosshair_type' from [HudElementCrosshair] (Origin: function: 0x159633e0)
04:07:20.433 [Lua] [MOD][crosshair_remap][INFO] (hook): Hooking '_spread_yaw_pitch' from [HudElementCrosshair] (Origin: function: 0x159632b0)
04:07:20.433 [Lua] [MOD][crosshair_remap][INFO] (hook): Hooking '_crosshair_settings' from [HudElementCrosshair] (Origin: function: 0x15963378)
04:07:20.433 [Lua] [MOD][crosshair_remap][INFO] (hook_safe): Hooking 'init' from [HudElementCrosshair] (Origin: function: 0x15962eb8)
04:07:20.433 [Lua] [MOD][crosshair_remap][INFO] (hook_origin): Hooking '_get_current_crosshair_type' from [HudElementCrosshair] (Origin: function: 0x159633e0)
04:07:20.435 [Lua] [MOD][DMF][INFO] HudElementMissionObjectiveFeed is now available for previously-delayed hooks.
04:07:20.435 [Lua] [MOD][DMF][INFO] (hook): Hooking 'new' from [HudElementMissionObjectiveFeed] (Origin: function: 0x15a69e78)
04:07:20.435 [Lua] [MOD][DMF][INFO] Attempting to hook 1 delayed hooks for object HudElementMissionObjectiveFeed
04:07:20.435 [Lua] [MOD][objective_tracker][INFO] (hook): Hooking '_draw_widgets' from [HudElementMissionObjectiveFeed] (Origin: function: 0x15a6a4d0)
04:07:20.436 [Lua] [MOD][DMF][INFO] HudElementMissionObjectivePopup is now available for previously-delayed hooks.
04:07:20.436 [Lua] [MOD][DMF][INFO] (hook): Hooking 'new' from [HudElementMissionObjectivePopup] (Origin: function: 0x15ab8ec0)
04:07:20.436 [Lua] [MOD][DMF][INFO] Attempting to hook 1 delayed hooks for object HudElementMissionObjectivePopup
04:07:20.436 [Lua] [MOD][objective_tracker][INFO] (hook): Hooking '_draw_widgets' from [HudElementMissionObjectivePopup] (Origin: function: 0x15ab9da8)
04:07:20.547 warning: [Profiler] [renderer] Stall 130 ms on frame 3418: 
    ThreadPool::do_work_while_waiting_for_event 130 ms
04:07:20.554 [Lua] INFO [BackendManager] title_request: GET /tracks/dec942ce-b6ba-439c-95e2-022c5d71394d
04:07:20.555 [Lua] [MOD][ViewmodelRigging][INFO] (hook_safe): Hooking '_draw_widgets' from [HudElementCrosshair] (Origin: function: 0x16447a68)
04:07:20.555 [Lua] [MOD][ViewmodelRigging][INFO] HudElementCrosshair._draw_widgets guarded raw (invisible to hook profilers)
04:07:20.556 [Lua] INFO [ConstantElementLoading] Closing view "blank_view"
04:07:20.556 warning: [Profiler] [main] Stall 312 ms on frame 3418: 
    Application::update 313 ms
        game update 312 ms
            MyGame::update 312 ms
                Lua->update 312 ms
04:07:20.565 [Lua] [MOD][NumericUI][INFO] (hook): Hooking 'on_enter' from [table: 0x1578ab50] (Origin: function: 0x1578b088)
04:07:20.566 [Lua] [MOD][NumericUI][INFO] (hook): Hooking 'on_enter' from [table: 0x1578e1e0] (Origin: function: 0x1578e8f0)
04:07:20.566 [Lua] [MOD][NumericUI][INFO] (hook): Hooking 'on_enter' from [table: 0x15791278] (Origin: function: 0x157918a0)
04:07:20.566 [Lua] [MOD][NumericUI][INFO] (hook): Hooking 'on_enter' from [table: 0x157b01f8] (Origin: function: 0x157b0de8)
04:07:20.566 [Lua] [MOD][NumericUI][INFO] (hook): Hooking 'create_widget_defintion' from [table: 0x157b41e0] (Origin: function: 0x157b4d20)
04:07:20.566 [Lua] [MOD][NumericUI][INFO] (hook): Hooking 'create_widget_defintion' from [table: 0x157b8170] (Origin: function: 0x157b8cb0)
04:07:20.613 [Lua] [MOD][extended_weapon_customization][INFO] sight unit: [Unit '#ID[af90eed5ee62b2fb]']
04:07:20.615 [Lua] INFO [PlayerUnitAbilityExtension] Equipping ability "zealot_targeted_dash" of type "combat_ability" from server correction
04:07:20.615 [Lua] INFO [PlayerUnitAbilityExtension] Equipping ability "zealot_shock_grenade" of type "grenade_ability" from server correction
04:07:20.627 [Lua] [MOD][DMF][INFO] Attempting to hook 3 delayed hooks for object HudElementPersonalPlayerPanelHub
04:07:20.627 [Lua] [MOD][hud_studio][INFO] (hook): Hooking 'draw' from [HudElementPersonalPlayerPanelHub] (Origin: function: 0x15957610)
04:07:20.627 [Lua] [MOD][ColorSelection][INFO] (hook_safe): Hooking '_set_player_name' from [HudElementPersonalPlayerPanelHub] (Origin: function: 0x13a15498)
04:07:20.627 [Lua] [MOD][ColorSelection][INFO] (hook_safe): Hooking 'update' from [HudElementPersonalPlayerPanelHub] (Origin: function: 0x159575f0)
04:07:20.700 warning: [Profiler] [renderer] Stall 102 ms on frame 3418: 
    RI::update_world 139 ms
        update_world 139 ms
            RenderWorld::update_state 139 ms
                update_state (render_package_streams ASYNC) 102 ms
                    ThreadPool::do_work_while_waiting_for_signal 102 ms
04:07:20.731 warning: [Profiler] [main] Stall 171 ms on frame 3420: 
    Application::update 171 ms
04:07:20.754 [Lua] INFO [BackendManager] title_request: GET /data/3bb6409a-8e5c-4c57-9945-e2ca4874da07/trackstate/dec942ce-b6ba-439c-95e2-022c5d71394d?errorOnEmpty=false
04:07:20.754 [Lua] INFO [BackendManager] title_request: GET /data/3bb6409a-8e5c-4c57-9945-e2ca4874da07/characters/86deca70-81fa-49cb-b331-56ada5adf6fd/contracts/current?createIfMissing=true
04:07:20.754 [Lua] INFO [BackendManager] title_request: GET /data/3bb6409a-8e5c-4c57-9945-e2ca4874da07/characters/86deca70-81fa-49cb-b331-56ada5adf6fd/contracts/current?createIfMissing=true
04:07:20.754 [Lua] INFO [BackendManager] title_request: GET /data/3bb6409a-8e5c-4c57-9945-e2ca4874da07/account/rewards/commendation?limit=1
04:07:20.778 [Lua] INFO [PresenceManager] Activity changed loading -> hub
04:07:20.780 [Lua] INFO [BackendManager] title_request: GET /data/3892040c-eed4-4f3a-a4c1-70a85a400e9c/havoc/summary
04:07:20.780 [Lua] INFO [BackendManager] title_request: GET /data/8a0259c0-87f2-4ebb-99fa-f396fd2d46fb/havoc/summary
04:07:20.780 [Lua] INFO [BackendManager] title_request: GET /data/33cfbf75-6c49-487e-98fa-2d569fa47286/havoc/summary
04:07:20.780 [Lua] INFO [BackendManager] title_request: GET /data/da8636ba-d453-46d4-8c42-dda8ba05c678/havoc/summary
04:07:20.780 [Lua] INFO [BackendManager] title_request: GET /data/8d3eaa92-921c-4d9f-b5f7-3d0ab66d1a7e/havoc/summary
04:07:20.781 [Lua] INFO [BackendManager] title_request: GET /data/48f78d06-2300-4fa1-af1f-6fb3e3510c8b/havoc/summary
04:07:20.781 [Lua] INFO [BackendManager] title_request: GET /data/89219fe4-cb35-4ab8-8594-4bb6ec276cfe/havoc/summary
04:07:20.781 [Lua] INFO [BackendManager] title_request: GET /data/8d61aff9-a038-4c55-9d2e-d9f17d3a1c59/havoc/summary
04:07:20.781 [Lua] INFO [BackendManager] title_request: GET /data/4c18d04b-9b34-41fe-a095-f2dd46c74a57/havoc/summary
04:07:20.781 [Lua] INFO [BackendManager] title_request: GET /data/8dafdd48-3a47-43a4-a329-206aec9297e4/havoc/summary
04:07:20.781 [Lua] INFO [BackendManager] title_request: GET /data/80606252-4557-4612-b161-ad8cd4746de5/havoc/summary
04:07:20.782 [Lua] INFO [BackendManager] title_request: GET /data/7410bd23-935c-4126-92b7-e900046f2622/havoc/summary
04:07:20.782 [Lua] INFO [BackendManager] title_request: GET /data/f088c755-3766-4e25-a105-a02f13effbe2/havoc/summary
04:07:20.782 [Lua] INFO [BackendManager] title_request: GET /data/5a40e199-f1cf-405a-be57-79604ec49ffb/havoc/summary
04:07:20.782 [Lua] INFO [BackendManager] title_request: GET /data/eecabe87-e0c9-4215-abab-ac2c3c37f16a/havoc/summary
04:07:20.891 warning: [Profiler] [main] Stall 107 ms on frame 3420: 
    Application::update 159 ms
        resource_manager::bring_in 107 ms
            ResourceManager::bring_in 107 ms
04:07:20.895 [Lua] [MOD][extended_weapon_customization][INFO] sight unit: [Unit '#ID[af90eed5ee62b2fb]']
04:07:20.897 [Lua] [MOD][extended_weapon_customization][INFO] sight unit: [Unit '#ID[af90eed5ee62b2fb]']
04:07:20.899 [Lua] [MOD][extended_weapon_customization][INFO] sight unit: [Unit '#ID[af90eed5ee62b2fb]']
04:07:21.033 warning: [Profiler] [main] Stall 141 ms on frame 3422: 
    Application::update 141 ms
04:07:21.140 [Lua] [MOD][extended_weapon_customization][INFO] custom template ogryn_heavy_stubber_p2
04:07:21.140 [Lua] [MOD][extended_weapon_customization][INFO] set custom template ogryn_heavy_stubber_p2 for original weapon ogryn_heavystubber_p2_m1
04:07:21.147 [Lua] [MOD][extended_weapon_customization][INFO] custom template autogun_p1
04:07:21.147 [Lua] [MOD][extended_weapon_customization][INFO] set custom template autogun_p1 for original weapon shotgun_p3_m1
04:07:21.242 warning: [Profiler] [main] Stall 117 ms on frame 3424: 
    Application::update 117 ms
04:07:21.252 [Lua] [MOD][extended_weapon_customization][INFO] sight unit: [Unit '#ID[af90eed5ee62b2fb]']
04:07:21.254 [Lua] [MOD][extended_weapon_customization][INFO] sight unit: [Unit '#ID[af90eed5ee62b2fb]']
04:07:21.258 [Lua] [MOD][extended_weapon_customization][INFO] sight unit: [Unit '#ID[af90eed5ee62b2fb]']
04:07:21.261 [Lua] [MOD][extended_weapon_customization][INFO] sight unit: [Unit '#ID[af90eed5ee62b2fb]']
04:07:21.315 [Lua] [MOD][extended_weapon_customization][INFO] sub attachment: [Unit '#ID[569f9e89ae32ae3f]'] name: transonic_knife_p1_m1 slot: grip
04:07:21.315 [Lua] [MOD][extended_weapon_customization][INFO] sub attachment: [Unit '#ID[4baba1bf71dd3baf]'] name: transonic_knife_p1_m1 slot: body
04:07:21.315 [Lua] [MOD][extended_weapon_customization][INFO] sub attachment: [Unit '#ID[c35a3fdc36cd42b1]'] name: trinket_hook_05_gold slot: trinket_hook
04:07:21.315 [Lua] [MOD][extended_weapon_customization][INFO] sub attachment: [Unit '#ID[91f51d6216a35ea5]'] name: transonic_knife_p1_m1 slot: trail
04:07:21.315 [Lua] [MOD][extended_weapon_customization][INFO] sub attachment: [Unit '#ID[d740e83ac896dec1]'] name: transonic_sword_p1_m1 slot: grip
04:07:21.315 [Lua] [MOD][extended_weapon_customization][INFO] sub attachment: [Unit '#ID[ac3eef821359f5bf]'] name: transonic_sword_p1_m1 slot: body
04:07:21.315 [Lua] [MOD][extended_weapon_customization][INFO] sub attachment: [Unit '#ID[3e566025efd3ee39]'] name: transonic_sword_p1_m1 slot: trail
04:07:21.316 [Lua] [MOD][extended_weapon_customization][INFO] sub attachment: [Unit '#ID[569f9e89ae32ae3f]'] name: transonic_knife_p1_m1 slot: grip
04:07:21.316 [Lua] [MOD][extended_weapon_customization][INFO] sub attachment: [Unit '#ID[4baba1bf71dd3baf]'] name: transonic_knife_p1_m1 slot: body
04:07:21.316 [Lua] [MOD][extended_weapon_customization][INFO] sub attachment: [Unit '#ID[c35a3fdc36cd42b1]'] name: trinket_hook_05_gold slot: trinket_hook
04:07:21.316 [Lua] [MOD][extended_weapon_customization][INFO] sub attachment: [Unit '#ID[91f51d6216a35ea5]'] name: transonic_knife_p1_m1 slot: trail
04:07:21.316 [Lua] [MOD][extended_weapon_customization][INFO] sub attachment: [Unit '#ID[d740e83ac896dec1]'] name: transonic_sword_p1_m1 slot: grip
04:07:21.316 [Lua] [MOD][extended_weapon_customization][INFO] sub attachment: [Unit '#ID[ac3eef821359f5bf]'] name: transonic_sword_p1_m1 slot: body
04:07:21.316 [Lua] [MOD][extended_weapon_customization][INFO] sub attachment: [Unit '#ID[3e566025efd3ee39]'] name: transonic_sword_p1_m1 slot: trail
04:07:21.323 [Lua] [MOD][extended_weapon_customization][INFO] custom template lasgun_p3
04:07:21.323 [Lua] [MOD][extended_weapon_customization][INFO] set custom template lasgun_p3 for original weapon lasgun_p1_m2
04:07:21.351 [Lua] [MOD][extended_weapon_customization][INFO] sub attachment: [Unit '#ID[2598ffedcd4b5f59]'] name: autopistol_compact_p1_m1_01 slot: receiver
04:07:21.351 [Lua] [MOD][extended_weapon_customization][INFO] sub attachment: [Unit '#ID[8492210ae8b9f997]'] name: autopistol_compact_p1_m1_01 slot: addon
04:07:21.351 [Lua] [MOD][extended_weapon_customization][INFO] sub attachment: [Unit '#ID[7a3bb436e233f796]'] name: autogun_pistol_compact_barrel_01 slot: barrel
04:07:21.351 [Lua] [MOD][extended_weapon_customization][INFO] sub attachment: [Unit '#ID[c35a3fdc36cd42b1]'] name: invisible_sight_01 slot: slot_trinket_1
04:07:21.351 [Lua] [MOD][extended_weapon_customization][INFO] sub attachment: [Unit '#ID[6e94f2f24a8bbaf5]'] name: trinket_hook_empty slot: trinket_hook
04:07:21.351 [Lua] [MOD][extended_weapon_customization][INFO] sub attachment: [Unit '#ID[c35a3fdc36cd42b1]'] name: autopistol_compact_p1_m1_01 slot: slot_trinket_2
04:07:21.351 [Lua] [MOD][extended_weapon_customization][INFO] sub attachment: [Unit '#ID[9d50560c082d1cde]'] name: autopistol_compact_p1_m1_01 slot: grip
04:07:21.351 [Lua] [MOD][extended_weapon_customization][INFO] sub attachment: [Unit '#ID[7c11b73782b73b2a]'] name: autopistol_compact_p1_m1_01 slot: magazine
04:07:21.351 [Lua] [MOD][extended_weapon_customization][INFO] sub attachment: [Unit '#ID[c35a3fdc36cd42b1]'] name: autopistol_compact_p1_m1_01 slot: zzz_shared_material_overrides
04:07:21.352 [Lua] [MOD][extended_weapon_customization][INFO] sub attachment: [Unit '#ID[2598ffedcd4b5f59]'] name: autopistol_compact_p1_m1_02 slot: receiver
04:07:21.352 [Lua] [MOD][extended_weapon_customization][INFO] sub attachment: [Unit '#ID[1dc456e1b75bd677]'] name: autopistol_compact_p1_m1_02 slot: addon
04:07:21.352 [Lua] [MOD][extended_weapon_customization][INFO] sub attachment: [Unit '#ID[7a3bb436e233f796]'] name: autogun_pistol_compact_barrel_01 slot: barrel
04:07:21.352 [Lua] [MOD][extended_weapon_customization][INFO] sub attachment: [Unit '#ID[c35a3fdc36cd42b1]'] name: invisible_sight_01 slot: slot_trinket_1
04:07:21.352 [Lua] [MOD][extended_weapon_customization][INFO] sub attachment: [Unit '#ID[6e94f2f24a8bbaf5]'] name: trinket_hook_empty slot: trinket_hook
04:07:21.352 [Lua] [MOD][extended_weapon_customization][INFO] sub attachment: [Unit '#ID[c35a3fdc36cd42b1]'] name: autopistol_compact_p1_m1_02 slot: slot_trinket_2
04:07:21.352 [Lua] [MOD][extended_weapon_customization][INFO] sub attachment: [Unit '#ID[9d50560c082d1cde]'] name: autopistol_compact_p1_m1_02 slot: grip
04:07:21.352 [Lua] [MOD][extended_weapon_customization][INFO] sub attachment: [Unit '#ID[7c11b73782b73b2a]'] name: autopistol_compact_p1_m1_02 slot: magazine
04:07:21.352 [Lua] [MOD][extended_weapon_customization][INFO] sub attachment: [Unit '#ID[c35a3fdc36cd42b1]'] name: autopistol_compact_p1_m1_02 slot: zzz_shared_material_overrides
04:07:21.354 [Lua] [MOD][extended_weapon_customization][INFO] sub attachment: [Unit '#ID[2598ffedcd4b5f59]'] name: autopistol_compact_p1_m1_01 slot: receiver
04:07:21.354 [Lua] [MOD][extended_weapon_customization][INFO] sub attachment: [Unit '#ID[8492210ae8b9f997]'] name: autopistol_compact_p1_m1_01 slot: addon
04:07:21.354 [Lua] [MOD][extended_weapon_customization][INFO] sub attachment: [Unit '#ID[7a3bb436e233f796]'] name: autogun_pistol_compact_barrel_01 slot: barrel
04:07:21.354 [Lua] [MOD][extended_weapon_customization][INFO] sub attachment: [Unit '#ID[c35a3fdc36cd42b1]'] name: invisible_sight_01 slot: slot_trinket_1
04:07:21.354 [Lua] [MOD][extended_weapon_customization][INFO] sub attachment: [Unit '#ID[6e94f2f24a8bbaf5]'] name: trinket_hook_empty slot: trinket_hook
04:07:21.354 [Lua] [MOD][extended_weapon_customization][INFO] sub attachment: [Unit '#ID[c35a3fdc36cd42b1]'] name: autopistol_compact_p1_m1_01 slot: slot_trinket_2
04:07:21.355 [Lua] [MOD][extended_weapon_customization][INFO] sub attachment: [Unit '#ID[9d50560c082d1cde]'] name: autopistol_compact_p1_m1_01 slot: grip
04:07:21.355 [Lua] [MOD][extended_weapon_customization][INFO] sub attachment: [Unit '#ID[7c11b73782b73b2a]'] name: autopistol_compact_p1_m1_01 slot: magazine
04:07:21.355 [Lua] [MOD][extended_weapon_customization][INFO] sub attachment: [Unit '#ID[c35a3fdc36cd42b1]'] name: autopistol_compact_p1_m1_01 slot: zzz_shared_material_overrides
04:07:21.355 [Lua] [MOD][extended_weapon_customization][INFO] sub attachment: [Unit '#ID[2598ffedcd4b5f59]'] name: autopistol_compact_p1_m1_02 slot: receiver
04:07:21.355 [Lua] [MOD][extended_weapon_customization][INFO] sub attachment: [Unit '#ID[1dc456e1b75bd677]'] name: autopistol_compact_p1_m1_02 slot: addon
04:07:21.355 [Lua] [MOD][extended_weapon_customization][INFO] sub attachment: [Unit '#ID[7a3bb436e233f796]'] name: autogun_pistol_compact_barrel_01 slot: barrel
04:07:21.355 [Lua] [MOD][extended_weapon_customization][INFO] sub attachment: [Unit '#ID[c35a3fdc36cd42b1]'] name: invisible_sight_01 slot: slot_trinket_1
04:07:21.355 [Lua] [MOD][extended_weapon_customization][INFO] sub attachment: [Unit '#ID[6e94f2f24a8bbaf5]'] name: trinket_hook_empty slot: trinket_hook
04:07:21.355 [Lua] [MOD][extended_weapon_customization][INFO] sub attachment: [Unit '#ID[c35a3fdc36cd42b1]'] name: autopistol_compact_p1_m1_02 slot: slot_trinket_2
04:07:21.355 [Lua] [MOD][extended_weapon_customization][INFO] sub attachment: [Unit '#ID[9d50560c082d1cde]'] name: autopistol_compact_p1_m1_02 slot: grip
04:07:21.355 [Lua] [MOD][extended_weapon_customization][INFO] sub attachment: [Unit '#ID[7c11b73782b73b2a]'] name: autopistol_compact_p1_m1_02 slot: magazine
04:07:21.355 [Lua] [MOD][extended_weapon_customization][INFO] sub attachment: [Unit '#ID[c35a3fdc36cd42b1]'] name: autopistol_compact_p1_m1_02 slot: zzz_shared_material_overrides
04:07:22.658 [Lua] [MOD][extended_weapon_customization][INFO] load gear settings from file C:\users\steamuser\AppData\Roaming/Fatshark/Darktide/extended_weapon_customization/6089729d-e6d0-40d4-aa29-22ecd1151ed7.lua
04:07:22.659 [Lua] [MOD][extended_weapon_customization][INFO] cloning item 6089729d-e6d0-40d4-aa29-22ecd1151ed7
04:07:22.663 [Lua] [MOD][extended_weapon_customization][INFO] load gear settings from file C:\users\steamuser\AppData\Roaming/Fatshark/Darktide/extended_weapon_customization/f11a9276-d201-4871-a45b-3035c4a840d7.lua
04:07:22.663 [Lua] [MOD][extended_weapon_customization][INFO] cloning item f11a9276-d201-4871-a45b-3035c4a840d7
04:07:22.665 [Lua] [MOD][extended_weapon_customization][INFO] load gear settings from file C:\users\steamuser\AppData\Roaming/Fatshark/Darktide/extended_weapon_customization/a60ff35d-5076-4360-89c0-16bdb88db0ef.lua
04:07:22.665 [Lua] [MOD][extended_weapon_customization][INFO] cloning item a60ff35d-5076-4360-89c0-16bdb88db0ef
04:07:22.667 [Lua] INFO [BackendManager] title_request: GET /tracks/category/mastery
04:07:22.709 [Lua] INFO [ScriptWorld] Registering level named: "content/levels/ui/inventory/inventory" with id: 1
04:07:22.854 warning: [Profiler] [renderer] Stall 105 ms on frame 3525: 
    RI::update_world 105 ms
        update_world 105 ms
            RenderWorld::update_state 105 ms
04:07:22.864 warning: [Profiler] [main] Stall 107 ms on frame 3526: 
    Application::update 115 ms
        RI::wait_for_fence 107 ms
04:07:23.087 [Lua] INFO [BackendManager] title_request: GET /data/3bb6409a-8e5c-4c57-9945-e2ca4874da07/trackstate
04:07:23.453 [Lua] INFO [UIProfileSpawner] [cb_on_unit_3p_streaming_complete] unit: [Unit '#ID[f888cbd0f5a35360]']
04:07:23.561 warning: [Lua] WARNING [InventoryBackgroundView] Deselecting active preset due to server item content/items/weapons/player/ranged/autogun_p2_m2 using gear_id 91a13b29-19ae-4633-a008-6b5b4396736b, not matching preset item content/items/weapons/player/ranged/stubrevolver_p1_m1, stored as f11a9276-d201-4871-a45b-3035c4a840d7, in slot slot_secondary
04:07:23.618 [Lua] INFO [ScriptWorld] Registering level named: "content/levels/ui/weapon_icon/weapon_icon" with id: 1
04:07:23.636 [Lua] INFO [BackendManager] title_request: GET /data/3bb6409a-8e5c-4c57-9945-e2ca4874da07/progression/character/86deca70-81fa-49cb-b331-56ada5adf6fd
04:07:23.659 [Lua] INFO [BackendManager] title_request: GET /data/3bb6409a-8e5c-4c57-9945-e2ca4874da07/characters/86deca70-81fa-49cb-b331-56ada5adf6fd/wallets
04:07:23.659 [Lua] INFO [BackendManager] title_request: GET /data/3bb6409a-8e5c-4c57-9945-e2ca4874da07/account/wallets
04:07:26.000 [Lua] [MOD][DMF][INFO] InventoryWeaponsView is now available for previously-delayed hooks.
04:07:26.000 [Lua] [MOD][DMF][INFO] (hook): Hooking 'new' from [InventoryWeaponsView] (Origin: function: 0x1479a938)
04:07:26.000 [Lua] [MOD][DMF][INFO] Attempting to hook 1 delayed hooks for object InventoryWeaponsView
04:07:26.000 [Lua] [MOD][Enhanced_descriptions][INFO] (hook_safe): Hooking 'on_enter' from [InventoryWeaponsView] (Origin: function: 0x14888c40)
04:07:26.042 [Lua] INFO [ScriptWorld] Registering level named: "content/levels/ui/inventory_weapon_view/inventory_weapon_view" with id: 1
04:07:26.583 [Lua] [MOD][extended_weapon_customization][INFO] disable_vfx_spawner_exclusion: content/items/weapons/player/ranged/barrels/stubrevolver_mateba_barrel_01
04:07:26.583 [Lua] [MOD][extended_weapon_customization][INFO] sub attachment: [Unit '#ID[3bd0d514701789d9]'] name: stubrevolver_mateba_barrel_01 slot: base
04:07:26.583 [Lua] [MOD][extended_weapon_customization][INFO] sub attachment: [Unit '#ID[aa3b25f593816600]'] name: stubrevolver_mateba_barrel_01 slot: barrel_cap
04:07:26.583 [Lua] [MOD][extended_weapon_customization][INFO] sub attachment: [Unit '#ID[2cb228d0e79c0fd0]'] name: lasgun_rifle_sight_01 slot: barrel_frame
04:07:26.583 [Lua] [MOD][extended_weapon_customization][INFO] sub attachment: [Unit '#ID[2cb228d0e79c0fd0]'] name: lasgun_rifle_sight_01 slot: barrel_hinge
04:07:26.583 [Lua] [MOD][extended_weapon_customization][INFO] sub attachment: [Unit '#ID[cb7aee479d820f3a]'] name: lasgun_pistol_muzzle_03 slot: barrel_hinge2
04:07:26.584 [Lua] [MOD][extended_weapon_customization][INFO] sub attachment: [Unit '#ID[28b6c13f12abb8b8]'] name: thunder_hammer_head_04 slot: barrel_hinge_reinforced
04:07:26.584 [Lua] [MOD][extended_weapon_customization][INFO] sub attachment: [Unit '#ID[90ae62554b44b99f]'] name: stubgun_pistol_barrel_05 slot: effects_barrel
04:07:26.584 [Lua] [MOD][extended_weapon_customization][INFO] sub attachment: [Unit '#ID[dde85f500aec6e1e]'] name: plasma_rifle_stock_05 slot: hinge_pin_left
04:07:26.584 [Lua] [MOD][extended_weapon_customization][INFO] sub attachment: [Unit '#ID[dde85f500aec6e1e]'] name: plasma_rifle_stock_05 slot: hinge_pin_right
04:07:26.584 [Lua] [MOD][extended_weapon_customization][INFO] sub attachment: [Unit '#ID[7d7c900db27e85c7]'] name: stubrevolver_mateba_barrel_01 slot: lower_rail
04:07:26.584 [Lua] [MOD][extended_weapon_customization][INFO] sub attachment: [Unit '#ID[90ae62554b44b99f]'] name: stubgun_pistol_barrel_05 slot: rear_sight
04:07:26.584 [Lua] [MOD][extended_weapon_customization][INFO] sub attachment: [Unit '#ID[224cf457547af89a]'] name: stubrevolver_mateba_barrel_01 slot: six_oclock_barrel
04:07:26.584 [Lua] [MOD][extended_weapon_customization][INFO] sub attachment: [Unit '#ID[12f86681504f5627]'] name: assault_shotgun_rail_01 slot: upper_rail
04:07:26.584 [Lua] [MOD][extended_weapon_customization][INFO] disable_vfx_spawner_exclusion: content/items/weapons/player/ranged/magazines/autopistol_magazine_01
04:07:26.584 [Lua] [MOD][extended_weapon_customization][INFO] disable_vfx_spawner_exclusion: content/items/weapons/player/ranged/rails/stubrevolver_rail_01
04:07:26.584 [Lua] [MOD][extended_weapon_customization][INFO] disable_vfx_spawner_exclusion: content/items/weapons/player/ranged/barrels/combat_shotgun_barrel_01
04:07:26.584 [Lua] [MOD][extended_weapon_customization][INFO] disable_vfx_spawner_exclusion: content/items/weapons/player/ranged/magazines/stubrevolver_cylinder_05
04:07:26.584 [Lua] [MOD][extended_weapon_customization][INFO] sub attachment: [Unit '#ID[90ae62554b44b99f]'] name: stubgun_pistol_barrel_05 slot: revolver_cylinder
04:07:26.585 [Lua] [MOD][extended_weapon_customization][INFO] disable_vfx_spawner_exclusion: content/items/weapons/player/ranged/barrels/stubrevolver_mateba_barrel_01
04:07:26.585 [Lua] [MOD][extended_weapon_customization][INFO] sub attachment: [Unit '#ID[3bd0d514701789d9]'] name: stubrevolver_mateba_barrel_01 slot: base
04:07:26.585 [Lua] [MOD][extended_weapon_customization][INFO] sub attachment: [Unit '#ID[aa3b25f593816600]'] name: stubrevolver_mateba_barrel_01 slot: barrel_cap
04:07:26.585 [Lua] [MOD][extended_weapon_customization][INFO] sub attachment: [Unit '#ID[2cb228d0e79c0fd0]'] name: lasgun_rifle_sight_01 slot: barrel_frame
04:07:26.585 [Lua] [MOD][extended_weapon_customization][INFO] sub attachment: [Unit '#ID[2cb228d0e79c0fd0]'] name: lasgun_rifle_sight_01 slot: barrel_hinge
04:07:26.585 [Lua] [MOD][extended_weapon_customization][INFO] sub attachment: [Unit '#ID[cb7aee479d820f3a]'] name: lasgun_pistol_muzzle_03 slot: barrel_hinge2
04:07:26.585 [Lua] [MOD][extended_weapon_customization][INFO] sub attachment: [Unit '#ID[28b6c13f12abb8b8]'] name: thunder_hammer_head_04 slot: barrel_hinge_reinforced
04:07:26.585 [Lua] [MOD][extended_weapon_customization][INFO] sub attachment: [Unit '#ID[90ae62554b44b99f]'] name: stubgun_pistol_barrel_05 slot: effects_barrel
04:07:26.585 [Lua] [MOD][extended_weapon_customization][INFO] sub attachment: [Unit '#ID[dde85f500aec6e1e]'] name: plasma_rifle_stock_05 slot: hinge_pin_left
04:07:26.585 [Lua] [MOD][extended_weapon_customization][INFO] sub attachment: [Unit '#ID[dde85f500aec6e1e]'] name: plasma_rifle_stock_05 slot: hinge_pin_right
04:07:26.585 [Lua] [MOD][extended_weapon_customization][INFO] sub attachment: [Unit '#ID[7d7c900db27e85c7]'] name: stubrevolver_mateba_barrel_01 slot: lower_rail
04:07:26.585 [Lua] [MOD][extended_weapon_customization][INFO] sub attachment: [Unit '#ID[90ae62554b44b99f]'] name: stubgun_pistol_barrel_05 slot: rear_sight
04:07:26.585 [Lua] [MOD][extended_weapon_customization][INFO] sub attachment: [Unit '#ID[224cf457547af89a]'] name: stubrevolver_mateba_barrel_01 slot: six_oclock_barrel
04:07:26.585 [Lua] [MOD][extended_weapon_customization][INFO] sub attachment: [Unit '#ID[12f86681504f5627]'] name: assault_shotgun_rail_01 slot: upper_rail
04:07:26.585 [Lua] [MOD][extended_weapon_customization][INFO] disable_vfx_spawner_exclusion: content/items/weapons/player/ranged/magazines/autopistol_magazine_01
04:07:26.586 [Lua] [MOD][extended_weapon_customization][INFO] disable_vfx_spawner_exclusion: content/items/weapons/player/ranged/rails/stubrevolver_rail_01
04:07:26.586 [Lua] [MOD][extended_weapon_customization][INFO] disable_vfx_spawner_exclusion: content/items/weapons/player/ranged/barrels/combat_shotgun_barrel_01
04:07:26.586 [Lua] [MOD][extended_weapon_customization][INFO] disable_vfx_spawner_exclusion: content/items/weapons/player/ranged/magazines/stubrevolver_cylinder_05
04:07:26.586 [Lua] [MOD][extended_weapon_customization][INFO] sub attachment: [Unit '#ID[90ae62554b44b99f]'] name: stubgun_pistol_barrel_05 slot: revolver_cylinder
04:07:31.420 [Lua] [MOD][DMF][INFO] InventoryWeaponCosmeticsView is now available for previously-delayed hooks.
04:07:31.420 [Lua] [MOD][DMF][INFO] (hook): Hooking 'new' from [InventoryWeaponCosmeticsView] (Origin: function: 0x0ba95870)
04:07:31.420 [Lua] [MOD][DMF][INFO] Attempting to hook 16 delayed hooks for object InventoryWeaponCosmeticsView
04:07:31.420 [Lua] [MOD][extended_weapon_customization][INFO] (hook): Hooking '_register_button_callbacks' from [InventoryWeaponCosmeticsView] (Origin: function: 0x178abe40)
04:07:31.420 [Lua] [MOD][extended_weapon_customization][INFO] (hook): Hooking '_handle_input' from [InventoryWeaponCosmeticsView] (Origin: function: 0x178ac340)
04:07:31.420 [Lua] [MOD][extended_weapon_customization][INFO] (hook): Hooking '_fetch_inventory_items' from [InventoryWeaponCosmeticsView] (Origin: function: 0x178ac060)
04:07:31.420 [Lua] [MOD][extended_weapon_customization][INFO] (hook): Hooking 'cb_on_equip_pressed' from [InventoryWeaponCosmeticsView] (Origin: function: 0x178ac1b8)
04:07:31.420 [Lua] [MOD][extended_weapon_customization][INFO] (hook): Hooking '_preview_item' from [InventoryWeaponCosmeticsView] (Origin: function: 0x178ac2a0)
04:07:31.420 [Lua] [MOD][extended_weapon_customization][INFO] (hook): Hooking '_preview_element' from [InventoryWeaponCosmeticsView] (Origin: function: 0x178ac238)
04:07:31.420 [Lua] [MOD][extended_weapon_customization][INFO] (hook): Hooking 'on_enter' from [InventoryWeaponCosmeticsView] (Origin: function: 0x178abcf0)
04:07:31.420 [Lua] [MOD][extended_weapon_customization][INFO] (hook): Hooking '_destroy_forward_gui' from [InventoryWeaponCosmeticsView] (Origin: function: 0x178abd18)
04:07:31.420 [Lua] [MOD][extended_weapon_customization][INFO] (hook): Hooking 'equipped_item_name_in_slot' from [InventoryWeaponCosmeticsView] (Origin: function: 0x178ac158)
04:07:31.420 [Lua] [MOD][extended_weapon_customization][INFO] (hook): Hooking 'selected_item_name_in_slot' from [InventoryWeaponCosmeticsView] (Origin: function: 0x178ac138)
04:07:31.420 [Lua] [MOD][extended_weapon_customization][INFO] (hook): Hooking 'update' from [InventoryWeaponCosmeticsView] (Origin: function: 0x164a7e38)
04:07:31.420 [Lua] [MOD][extended_weapon_customization][INFO] (hook): Hooking 'draw' from [InventoryWeaponCosmeticsView] (Origin: function: 0x164a7e58)
04:07:31.420 [Lua] [MOD][extended_weapon_customization][INFO] (hook): Hooking '_setup_sort_options' from [InventoryWeaponCosmeticsView] (Origin: function: 0x178abea0)
04:07:31.420 [Lua] [MOD][extended_weapon_customization][INFO] (hook): Hooking 'cb_switch_tab' from [InventoryWeaponCosmeticsView] (Origin: function: 0x164a7f40)
04:07:31.420 [Lua] [MOD][extended_weapon_customization][INFO] (hook): Hooking '_setup_menu_tabs' from [InventoryWeaponCosmeticsView] (Origin: function: 0x178abf28)
04:07:31.420 [Lua] [MOD][extended_weapon_customization][INFO] (hook): Hooking 'init' from [InventoryWeaponCosmeticsView] (Origin: function: 0x178abbd8)
04:07:33.368 <<Lua Error>>[string "./../mods/extended_weapon_customization/scrip..."]:48: attempt to call method 'inventory_weapon_cosmetics_view_adjust_definitions' (a nil value)<</Lua Error>>
<<crashify-property>>startup = false<</crashify-property>>
<<crashify-property>>shutdown = false<</crashify-property>>
<<crashify-property>>editor = false<</crashify-property>>
<<crashify-property>>direct_storage = true<</crashify-property>>
<<Callstack>>
{0000000140000000, 02908000, 00000000, 9ad2ad44-9eea-4ef6-bc21-1b5286562ac2, 00000001, D:\a\d\eng\darktide\release\2026_08_11_Patch1.13.x\out\Darktide_Engine_Game_Build_BuildSteamDesktopRelease\engine\win64_steam\release\Darktide.pdb}
{00006ffffff10000, 000d8000, 6a5ff1e0, d0976f1d-1575-568d-88c9-41819a2d32fc, 00000001, }
{00006fffffe90000, 0006a000, 6a5ff1e0, 0ec60619-bcc2-a603-586c-2ebd81fa919f, 00000001, }

0x0000000140000000:0x00000000006de931 
0x0000000140000000:0x000000000074c783 
0x0000000140000000:0x000000000033cd02 
0x0000000140000000:0x000000000033d423 
0x0000000140000000:0x000000000074c2fb 
0x0000000140000000:0x00000000002949ef 
0x0000000140000000:0x000000000027e738 
0x0000000140000000:0x000000000027f149 
0x0000000140000000:0x000000000027f764 
0x0000000140000000:0x0000000000ef6436 
0x00006fffffe90000:0x0000000000011649 
0x00006ffffff10000:0x0000000000010e2f 
<</Callstack>>
<<crashify-property>>Mod:FullAuto = true<</crashify-property>>
<<crashify-property>>project_branch = rel_Patch1.13.x_external<</crashify-property>>
<<crashify-property>>mission = hub_ship<</crashify-property>>
<<crashify-property>>Mod:reforged_in_fury_females = true<</crashify-property>>
<<crashify-property>>GPU Driver = 61571<</crashify-property>>
<<crashify-property>>Mod:halo_HUD_at_home = true<</crashify-property>>
<<crashify-property>>Mod:MarkPreview = true<</crashify-property>>
<<crashify-property>>steam_id = 01100001058c8926<</crashify-property>>
<<crashify-property>>Mod:extended_weapon_customization_base_additions = true<</crashify-property>>
<<crashify-property>>Mod:MusicSelector = true<</crashify-property>>
<<crashify-property>>Mod:PlayerDeathfeed = true<</crashify-property>>
<<crashify-property>>Mod:FpsDoctor = true<</crashify-property>>
<<crashify-property>>Mod:extended_weapon_customization_owo = true<</crashify-property>>
<<crashify-property>>Mod:diagetic_HUD = true<</crashify-property>>
<<crashify-property>>Mod:Clarity of Aim = true<</crashify-property>>
<<crashify-property>>instance_id = aws-asg--aws-ap-southeast-2--tender-bronze-tern--i-0cdaa68353f8e387b--server-5--1790987504<</crashify-property>>
<<crashify-property>>engine_revision = cc9ec9e0ff3f5656b358ea05e1c4494d9b8003ea<</crashify-property>>
<<crashify-property>>Mod:PewPew = true<</crashify-property>>
<<crashify-property>>Mod:keystone_blitz_bars = true<</crashify-property>>
<<crashify-property>>circumstance = default<</crashify-property>>
<<crashify-property>>Mod:Preysight = true<</crashify-property>>
<<crashify-property>>Mod:EmperorsGuidance = true<</crashify-property>>
<<crashify-property>>Mod:extended_weapon_customization_syn_edits = true<</crashify-property>>
<<crashify-property>>Mod:HUDTweaker = true<</crashify-property>>
<<crashify-property>>GPU = NVIDIA GeForce RTX 3080 Ti<</crashify-property>>
<<crashify-property>>content_revision = 138291<</crashify-property>>
<<crashify-property>>platform = win32<</crashify-property>>
<<crashify-property>>build = release<</crashify-property>>
<<crashify-property>>Mod:ShowEquippedInLobby = true<</crashify-property>>
<<crashify-property>>Mod:TransparentModSettings = true<</crashify-property>>
<<crashify-property>>Mod:objective_tracker = true<</crashify-property>>
<<crashify-property>>Mod:Auto-9 Assistive Reticule = true<</crashify-property>>
<<crashify-property>>machine_id = eb91b5c4-a511-463b-8ae8-785e1774df88<</crashify-property>>
<<crashify-property>>Mod:hud_studio = true<</crashify-property>>
<<crashify-property>>project = darktide<</crashify-property>>
<<crashify-property>>is_modded = true<</crashify-property>>
<<crashify-property>>Mod:crosshair_remap = true<</crashify-property>>
<<crashify-property>>teamcity_build_id = 806780<</crashify-property>>
<<crashify-property>>auth_platform = steam<</crashify-property>>
<<crashify-property>>Mod:immersive_evasion = true<</crashify-property>>
<<crashify-property>>Mod:ChatBlock = true<</crashify-property>>
<<crashify-property>>steam_user_name = Jeff From Marketing<</crashify-property>>
<<crashify-property>>server = false<</crashify-property>>
<<crashify-property>>Mod:better_buff_management = true<</crashify-property>>
<<crashify-property>>Mod:FuryOfTheFaithfulEnhanced = true<</crashify-property>>
<<crashify-property>>game_version = 1.13.0-b806780<</crashify-property>>
<<crashify-property>>num_missions_started = 1<</crashify-property>>
<<crashify-property>>Mod:better_downed_indicators = true<</crashify-property>>
<<crashify-property>>Mod:dmf = true<</crashify-property>>
<<crashify-property>>game_resume_count = 0<</crashify-property>>
<<crashify-property>>game_session_id = afaf6eca-aff5-431a-b93d-a027a4bfbdc2<</crashify-property>>
<<crashify-property>>Mod:ColorSelection = true<</crashify-property>>
<<crashify-property>>rendering_backend = dx12<</crashify-property>>
<<crashify-property>>Mod:AccurateCurioNames = true<</crashify-property>>
<<crashify-property>>Mod:SimpleAssets = true<</crashify-property>>
<<crashify-property>>Mod:master_item_community_patch = true<</crashify-property>>
<<crashify-property>>Mod:ViewmodelRigging = true<</crashify-property>>
<<crashify-property>>Mod:state_your_name = true<</crashify-property>>
<<crashify-property>>Mod:Noospheric Mercy = true<</crashify-property>>
<<crashify-property>>Mod:LogMeIn = true<</crashify-property>>
<<crashify-property>>peer_id = 6adb6a7914953a92<</crashify-property>>
<<crashify-property>>Mod:NumericUI = true<</crashify-property>>
<<crashify-property>>Mod:custom_hud = true<</crashify-property>>
<<crashify-property>>Mod:extended_weapon_customization_omnissiah = true<</crashify-property>>
<<crashify-property>>Mod:PerilGauge = true<</crashify-property>>
<<crashify-property>>launcher_verification_passed = false<</crashify-property>>
<<crashify-property>>steam = true<</crashify-property>>
<<crashify-property>>steam_app_id = 1361210<</crashify-property>>
<<crashify-property>>Mod:SimpleAudio = true<</crashify-property>>
<<crashify-property>>Mod:Enhanced_descriptions = true<</crashify-property>>
<<crashify-property>>Mod:extended_weapon_customization = true<</crashify-property>>
<<crashify-property>>Mod:KillfeedImprovements = true<</crashify-property>>
<<crashify-property>>Mod:MissionBrief = true<</crashify-property>>
<<crashify-property>>Mod:NPCLook = true<</crashify-property>>
<<crashify-property>>Mod:peril_fx = true<</crashify-property>>
<<crashify-property>>Mod:Perspectives = true<</crashify-property>>
<<crashify-property>>Mod:Signal Repeater = true<</crashify-property>>
<<crashify-property>>Mod:SlotFix = true<</crashify-property>>
<<crashify-property>>Mod:SoloPlay = true<</crashify-property>>
<<crashify-property>>backend_env = prod<</crashify-property>>
<<crashify-property>>account_id = 3bb6409a-8e5c-4c57-9945-e2ca4874da07<</crashify-property>>
<<crashify-property>>masterdata_version = 138291<</crashify-property>>
<<crashify-property>>session_id = aws-asg--aws-ap-southeast-2--tender-bronze-tern--i-0cdaa68353f8e387b--server-5--1790987504<</crashify-property>>
<<Crash version>>1<</Crash version>>
<<Crash type>>lua<</Crash type>>
<<Thread name>>main<</Thread name>>
<<Platform>>win32<</Platform>>
<<Build identifier>>cc9ec9e0ff3f5656b358ea05e1c4494d9b8003ea<</Build identifier>>
<<Build type>>release<</Build type>>
<<Engine build id>>802934<</Engine build id>>
<<Product version>>Developer Build (1.3.12.16514)<</Product version>>
<<Session>>015dcb16-d599-4506-98f0-f79b7437ceba<</Session>>
<<GetLastError>>3<</GetLastError>>
<<System Information>>--- CPU
CPU: AMD Ryzen 9 5900X 12-Core Processor            
Vendor: AuthenticAMD
Logical processors: 24
Family: 10:15, Model: 2:1
Type: 0, Stepping: 0
Features: SSE SSE2 SSE3 SSSE3 SSE4.1
Feature bits:
EBX: 00001011 00011000 00001000 00000000 
ECX: 01111110 11111000 00110010 00001011 
EDX: 00010111 10001011 11111011 11111111 
--- Memory
Physical   Total:     64206MB
           Available: 55824MB
--- OS
Windows version 10.0 build 22000, 64 bit
Windows 11
Wine version 11.0
Machine ID eb91b5c4-a511-463b-8ae8-785e1774df88
--- Graphics
Graphics card: NVIDIA GeForce RTX 3080 Ti (DirectX 12.1, 12256MB) Driver version: 61571 Hardware Accelerated GPU scheduler: false 
--- Desktops
Monitor 0 (3440x1440): left=0 top=0 right=3440 bottom=1440 
Monitor 1 (1920x1080): left=-1920 top=1440 right=0 bottom=2520 
Monitor 2 (2560x1440): left=-2560 top=0 right=0 bottom=1440 
--- Network
Network interface: enp38s0 (IPv4, IPv6)
Network interface: wlo1
--- Input
No input devices detected.
--- Volume
Volume for path 'S:\common\Warhammer 40,000 DARKTIDE\binaries\..\bundle' is on SSD

	full volume information
	name: S:\
	filesystem: NTFS
	drives: 1
		1. drive type: SSD, bus type: Scsi
<</System Information>>
<<Volume Information>>SSD<</Volume Information>>
<<Direct Storage>>enabled<</Direct Storage>>
<<Console Log>>C:\users\steamuser\AppData\Roaming\Fatshark\Darktide\console_logs\console-2026-10-03-04.06.16-015dcb16-d599-4506-98f0-f79b7437ceba.log<</Console Log>>
<<Crash Dump>>C:\users\steamuser\AppData\Roaming\Fatshark\Darktide\crash_dumps\crash_dump-2026-10-03-04.06.16-015dcb16-d599-4506-98f0-f79b7437ceba.dmp<</Crash Dump>>
<<Render Capabilities>>
#ID[30486d0f] = false; #ID[32fec071] = false; #ID[40274361] = false; #ID[62d82e18] = false; #ID[7816be8b] = true; #ID[872cceda] = true; #ID[921f07bf] = false; #ID[a69d9729] = true; #ID[ad0f8d89] = true; #ID[b287ea32] = false; #ID[bfc1719f] = true; #ID[c0985bfb] = false; #ID[d1d5493a] = false; #ID[d3cd4a7b] = false; #ID[d8c36f4d] = 1; #ID[db144c29] = false; #ID[e010da18] = true; #ID[e26e1099] = ; #ID[f921e3b1] = true; 
<</Render Capabilities>>
<<Render Settings>>
#ID[06f1d0d3] = true; #ID[083115b7] = true; #ID[08f9e86f] = false; #ID[091bd468] = true; #ID[09f7658c] = true; #ID[0a5cf893] = true; #ID[0a7e1dda] = 1; #ID[0d13c685] = Unknown; #ID[0d3042d7] = 0.5; #ID[12648df7] = 1; #ID[1301c0fc] = false; #ID[158ea454] = true; #ID[17af8ce2] = 1; #ID[17fbd176] = true; #ID[1e2dfc7f] = 0.05; #ID[1ff27994] = [96,80,128,]; #ID[217a0094] = false; #ID[264e7992] = false; #ID[2a0c67ba] = false; #ID[2b4a07ef] = false; #ID[2b61f7a2] = false; #ID[2ba7c395] = false; #ID[2e9ae8a7] = 0; #ID[2eec68d7] = [4096,4096,]; #ID[2f0ebe66] = false; #ID[2f9f9094] = 50; #ID[30271a75] = false; #ID[39846683] = false; #ID[3dc0a41f] = [2048,2048,]; #ID[41cc30d6] = true; #ID[4261180b] = true; #ID[4437469c] = false; #ID[4b1ae527] = 100; #ID[4bf02871] = false; #ID[4cf95320] = R11G11B10F; #ID[4dfc90ec] = true; #ID[4eb7027e] = false; #ID[511030be] = true; #ID[51fa707c] = true; #ID[521e8314] = true; #ID[5311abc7] = false; #ID[53a88c27] = 0; #ID[53aece93] = true; #ID[58a6c554] = true; #ID[58d50c14] = false; #ID[591731be] = true; #ID[5923ab38] = false; #ID[5b23a27f] = 0; #ID[5bc01409] = 2.2; #ID[5ea89d00] = 40; #ID[5f07b175] = false; #ID[626e4c79] = true; #ID[662251d8] = true; #ID[66c67936] = 1; #ID[66d55137] = false; #ID[67488d9d] = true; #ID[69190cfb] = 3.1; #ID[702662e0] = high; #ID[743a4bf1] = low; #ID[74767430] = false; #ID[752a886b] = false; #ID[757a9c66] = true; #ID[781acd9a] = medium; #ID[7d5e6ac4] = 2; #ID[7d92b887] = 1; #ID[7ecedbbe] = true; #ID[7ef9c32d] = false; #ID[807d2fac] = 4; #ID[825d6573] = true; #ID[83fa86d9] = false; #ID[866b9087] = true; #ID[8b06e376] = 0; #ID[8e8e8d70] = 50; #ID[8ef8f895] = 0; #ID[8f6948e7] = 0.5; #ID[8fbb27ac] = default; #ID[8fe21a51] = 0.5; #ID[9012e3b2] = true; #ID[9d44dc7f] = 0; #ID[9df037a4] = 3.1; #ID[9e534104] = 30; #ID[9f681302] = true; #ID[9fdb92f0] = false; #ID[9fec9043] = false; #ID[a00c9715] = 0; #ID[a2a62bab] = 5; #ID[a35323d4] = false; #ID[a56e9325] = false; #ID[ab541828] = false; #ID[abd89f80] = false; #ID[ac6815e6] = false; #ID[ad0f8d89] = false; #ID[ad5cde98] = [512,512,]; #ID[ad6159c5] = false; #ID[ad7990f2] = true; #ID[adf9ff3c] = dlss; #ID[ae835dc5] = true; #ID[b2b9ea5a] = performance; #ID[b4ee0024] = false; #ID[b52a66bb] = [1024,1024,]; #ID[b751da36] = true; #ID[b8d08c04] = false; #ID[b9a6bef6] = false; #ID[baa2020c] = false; #ID[bb56c0e2] = 400; #ID[c088031f] = false; #ID[c0c7e4cd] = false; #ID[c31c500b] = [1280,720,]; #ID[c466aecd] = false; #ID[c561d863] = false; #ID[ce45eb78] = 0.5; #ID[cff8702e] = true; #ID[d864f17d] = true; #ID[db4e6091] = false; #ID[db72134e] = 0.625; #ID[dd043413] = true; #ID[dde3b7d1] = true; #ID[dfa3fe1f] = true; #ID[e081ef95] = true; #ID[e2f20722] = true; #ID[e3896b8a] = [256,256,]; #ID[e6bcf966] = true; #ID[e9250ef0] = false; #ID[eb6f2070] = false; #ID[ec4a90d8] = false; #ID[ec8fd018] = true; #ID[edd3c1c3] = false; #ID[f1179189] = true; #ID[f16839bb] = 0; #ID[f4fd9c6d] = [2048,2048,]; #ID[f876be85] = false; #ID[fcdb085e] = 1; 
<</Render Settings>>
<<Video Memory Status>>
Local Video Memory
	Available: 	8149 MB
	Used:      	7717 MB
	Reserveable:	6144 MB
	Reserved:   	0 MB
Non Local Video Memory
	Available: 	48154 MB
	Used:      	55 MB
	Reserveable:	24077 MB
	Reserved:   	0 MB
<</Video Memory Status>>
<<Plugins>>
CrashMonitor
gRPC
navigation
cjson
rule database
wwise_plugin
<</Plugins>>
<<Script Error>>[string "./../mods/extended_weapon_customization/scrip..."]:48: attempt to call method 'inventory_weapon_cosmetics_view_adjust_definitions' (a nil value)<</Script Error>>
<<Lua Stack>>  [1] ./../mods/extended_weapon_customization/scripts/mods/ewc/patches/inventory_weapon_cosmetics_view/lifecycle.lua:48: in function inventory_weapon_cosmetics_view_init
  [2] ./../mods/extended_weapon_customization/scripts/mods/ewc/patches/inventory_weapon_cosmetics_view.lua:59: in function hook_chain
  [3] ./../mods/dmf/scripts/mods/dmf/modules/core/hooks.lua:199: in function init
  [4] @scripts/foundation/utilities/class.lua:141: in function hook_chain
  [5] ./../mods/dmf/scripts/mods/dmf/modules/core/hooks.lua:199: in function new
  [6] @scripts/managers/ui/ui_view_handler.lua:811: in function _open
  [7] @scripts/managers/ui/ui_view_handler.lua:54: in function hook_chain
  [8] ./../mods/dmf/scripts/mods/dmf/modules/core/hooks.lua:199: in function open_view
  [9] @scripts/managers/ui/ui_manager.lua:604: in function open_view
  [10] ./../mods/extended_weapon_customization/scripts/mods/ewc/patches/view_element_grid.lua:48: in function pressed_callback
  [11] @scripts/managers/ui/ui_passes.lua:1157: in function draw
  [12] @scripts/managers/ui/ui_widget.lua:727: in function _draw_widget_passes
  [13] @scripts/managers/ui/ui_widget.lua:834: in function draw
  [14] @scripts/ui/view_elements/view_element_grid/view_element_grid.lua:489: in function _draw_grid
  [15] @scripts/ui/view_elements/view_element_grid/view_element_grid.lua:388: in function draw
  [16] @scripts/ui/views/base_view.lua:701: in function _draw_elements
  [17] @scripts/ui/views/item_grid_view_base/item_grid_view_base.lua:908: in function draw
  [18] @scripts/managers/ui/ui_view_handler.lua:673: in function _draw_views
  [19] @scripts/managers/ui/ui_view_handler.lua:336: in function draw
  [20] @scripts/managers/ui/ui_manager.lua:1102: in function render
  [21] @scripts/game_states/state_game.lua:900: in function render
  [22] @scripts/foundation/utilities/game_state_machine.lua:130: in function render
  [23] ./mod_loader:368:in function <[string "./mod_loader"]:367>
<</Lua Stack>>
<<Lua Locals>>  [1] self = table: 00000000162E3820; context = table: 0000000017228900
  [2] func = [function]; self = table: 00000000162E3820; settings = table: 0000000009034120; context = table: 0000000017228900
  [3] hook_chain = [function]
  [4] self = table: 0000000009546568; object = table: 00000000162E3820
  [5] hook_chain = [function]
  [6] self = table: 0000000007D80408; view_name = "inventory_weapon_cosmetics_view"; opening_duration = nil; context = table: 0000000017228900; settings_override = nil; active_views_array = table: 0000000007D804B8; active_views_data = table: 0000000007D80518; t = 66.656982985179766; view_list = table: 0000000009031E70; view_settings = table: 0000000009034120; use_transition_ui = true; view_data = table: 0000000017228A80; index = 4; path = "scripts/ui/views/inventory_weapon_cosmetics_view/inventory_weapon_cosmetics_view"; class = table: 0000000009546568
  [7] self = table: 0000000007D80408; view_name = "inventory_weapon_cosmetics_view"; transition_time = nil; close_previous = nil; close_all = nil; close_transition_time = nil; context = table: 0000000017228900; settings_override = nil; num_active_views = 3; has_active_views = true
  [8] hook_chain = [function]
  [9] self = table: 0000000004301A80; view_name = "inventory_weapon_cosmetics_view"; transition_time = nil; close_previous = nil; close_all = nil; close_transition_time = nil; context = table: 0000000017228900; settings_override = nil; view_is_available = true; view_settings = table: 0000000009034120; validation_function = nil; can_open_view = true; view_handler = table: 0000000007D80408; view_is_active = false; view_is_closing = false
  [10] self = table: 0000000006DEE120; view_element_grid = table: 0000000014940BB8
  [11] pass = table: 0000000016E59B48; ui_renderer = table: 0000000015E02200; ui_style = table: 0000000016E595D0; ui_content = table: 0000000016E55A58; position = Vector3(1696, 313, 6); size = Vector3(340, 60, 0); dt = 0.016674499999999998; pass_data = table: 0000000016E59B20; gamepad_active = false; was_hover = true; is_hover = true; cursor_name = "cursor"; input_service = table: 0000000007D1E6E8; cursor = Vector3(2506, 438, 0); inverse_scale = 0.75; scale = 1.3333333333333333; cursor_position = Vector3(1879.5, 328.5, 0); hover_type = nil; pixel_pos = Vector3(1696, 313, 6); pixel_size = Vector3(340, 60, 0); render_settings = table: 0000000014B60128; debug_hover_layer = 889; force_hover = nil; disabled = nil; force_disabled = false; use_is_focused = nil; is_selected = false; force_input_pressed = nil; pressed_last_frame = false; selected_last_frame = false; focused_last_frame = false; input_pressed = true; input_released = false; input_hold = true; right_input_pressed = false; is_held = false; on_pressed = true; on_released = false; on_right_pressed = false; on_double_click = false; double_click_timer = 0.20000000000000001; pressed_callback = [function]
  [12] widget = table: 0000000016E59A08; position = Vector3(1696, 313, 6); ui_renderer = table: 0000000015E02200; visible = true; ui_scenegraph = table: 0000000014943628; scale = 1.3333333333333333; widget_optional_scale = nil; passes = table: 0000000016E59AF8; style = table: 0000000016E57988; animations = table: 0000000016E5A788; content = table: 0000000016E55A30; size = table: 0000000016E599C8; widget_offset = table: 0000000016E59980; dt = 0.016674499999999998; render_settings = table: 0000000014B60128; previous_render_settings_alpha_multiplier = 1; previous_render_settings_color_intensity_multiplier = 1; alpha_multiplier = 1; color_intensity_multiplier = 1; render_settings_material_flags = 0; material_flags = 0; material_flags_w_hdr = 64; render_settings_world_target_position = false; pos_x = 1696; pos_y = 313; pos_z = 6; size_x = 340; size_y = 60; pass_transforms = table: 0000000008FEE5B8; i = 1; pass_visibility = true; pass_info = table: 0000000016E59B48; pass_type = "hotspot"; ui_pass = table: 0000000008FE04A0; content_id = "hotspot"; pass_content = table: 0000000016E55A58; style_id = "hotspot"; style_data = table: 0000000016E595D0; update = [function]; pass_data = table: 00<</Lua Locals>>
<<Lua Self>>  [1] _pass_input = false; _allow_close_hotkey = false; _context = table: 0000000017228900; _presentation_profile = table: 0000000015FA18A8; _preview_player = table: 000000000E125FB8; _presentation_item = master_item: [content/items/weapons/player/ranged/autogun_p2_m2] gear_id: [91a13b29-19ae-4633-a008-6b5b4396736b]; _parent = table: 00000000148865D0; _selected_item = master_item: [content/items/weapons/player/ranged/autogun_p2_m2] gear_id: [91a13b29-19ae-4633-a008-6b5b4396736b]; _promise_container = table: 00000000162E3938; customize_attachments = true; _max_zoom = 4; _widgets_by_name = table: 000000000F900C10; _widgets = table: 000000000F900BE8; _weapon_zoom_fraction = -0.45000000000000001; _ui_scenegraph = table: 000000000F900BC0; _is_loading = false; _event_list = table: 000000000F900C60; _local_player_id = 1; _weapon_zoom_target = -0.45000000000000001; _unique_id = "InventoryWeaponCosmeticsView_00000000162E3820"; _can_purchase_premium_items = true; _min_zoom = -0.45000000000000001; _always_visible_widget_names = table: 000000000BA9E578; _hub_interaction = false; _should_unload = true; _render_settings = table: 000000000F900C38; _using_cursor_navigation = true; view_name = "inventory_weapon_cosmetics_view"; _grow_direction = "down"; _starting_weapon_trinket_name = "content/items/weapons/player/trinkets/trinket_10a"; _equipped_weapon_trinket_name = "content/items/weapons/player/trinkets/trinket_10a"; _selected_weapon_trinket_name = "content/items/weapons/player/trinkets/trinket_10a"; _visibility_toggled_on = true; _element_to_pivot = table: 000000000F900CD8; _settings = table: 0000000009034120; _elements = table: 000000000F900C88; _elements_array = table: 000000000F900CB0; _definitions = table: 000000000F3DDC98; _ui_renderer = table: 000000000F9412E0; _is_own_player = true; _render_scale = 1; _loading = true; _memory_startup = 5106237440; _preloaded_package = true; _start_loading_time = 66.656982985179766; _has_initialized_navigation = false; _pass_draw = false; 
  [2] _pass_input = false; _allow_close_hotkey = false; _context = table: 0000000017228900; _presentation_profile = table: 0000000015FA18A8; _preview_player = table: 000000000E125FB8; _presentation_item = master_item: [content/items/weapons/player/ranged/autogun_p2_m2] gear_id: [91a13b29-19ae-4633-a008-6b5b4396736b]; _parent = table: 00000000148865D0; _selected_item = master_item: [content/items/weapons/player/ranged/autogun_p2_m2] gear_id: [91a13b29-19ae-4633-a008-6b5b4396736b]; _promise_container = table: 00000000162E3938; customize_attachments = true; _max_zoom = 4; _widgets_by_name = table: 000000000F900C10; _widgets = table: 000000000F900BE8; _weapon_zoom_fraction = -0.45000000000000001; _ui_scenegraph = table: 000000000F900BC0; _is_loading = false; _event_list = table: 000000000F900C60; _local_player_id = 1; _weapon_zoom_target = -0.45000000000000001; _unique_id = "InventoryWeaponCosmeticsView_00000000162E3820"; _can_purchase_premium_items = true; _min_zoom = -0.45000000000000001; _always_visible_widget_names = table: 000000000BA9E578; _hub_interaction = false; _should_unload = true; _render_settings = table: 000000000F900C38; _using_cursor_navigation = true; view_name = "inventory_weapon_cosmetics_view"; _grow_direction = "down"; _starting_weapon_trinket_name = "content/items/weapons/player/trinkets/trinket_10a"; _equipped_weapon_trinket_name = "content/items/weapons/player/trinkets/trinket_10a"; _selected_weapon_trinket_name = "content/items/weapons/player/trinkets/trinket_10a"; _visibility_toggled_on = true; _element_to_pivot = table: 000000000F900CD8; _settings = table: 0000000009034120; _elements = table: 000000000F900C88; _elements_array = table: 000000000F900CB0; _definitions = table: 000000000F3DDC98; _ui_renderer = table: 000000000F9412E0; _is_own_player = true; _render_scale = 1; _loading = true; _memory_startup = 5106237440; _preloaded_package = true; _start_loading_time = 66.656982985179766; _has_initialized_navigation = false; _pass_draw = false; 
  [4] __index = table: 0000000009546568; __class_name = "InventoryWeaponCosmeticsView"; __int<</Lua Self>>
<<Lua Upvalues>>  [1] get_mod = [function]; mod = table: 0000000006DEE120; master_items = table: 000000000258EF60
  [2] mod = table: 0000000006DEE120
  [3] get_hook_chain = [function]; orig = [function]; fn = [function]; get_return_values = [function]; _hooks = table: 00000000060ABB88; HOOK_TYPE_SAFE = 2
  [4] class_table = table: 0000000009546568
  [5] get_hook_chain = [function]; orig = [function]; fn = [function]; get_return_values = [function]; _hooks = table: 00000000060ABB88; HOOK_TYPE_SAFE = 2
  [8] get_hook_chain = [function]; orig = [function]; fn = [function]; get_return_values = [function]; _hooks = table: 00000000060ABB88; HOOK_TYPE_SAFE = 2
  [9] Views = table: 0000000009031E70
  [10] managers = 
	server_metrics
	transition
	frame_table
	chat
	data_service
	multiplayer_session
	backend
	stats
	video
	input
	event
	telemetry_events
	steam
	connection
	time
	profile_synchronization
	frame_rate
	save
	narrative
	dmf
	ui
	package
	account
	world
	loading
	dlc
	player
	font
	telemetry_reporters
	telemetry
	progression
	voting
	live_event
	localization
	achievements
	bot
	package_synchronization
	world_level_despawn
	mechanism
	grpc
	social
	url_loader
	imgui
	party_immaterium
	presence
	ping
	wwise_game_sync
	error
	mod
	token

  [11] InputDevice = table: 0000000007DBD550; UIPassesTestify = false; cursor_value_type_name = "Vector3"; NilCursor = table: 0000000008FDFA08; UIResolution = table: 0000000001533A08; calculate_outer_box = [function]; UIPasses = table: 0000000008FDF9E0; double_click_threshold = 0.20000000000000001
  [12] temp_render_settings = table: 0000000008FEE518; bit_or = [function]; GuiMaterialFlag = table: 0000000000E82138; UIScenegraph = table: 0000000008FD2B40; temp_pass_transforms = table: 0000000008FEE5B8; UIPasses = table: 0000000008FDF9E0; _handle_alignment = [function]; _handle_optional_scale = [function]; _rent_pass_transform = [function]; temp_clip_modified_uvs = table: 0000000008FEE5E0; UIWidget = table: 0000000008FEDED8; _return_transforms = [function]
  [13] UIAnimation = table: 0000000008FECAB8; UIScenegraph = table: 0000000008FD2B40; InputDevice = table: 0000000007DBD550; _draw_widget_passes = [function]
  [14] UIRenderer = table: 00000000022339C8; UIWidget = table: 0000000008FEDED8
  [15] Text = table: 0000000002235768; UIRenderer = table: 00000000022339C8; UIWidget = table: 0000000008FEDED8
  [17] UIRenderer = table: 00000000022339C8
  [18] UIViewHandler = table: 0000000009020350; TEMP_DRAWN_VIEWS = table: 00000000090206F8
  [19] TEMP_DRAWN_VIEWS = table: 00000000090206F8; _TEMP_TRANSITION_DATA = table: 00000000090205C8
  [21] time_name = "main"
<</Lua Upvalues>>
[Log end]
